F1;F2;F3;F4 ;F5;F6;F7;F8
1,376269446;0,220581176;0,044189025;-0,351679074;0,200909571;0,330762207;0,443254526;-0,004402697
1,029567237;0,192757958;0,135632058;0,022439314;0,036734042;0,390084105;-0,012095922;0,058786196
0,368554348;0,440187158;0,205808942;0,295927542;0,229861538;0,659283899;-0,143003677;-0,153450278
0,314499125;0,320695927;0,307379387;-0,29692304;0,158776676;0,234575331;0,112072236;-0,335853645
0,156229967;0,528452955;0,119216841;-0,022127969;0,225705502;0,247300135;-0,111544874;0,151970602
-0,359735367;0,435700169;0,057216787;0,2943645;0,208430972;0,486141185;-0,120144184;-0,381678573
-0,325857554;-0,119373258;0,492352861;0,271937897;0,050900642;0,155876197;-0,16051706;-0,169638133
-0,283638149;0,31410784;0,135946523;0,107793609;0,040567362;0,055539463;-0,286062186;0,00876656
-0,092120072;0,13697803;0,226935813;-0,284459711;-0,051689837;-0,157511261;0,098619336;-0,210226
0,039795745;0,236957746;0,211742434;-0,189429896;-0,08928547;0,002007777;-0,046869382;0,006549068
-0,379191269;0,15068968;0,386301366;-0,006941453;0,04723215;0,056873971;-0,182399691;-0,176836035
-0,488990426;0,285448529;0,361621062;-0,466241796;0,134921404;-0,217411531;0,232009378;-0,13867061
-0,456624232;0,086044869;0,335588543;-0,15229633;-0,129002148;-0,130441024;0,124095013;0,004024206
-0,20527094;0,085591033;0,144133591;0,032216012;-0,198976369;-0,009518649;0,036455069;-0,108744668
-0,21705988;0,079876216;0,084593326;-0,150537031;-0,173265658;-0,195603793;-0,041012804;-0,294009188
-0,200785213;0,09100433;-0,007411963;0,245173888;-0,208710477;0,096455921;-0,074160813;0,245452032
-0,038974628;0,076818505;0,005954744;0,100247005;-0,048362648;0,146995737;0,033533638;0,006497147
-0,144556166;0,068333912;0,068755772;-0,153848277;-0,035774767;-0,093007913;-0,04648533;0,045396466
-0,087845061;0,034947819;0,114669693;-0,126559158;-0,071527173;-0,014350298;-0,21014103;-0,013172622
-0,164324241;0,008730773;-0,04400566;-0,165067826;-0,146717098;-0,08050338;0,045133266;-0,051713029
0,122314021;-0,117048091;0,049261226;-0,138928566;-0,128734064;0,05945043;-0,267243217;-0,189357779
-0,400421974;0,047934945;0,206716948;-0,197578441;0,212682729;0,067050637;-0,317899367;0,030072938
-0,339103818;0,161613926;0,078109513;-0,358866458;0,107050663;-0,004230203;-0,105298934;-0,066069314
-0,12199231;-0,077855983;-0,064742833;0,082496394;-0,303828899;0,03852655;0,068648899;-0,005064473
-0,52928048;0,176340973;-0,105537191;-0,015845869;-0,019877069;0,079566042;-0,363053925;-0,184386402
-0,609100163;-0,208600959;0,29782153;-0,171562358;-0,096894064;0,028266481;-0,030616613;-0,050494363
-0,458735281;-0,047261957;0,014556279;-0,165976325;-0,144500888;-0,098426207;-0,18730507;-0,014163995
-0,484665883;-0,184578276;0,059302335;0,003464135;-0,110975381;0,10086969;0,069685356;-0,028038846
-0,423631137;-0,09120087;-0,029727073;-0,197238078;-0,0316731;-0,022460958;-0,129677768;-0,028392701
-0,295047178;-0,092379557;-0,046017078;-0,188190472;-0,215296418;0,058201001;0,024140433;-0,051395929
-0,271068606;-0,216454817;-0,102294736;-0,026038262;-0,181253943;0,134039472;-0,058686536;-0,08833357
-0,337872622;-0,205445636;-0,098367357;-0,094011078;-0,066773385;0,022146384;-0,024604484;-0,073377467
-0,38565249;-0,147358776;-0,112023677;-0,016616697;-0,140944141;0,172850786;-0,106581418;-0,083195533
-0,351716922;-0,021338833;-0,256021002;-0,234977766;-0,144872547;-0,008803904;-0,021701422;-0,048993708
-0,496519064;-0,212786774;0,033772413;-0,186019231;-0,076106131;-0,030271586;0,030528963;0,17573823
0,159194627;-0,379776569;-0,371641266;0,129070343;-0,601801946;-0,013186094;-0,009395158;-0,004430004
-0,462347399;-0,076616844;-0,033465615;-0,108359219;0,084852118;0,075713049;-0,048267624;-0,093324918
-0,709368029;0,036323613;-0,059173628;-0,199913535;0,169473354;0,013247993;-0,296625762;-0,066115524
-0,842959738;0,035574972;-0,062149658;-0,269400856;0,057629316;0,043478405;0,07607906;-0,101752387
-0,427574476;-0,197499816;-0,183260975;-0,056108208;-0,134918262;0,055455212;0,288348916;-0,111975395
-0,604662075;-0,192848131;-0,192350802;-0,103803289;-0,114138532;-0,007792189;0,012201638;0,052893687
-0,190444268;-0,392826726;-0,176292808;-0,06206112;-0,25019857;-0,011632513;0,044261522;0,252550348
-0,418319248;-0,135987221;-0,09737741;-0,384365111;-0,015871532;-0,169199608;0,259070534;0,208013181
-0,385724979;-0,114309984;-0,313290321;0,065804888;-0,106865027;0,059430345;-0,038857945;0,188372176
-0,58450492;-0,249054732;-0,281467942;0,09565757;-0,02276818;-0,006602827;-0,016742106;0,154029554
-0,628280641;-0,538912837;-0,190666191;0,308564536;-0,052902165;0,076579852;-0,12495129;-0,247095684
-0,385967588;-0,337209821;-0,228742598;-0,013183633;0,008926967;0,047596651;0,014177124;-0,012373878
-0,114827466;-0,105663473;-0,391697985;0,046319412;-0,068694464;-0,028953258;0,293554874;0,035402985
-0,196262654;-0,164319248;-0,293023765;-0,005365026;0,075909277;-0,118275921;0,015691911;0,0019814
-0,42103878;-0,156996617;-0,24026894;-0,102081793;0,116067945;-0,023766759;0,031515583;-0,042519301
0,394236479;-0,384979378;-0,493887355;-0,027358131;-0,405115807;-0,05994486;0,198052885;-0,033781508
-0,554001052;-0,134553971;-0,162506114;0,05472213;0,245500151;0,080441753;-0,125736019;0,14711506
-0,053268766;-0,422436494;-0,252997937;-0,342493278;0,089319346;-0,245178907;0,015009345;-0,088411117
-0,001082631;-0,305590909;-0,424709461;-0,075941885;0,074507194;-0,0684306;0,048425057;0,23752287
0,18307835;-0,311367783;-0,441783833;-0,026159007;0,150939759;0,269894297;0,371878628;-0,052557434
-0,224866554;-0,201331396;-0,336272265;0,264750218;0,133455112;0,294142982;0,148407792;0,159556263
-0,285855139;-0,571668677;-0,500205528;0,769967614;0,224923225;0,449849815;0,047394225;0,025842011
0,087251622;-0,304579485;-0,391360757;0,247282131;0,187949229;0,193166839;0,035159241;-0,172043746
0,139635199;-0,186070716;-0,408515507;-0,145654531;0,43677631;-0,042433873;0,068423327;0,222021466
-0,024911401;-0,002853725;-0,622813724;0,073595507;0,459795193;0,0909929;0,116744749;-0,021553206
-0,091649044;-0,306812576;-0,346735822;0,806546381;0,073316896;0,517801422;0,349075766;0,282592286
0,244527446;-0,565127899;-0,581108246;1,03284964;0,26487701;0,276881352;-0,211318936;-0,089659901
1,404625982;-0,92731891;-0,446149764;-0,393567184;0,921481925;-0,42535406;-0,024868932;-0,070195405
1,691569584;0,00770566;-0,420517846;-1,051846418;0,367435009;-0,625082395;0,032771131;0,123380866
1,036820301;0,073025858;-0,163427347;-0,686178217;0,423726414;-0,061715902;0,143447153;0,097921939
0,523772461;0,067590991;-0,061497117;0,068180651;0,271071638;0,650657507;0,290833951;0,121222449
-0,338328315;0,233725226;-0,181880302;0,563584414;0,008920104;0,577878129;0,184103369;0,029577531
-0,537550776;0,100696257;0,004419581;0,440371449;0,186306824;0,50873671;0,104943239;0,322777646
-0,603459114;-0,041406173;-0,118005107;0,387058157;0,302362655;0,341374282;0,202403615;0,196308867
-0,602892364;-0,186271902;-0,336762342;0,686671183;0,382746529;0,405172676;0,295385656;0,197213612
-0,287160897;-0,67260039;-0,599912886;0,575579165;0,644162079;0,03884999;0,163908058;0,144843405
0,305622332;-0,368637985;-0,854174693;-0,283279515;0,845391834;-0,306965103;0,092381181;0,053203456
0,222168823;-0,291083007;-0,387494711;0,326138924;0,173067334;0,005134155;-0,033423514;-0,272548016
0,191731569;-0,214695903;0,061702408;-0,369628136;0,388021127;-0,285276417;0,038270715;-0,033418112
-0,099760419;-0,359868654;-0,16667773;0,348059063;0,268842744;0,129686889;0,248184378;-0,042398026
-0,194515949;-0,330084456;-0,473125866;0,894852808;0,498325014;0,351635329;0,174556629;0,073076491
0,397689161;-0,376330686;-0,551334503;-0,219180149;0,863898245;-0,596151606;0,056934119;-0,013190119
-0,037682046;-0,334102201;-0,597658425;0,574699735;0,706220837;0,013645504;0,059914165;-0,041683578
0,229350367;-0,228086835;-0,195059938;0,507813902;0,463949785;0,170783527;0,191662428;-0,003867466
0,635975468;-0,093993907;-0,194099377;0,255983819;0,075278821;-0,187114563;-0,457064929;0,023697094
0,860354657;-0,156602729;0,131552854;-0,230980747;0,320293428;-0,213791334;-0,099465511;-0,004947979
1,202505017;0,16440987;-0,10616549;-0,877795058;0,5213027;-0,68462877;-0,190232279;0,013769488
0,951409842;-0,017064751;0,029839355;0,181636433;0,025186111;0,192314114;0,061584492;-0,042483905
0,851652996;-0,04664001;-0,236108032;0,954933305;-0,242630606;0,610615065;0,153113055;0,124868052
-0,108566374;0,233856968;0,237432682;0,572410037;0,875151319;0,474548312;-0,177961385;-0,281397849
0,854888792;-0,128070152;0,017054371;-0,198039825;0,448792994;-0,133942311;-0,199640479;-0,03488216
0,756717741;0,098378279;-0,198566879;0,09967492;0,378182525;0,231838793;0,183726272;-0,068658284
0,580894973;0,423302063;-0,456607379;-0,177048433;0,482002449;0,088520395;-0,143460711;-0,095864487
0,618446103;0,067630125;-0,23448011;0,685557577;0,19814098;0,446601216;-0,329594486;-0,173592234
0,773552737;-0,011553148;0,353445262;-0,28921383;0,326283565;0,165707945;-0,084071528;0,050248906
1,021792276;0,121428867;0,371691575;-0,685601185;0,136756188;-0,229836109;-0,157446869;-0,231017233
0,656897684;0,349244565;0,155131127;-0,475420035;0,354025004;0,194237715;0,321207609;-0,071274572
0,964175541;0,412462264;-0,143503762;-0,686823193;0,312393985;0,022563495;0,128788693;-0,073244467
0,600920284;0,079533524;0,207483426;-0,320847429;0,256905524;0,348700772;0,087064644;-0,095419644
0,420472408;0,03557402;0,169749088;-0,258024848;0,058591042;0,126671416;-3,99E-03;0,217531129
-0,254932438;0,517965153;0,097891478;-0,329742305;0,295270515;0,154482708;-0,235144466;0,111211383
0,176107582;-0,015720005;0,109847452;0,081902862;-0,21044338;0,377947728;0,215383647;0,002025417
-0,214103165;0,280047917;0,131650334;-0,081260044;0,174001156;0,322963063;0,173497918;-0,17635556
-0,352033467;0,409074753;-0,136136061;-0,151985362;0,115024431;0,045057685;-0,042349594;0,040177157
-0,303441236;0,083896648;0,191139267;-0,25138736;0,114679233;0,082674155;0,136124676;0,080958007
-0,54765372;0,022133173;0,062536393;0,177278548;-0,016835885;0,334491549;0,165206441;-0,164477151
-0,721867294;0,088574627;0,057811303;0,140137887;-0,092775547;0,124402596;8,90E-03;0,042010099
-0,336872688;-0,125124153;0,043424968;0,216384295;-0,241365895;0,128119913;-0,162118065;0,072062811
-0,785598092;0,082532944;0,186601205;-0,317264933;0,149173357;-0,251587162;0,03304384;-0,109778176
-0,424778526;-0,046262877;0,111309633;-0,21843202;-0,119270266;-0,292259317;0,044006927;0,127274458
-0,483931512;-0,122101164;0,058183;0,057007758;-0,168440456;-0,083195882;0,050059262;-0,107910149
-0,497391732;-0,100192614;0,089985343;0,069364893;-0,269117186;-0,101217575;0,11048373;-0,093953463
-0,694147667;0,275909701;-0,082085726;-0,236133483;0,105754275;-0,098470426;-0,12683392;-0,052065519
-0,57851031;-0,233007103;-0,063686887;-0,088817733;-0,269842244;-0,173702384;-0,128567885;-0,016426052
-0,37482947;-0,238887163;0,083891744;0,172180212;-0,20735461;0,087617741;0,026120618;0,179813918
-0,415992649;-0,156199793;-0,039496491;0,100799476;-0,181189069;0,034825224;-0,012370584;-0,112948649
-0,402120043;-0,164342089;0,092474086;0,277019475;-0,243478189;0,248642143;0,123498611;-0,199410332
-0,398310808;-0,190446614;-0,000359348;0,055565914;-0,24657801;0,025753695;-0,051628389;-0,134588488
-0,184198369;-0,098027618;-0,113229026;0,060191057;-0,089569873;-0,013473241;-0,059339161;-0,203485199
-0,00210219;-0,027793623;-0,074197475;-0,340762037;0,047560438;-0,115730954;0,327908977;0,045767432
0,037181849;-0,161227812;-0,018935859;-0,231264879;-5,31E-02;-0,033941515;0,043624102;-0,320632003
0,057865307;0,055891335;0,049747945;-0,376132456;-0,035232524;-0,129875917;-0,27378127;-0,266030751
-0,04135331;0,017887548;0,139365163;-0,69843477;0,098188521;-0,214624938;-0,109661108;-0,148818356
0,08510024;0,007201602;0,177038443;-0,263962555;-0,122702218;0,017276203;-0,213226514;-0,222647466
0,053833077;0,092483689;-0,062705832;-0,273069333;-0,172463558;0,084485603;0,138462228;-0,256602669
-0,035858594;0,188312231;-0,054939499;0,044202185;-0,102121814;0,389020254;0,104970237;-0,223000326
-0,236569557;-0,050772344;0,117382479;0,064614522;-0,206509387;0,371975619;-0,063161839;-0,193896644
0,251704367;0,004876207;0,057381488;-0,562239738;-0,201209128;-0,033409256;-0,058168314;0,113758085
0,048139029;0,065010882;0,152808123;-0,549530711;5,49E-05;0,001138113;-0,040672913;-0,174907133
0,242133398;0,055261058;0,060284997;-0,611824808;-0,067860022;-0,114054437;-0,108577268;0,062315697
0,089854983;0,029883764;-0,118196334;-0,202954533;-0,127486016;0,222321784;0,095489532;0,152778026
-0,135614686;-0,015024494;0,023278007;-0,155526957;-0,040466154;0,210235987;-0,093792451;0,007431468
-0,088805532;-0,042108592;-0,003130598;-0,131841623;-0,068636729;0,24263781;-0,136999484;-0,24393315
0,071496782;0,04438111;-0,251238247;-0,290693018;-0,217648702;-0,020729622;-0,068431612;0,32420961
-0,10063649;0,169318165;-0,027577284;-0,393972563;0,018496458;0,043038706;0,101348245;0,123108017
-0,104228455;-0,033713218;0,002501325;-0,438990741;0,175609615;0,076907979;0,036910252;0,087106592
-0,209872913;-0,073891227;0,023527659;-0,226719224;0,129206811;0,191565449;0,009063461;-0,015405075
0,333657868;-0,400925267;0,1865675;-0,503085419;-0,020588709;0,111484523;0,202539608;0,257050135
0,248908567;-0,228836909;0,102527908;-0,743232611;-0,026338419;-0,106601092;0,144218728;0,02533346
0,003548303;0,124321755;-0,174160166;-0,576071051;0,0052201;0,036740697;-0,090629565;-0,144727065
-0,099631749;0,364805551;-0,538465078;-0,088894938;-0,192161729;0,230777579;-0,180976741;0,017053573
0,119735536;0,024891594;-0,124264609;-0,117030148;-0,085539196;0,365014374;0,077436074;-0,008262226
-0,066057127;-0,299575673;0,220044867;-0,502314749;0,127760427;-0,013932905;-0,156285971;0,027572036
0,023915409;0,133804033;-0,19887887;-0,352979522;-0,094470464;0,055021132;-0,067354804;0,00977114
-0,18191623;0,115918029;-0,12187774;-0,183578279;0,033999715;0,190894832;-0,200674714;-0,284431685
0,039703237;-0,226391787;0,085534575;-0,112379133;-0,133323715;0,064653974;-0,042914929;0,063454973
-0,077168191;0,025466452;-0,03478211;-0,130288963;0,023783327;0,170181541;0,030008922;0,029854047
-0,321925209;0,042504365;-0,106647603;-0,262480821;0,224291341;0,22962452;-0,094623274;-0,006873955
0,15675332;0,070110341;-0,480479111;-0,258085372;-0,24805353;-0,10031366;0,180656709;0,337800725
-0,500223749;0,101671849;0,138892699;-0,246648657;0,305795974;0,246235977;0,234756835;0,137792154
-0,145148319;-0,127042301;0,003153706;-0,207728803;-0,072614583;0,076881671;0,13691459;0,11305517
-0,320330229;-0,037471443;-0,171811412;0,107231492;-0,180720095;0,136272654;-0,036505973;-0,000172147
-0,356164613;-0,145008815;0,01103863;0,195255349;0,007032906;0,19661632;0,035727586;0,203664942
-0,157974464;0,046060947;-0,086244386;-0,0853246;-0,018067738;0,030128193;0,055659611;-0,079825369
-0,324294595;-0,061489178;0,097516964;-0,128084624;0,030495514;-0,011941038;0,121497897;-0,147260586
-0,325143825;0,116413213;-0,088217593;0,035993508;-0,091604626;0,106741614;0,139456659;0,15901898
-0,323714382;-0,211909453;0,015741799;0,27450188;-0,239904689;0,111875157;-0,052679863;0,241658286
-0,502849422;-0,204072557;0,054718512;0,164052533;-0,02375949;-0,134327983;-0,547313669;-0,018054922
-0,115977635;-0,131992505;0,020342671;-0,281795122;-0,102166193;-0,401504508;-0,561076246;0,262019889
-0,293720225;-0,1061819;0,11962729;0,005270889;-0,089024364;-0,100386229;-0,024449898;0,170696014
0,109437463;0,139364292;-0,117893903;-0,159824048;-0,057901888;-0,137181343;0,084603838;0,059705715
-0,2110705;-0,058834281;0,121838938;-0,318332038;0,119350727;-0,172419543;0,130185479;-0,267212494
-0,187661121;0,124468476;-0,126018679;-0,131551937;-0,089758457;0,031626105;0,067088449;0,093218819
-0,357930874;0,035752333;-0,171110828;0,142467614;-0,169684881;-0,031309526;-0,128264109;0,165252355
-0,049027978;-0,254556811;0,07519105;0,198582926;-0,110258938;0,125913289;0,068422053;-0,029636149
-0,303157051;-0,019128883;-0,116770207;-0,030320123;-0,06026741;-0,067305244;0,223667043;-0,139367459
-0,114495095;-0,109630569;-0,157972468;0,197487552;-0,089123181;0,059129823;0,041282514;-0,150429776
-0,131849034;-0,215025262;0,013232531;0,195645052;0,010274179;0,166811564;-0,026414697;-0,028495562
-0,065797567;-0,028291165;-0,131286392;-0,103692857;-0,033044517;-0,118961076;0,060233408;0,074648829
-0,222250534;-0,0249424;0,033582961;-0,254990905;0,121062414;-0,078163055;0,111948373;0,206965775
-0,191236039;-0,157399979;-0,107219315;0,022326955;-0,157072667;-0,058366324;-0,094147514;0,096380986
-0,307436691;-0,028908181;-0,149515032;0,102551211;0,019625264;0,106619848;0,110189705;0,109479636
-0,252950303;0,016980148;-0,215385706;0,024382148;0,063530451;0,049825998;0,116825828;-0,247826621
0,012772402;-0,333646734;-0,097582128;0,064827892;-0,134510283;-0,087361135;0,267886333;0,003408464
-0,079807524;-0,14607479;-0,211429891;0,228375426;0,052746567;0,038346434;-5,75E-05;-0,11422158
0,013230541;0,113259353;-0,341413831;-0,055556149;0,148757463;-0,047510616;0,019307093;-0,059470043
0,331181139;-0,374108081;-0,04679626;-0,112342036;0,124581311;-0,071809413;0,243134773;-0,233820496
0,25559828;-0,306110705;0,012631845;-0,329530899;0,300600641;-0,158076783;0,011455176;-0,156711663
0,454906264;-0,150647354;-0,277260228;-0,299385981;0,051347948;-0,141217106;0,168805857;0,151343425
-0,088728301;-0,097793243;0,093113124;-0,045703037;0,398645071;0,137534529;0,10750579;-0,073575418
0,24612091;0,08286681;-0,329644944;0,0753762;0,120585665;0,120110028;-0,001085877;-0,109618759
0,256664499;0,004630032;-0,292636702;-0,12180652;0,072064828;-0,04411971;-0,091142341;0,118889136
0,073242616;-0,195299825;0,011351631;-0,077595298;0,284248402;0,048688688;-0,109615395;-0,052385597
0,085284403;0,093143474;-0,113044128;-0,081945361;0,220172471;0,060316889;-0,047616751;0,176500349
-0,056657229;0,204647195;-0,666300725;-0,033765594;-0,143018897;0,10623473;0,012829414;-0,306133145
-0,13996566;-0,356622051;0,41689653;0,094506809;0,305187038;0,195963052;-0,149142599;0,254304893
-0,042263421;0,024239588;0,039906194;0,103877277;0,149852199;0,165951649;0,093056948;-0,077934478
0,320202857;-0,166836103;-0,003321509;0,070437783;-0,035201278;0,052024504;0,047250191;-0,072197956
0,117950959;1,12E-01;-0,014401549;-0,004831907;0,187030707;0,072154988;0,060375986;0,210745271
0,136079958;0,227612876;-0,102478589;-0,06671794;0,148328413;-0,064103608;-0,090678985;0,061848922
0,360447048;0,014718355;-0,089191188;-0,037146703;0,13638997;0,021198696;0,054352659;0,214446741
0,282919989;0,275051742;-0,441999766;0,206970328;0,064036884;-0,043525463;-0,510914027;0,257595158
0,371638004;-0,07486623;-0,046131476;0,228345618;0,190831052;0,055826533;-0,282874173;0,19425927
0,552747574;-0,095964409;-0,136416852;0,098180049;0,08172018;-0,099392261;-0,100298567;0,194017908
0,854087232;-0,365165409;0,203260612;-0,076983623;0,099667543;0,108665902;0,181912686;0,030868219
0,573689779;0,09222455;0,070576782;-0,018403006;0,175054281;-0,050924528;0,170016848;-0,048790399
0,694392352;0,263009506;-0,096008183;0,106943139;0,179385444;-0,062267548;-0,118857902;0,088382037
0,808542758;0,06001584;0,362689869;-0,250455372;0,207709854;0,126047856;0,321088018;0,079932162
0,582174445;0,205261712;0,151761957;0,227220595;0,090328933;0,362206617;0,121935907;-0,380353044
0,341458383;0,472947626;0,051876509;0,062342448;0,174459107;0,131636001;-0,093069487;-2,29E-03
0,229047191;0,407679927;0,115486482;0,106660982;0,242049471;0,165072423;-0,261684255;0,054649008
0,076512412;0,13257297;0,3630511;0,241537766;0,200195526;0,255851436;-0,09605097;-0,042225817
0,114695647;0,246826279;0,200246461;0,0785753;0,090000603;0,049683988;0,061364624;0,163828927
0,302231516;0,278120296;0,05122911;-0,104537448;0,002550116;-0,162835484;-0,019639022;0,046122287
0,042169372;0,262134797;0,197474387;-0,008253368;0,140327013;-0,115630182;-0,164390691;0,253143405
0,344149492;0,073693114;0,165820479;-0,015970923;-0,019903847;-0,066992405;-0,073824946;0,089826051
0,330651693;0,271299425;0,012687044;-0,067022742;0,027900741;-0,07836798;-0,180876817;0,121462892
0,50259215;0,007468554;0,191233325;-0,178640026;-0,022710108;-0,108977345;-0,03799936;0,060218853
0,376834186;0,199564257;0,238090187;-0,218780565;0,089778301;0,173938451;0,320703125;-0,108185436
0,004750949;0,308502226;0,088760555;0,176358409;-0,004633824;0,159415716;-0,188452402;0,027198294
-0,146584078;0,245587332;0,227963533;0,261477571;0,020578098;0,25128383;-0,061052987;-0,032549123
-0,00113034;0,296179122;0,240876969;-0,023385468;0,077216515;-0,030678215;-0,023121002;0,043393222
0,041744359;0,228732253;0,197458204;-0,042300168;0,012023647;0,001136938;-0,056378909;0,163492251
0,173150404;0,187033871;0,088161972;0,019508333;-0,08329063;-0,013511108;-0,088502416;0,155135868
0,077499315;0,268689112;0,284830364;-0,252371308;0,084830144;-0,176363743;-0,17223929;0,19580382
0,27102417;0,070092771;0,15989881;-0,085603793;-0,191547816;-0,076260249;0,036669858;0,05075344
0,201391726;0,154058201;0,149416214;-0,015854247;-0,006810862;0,019689328;-0,108016051;-0,067234583
-0,054826639;0,261412255;0,17634727;0,201555141;0,02122422;0,135057774;-0,231245228;-0,078846182
-0,025451707;0,098526634;0,333205752;0,278978064;-0,11062084;0,258468007;0,137873973;-0,301790015
-0,078058494;0,212351394;0,341717923;-0,103471367;-0,016755572;0,059370325;0,197139492;-0,029973466
-0,037843093;0,266698819;0,081328319;0,04178556;-0,13820605;-0,086731441;-0,133826068;-0,057820586
-0,050351754;0,179358354;0,215709747;-0,093832084;-0,079941068;-0,145178935;2,97E-03;-0,073869719
0,254282168;0,063343902;0,144091437;0,01792541;-0,13700235;-0,128272552;0,027136112;0,163884006
-0,017974328;0,210962668;0,076170465;-0,070948714;-0,05617452;-0,091084373;-0,147952724;0,039912725
0,083839288;0,056684851;0,141833428;-0,018581661;-0,146262218;-0,031939421;0,041971627;-5,69E-02
0,085823498;0,024597195;0,250273744;0,050177846;-0,030263461;0,145967225;0,038628668;-0,110967706
-0,017902604;0,155670372;0,093064282;-0,035599882;-0,039118693;-0,036789362;-0,069960144;-0,193259874
0,105257367;0,165536203;0,105801849;-0,10872247;-0,125130098;-0,024609321;0,024258666;0,006208181
-0,057099463;0,096165128;0,15257644;-0,129129036;0,019216167;-0,075378016;-0,076641995;0,053968128
-0,189866286;0,330134988;-0,058435622;0,029297613;-0,054146757;0,039684822;-0,089108456;-0,141453157
-0,139092811;-0,055207636;0,279380792;0,126454796;-0,124046195;0,128894898;0,021033711;-0,060523731
-0,29225624;0,00384347;0,286628561;-0,093601302;-0,0772319;0,012992416;0,095616532;-0,08207378
-0,04093804;0,18379441;0,034364851;0,019823652;-0,090282331;0,033458247;0,080173664;-0,007786487
-0,124273695;0,175084912;-0,011730365;0,135056137;-0,16396196;0,093558269;0,013514486;0,041748982
-0,435233038;0,099482006;0,19727732;0,1946679;-0,191972324;0,108047874;-0,177951898;-0,068636097
-0,313366436;-0,063156777;0,251985441;0,241107762;-0,275694112;0,055410286;-0,112232497;0,001971122
-0,351625801;0,120790719;0,094597565;0,160731386;-0,274335343;0,001422222;0,094285709;0,085963937
-0,235362928;0,149770545;0,025761094;1,21E-02;-0,184193659;-0,120706224;-0,068684427;0,057679196
-0,164907945;0,059820048;0,072522348;0,057248008;-0,328373459;-0,121862815;-0,048162602;0,158496928
-0,339684787;0,143407102;0,135393974;0,014388525;-0,045103655;-0,00606257;0,075097165;-0,078221332
-0,234969286;-0,110649176;0,212172818;0,075031065;-0,231193914;-0,054697734;0,119258867;0,082504175
-0,369836842;0,137831331;0,190767822;0,166497229;-0,155727296;0,058242851;-0,003770079;0,197516083
-0,380155769;0,061205134;0,010265876;0,210526269;-0,30544241;-0,1051252;-0,04681354;-0,085008876
-0,369103881;0,046217325;0,248267229;0,152692392;-0,15735992;0,01158334;-0,064958456;-0,114648648
-0,124411258;0,088606957;0,050958653;0,015284562;-0,252244153;-0,174507045;0,050329777;3,42E-02
0,036906291;0,018667982;0,020837232;-0,064158805;-0,109255939;-0,193595779;0,151311856;0,146972656
0,069007665;-0,013876705;0,058335742;-0,157503269;-0,046108042;-0,245265923;-0,040363895;0,195727922
0,206752203;0,090294966;-0,19101359;-0,113771195;-0,07282381;-0,134520597;0,023320102;0,114660678
0,183134183;-0,020900383;0,141761053;-0,142097703;0,166205485;-0,036106689;0,009170771;0,064118649
0,034596828;0,019577126;0,031745483;-0,243279794;0,124484593;-0,180805516;0,024325485;-0,080277713
0,216132653;-0,083331608;-0,051186522;0,006700093;-0,056686126;0,070248971;0,188245238;0,029090707
-0,201485414;0,133466318;0,053006807;0,116545535;0,226879303;0,183739585;-0,110017339;-0,192581591
-0,045652752;0,010572734;0,05399244;-0,129383575;0,15666247;-0,048678965;0,016193137;-0,048876596
0,188957475;0,010527519;-0,147333532;-0,074484533;-0,074580194;-0,057206682;0,071779725;0,040828569
0,12037714;-0,080401422;0,069391802;-0,099424897;0,134790999;0,09213735;0,004142888;-0,116431292
0,024337621;0,178675903;-0,066594025;-0,13692105;0,155419466;0,048188588;0,03539356;0,001256132
0,408352073;-0,070126141;-0,269558356;-0,021176473;-0,092894929;0,009941122;-0,060737312;-0,038336059
-0,231051629;-0,001031256;0,242076092;-0,161085223;0,325386015;0,112800714;0,069869095;-0,193671939
0,03014576;0,0879843;-0,176599527;0,142180125;-0,059808837;0,241391246;0,051615571;-0,044575483
-0,172439958;0,088764013;0,080352761;0,088265718;0,095538806;0,20328994;-0,155281342;0,138649687
-0,173971932;-0,041863962;0,151230799;-0,018389471;0,072467903;0,120929944;0,073381858;-0,145840336
-0,24434395;0,016956574;0,224348655;0,002786332;-0,060421362;0,053649992;0,059838392;0,01233117
0,025790678;-0,027496908;-0,077831629;-0,000760014;-0,097630874;0,005513301;-0,121521636;-0,065055402
-0,05429572;0,09042199;0,11388825;-0,175570416;-0,076073635;-0,052646816;0,071269671;0,028409378
-0,202516154;0,176927306;-0,036161323;0,05656808;-0,00333566;0,117215041;-0,02926675;-0,034398485
0,075889692;0,038875838;0,005455336;-0,199859276;-0,023607392;-0,068367468;0,152405293;-0,138479093
-0,179131461;0,110056546;0,103401467;-0,22577748;0,078095105;-0,071928386;0,025219182;0,103868342
-0,082659556;0,005890484;0,073737381;0,060186925;-0,049556486;4,61E-03;-0,063224338;-0,075115581
-0,061015716;-0,002359374;0,084042928;0,09602826;0,00918231;0,143435832;0,20845961;-0,059251718
-0,289823124;0,093807535;0,206326469;-0,072042628;0,165112478;0,07389397;0,088133432;-0,092230293
-0,218491923;-0,083724786;0,140838693;0,106447982;-0,051280606;0,064509156;-0,086317022;-0,091184159
-0,049076994;-0,096058463;0,000684808;0,14817306;-0,182508188;0,035020934;-0,051659218;-0,118979257
-0,113127021;0,102116548;0,071452943;-0,211618747;-0,016319802;-0,110599191;0,205513344;0,164826925
-0,122093499;0,124669115;-0,019889802;-0,198909413;0,006140646;-0,123016858;0,09277119;0,021617316
-0,215772622;0,070108378;0,083448262;-0,163611916;0,14009179;-0,010553175;0,17443359;-0,009347699
-0,210695015;0,091333011;0,021858691;0,064823191;-0,030320539;-0,0686612;-0,164498372;-0,004111707
-0,265799822;0,040406895;-0,009278584;-0,090281186;0,108882196;-0,025178423;-0,001735295;-0,064583155
-0,277359544;-0,042000036;0,08857603;-0,122328914;0,059981836;-0,127352573;-0,036294502;0,100064747
-0,307546243;-0,12839825;0,128204504;-0,081623048;0,017787302;-0,121352355;0,032102039;-0,008013731
-0,05422492;-0,12033536;0,036741002;-0,012759387;-0,004311386;0,018125913;-0,008814551;-0,194674653
-0,122657169;-0,076081806;0,022961125;-0,16578775;0,039743338;-0,135013336;0,030644886;-0,048160508
-0,081114726;-0,007812171;-0,044484337;-0,160503335;-0,037319319;2,96E-02;0,217987038;0,062252463
0,021082409;-0,090613125;-0,052791089;-0,075537557;-0,057219484;7,30E-02;0,106150721;-0,077941198
-0,163006061;0,057418891;-0,06721453;-0,123218062;-0,095855769;-0,05467369;0,147753622;-0,167303916
-0,122394891;0,02847737;-0,081534117;-0,034083474;0,060786672;0,075539497;-0,078682992;-0,057811393
0,253263483;-0,256067684;-0,030466582;-0,112757664;-0,05578373;0,110959714;0,058834092;-0,293856106
0,234488615;-0,002665702;-0,245820124;-0,139256699;-0,128702173;0,149589089;0,144668706;-0,122504174
-0,450910353;-0,040384992;0,229515497;-0,023778945;0,381766222;0,025446574;-0,503944009;0,140898919
0,185161494;-0,199635133;-0,094778567;-0,34788718;0,046751347;-0,144665683;-0,145567715;0,033009736
-0,00164416;0,116639669;-0,19038675;-0,368457812;0,087395143;-0,085324507;-0,269412989;0,165619735
-0,01798181;-0,062321075;0,084961867;-0,089609218;-0,014451212;0,291175097;0,4222838;-0,110975816
-0,066490054;0,047890767;-0,057950552;-0,274733365;0,00339455;0,100285368;0,03326029;-0,068336656
-0,080880785;0,117389406;-0,056853373;-0,177621676;-0,020631645;0,163538729;0,114295336;0,02992732
-0,189882186;-0,142875062;0,160889204;-0,008486974;0,112460945;0,259516177;0,084371849;-0,098458989
-0,016438078;0,065183539;-0,211094861;0,062135615;-0,17651533;0,148185705;0,02999103;-0,063862207
-0,026090588;0,269333205;-0,352995495;-0,153423095;-0,11696402;-0,014917542;-0,066948205;-0,116366226
-0,200546467;-0,267490884;0,386994302;0,011137855;0,066804919;0,248212783;0,10526463;0,092990647
-0,001960565;-0,08526418;-0,018076179;0,132328816;-0,163137641;0,252672127;0,036226872;-0,069015046
-0,164076948;0,125735666;-0,204074787;-0,151083889;-0,146565421;-0,070569543;0,020467689;-0,047672893
-0,203830543;-0,072682711;0,050754213;0,028272209;-0,089764019;0,083161311;-0,170311426;0,111758564
0,045970533;-0,012728418;-0,198849579;-0,033162829;-0,206643502;-0,035339554;0,047175093;0,14391148
-0,389005918;-0,15095013;0,283288117;0,031805845;0,059767748;0,080184762;-0,126180778;0,152558495
-0,217897117;-0,026696436;0,022028087;-0,117441761;-0,134871724;-0,028547393;0,224873057;-0,068497226
-0,349992562;0,053284548;0,017531395;-0,029621359;-0,077210362;0,072802355;-0,007722017;-0,015323819
-0,204616985;-0,052767467;-0,059428735;0,040847842;-0,198009739;0,081577533;0,242092357;0,042842678
-0,133412949;0,031598404;-0,171395243;0,091423278;-0,152145371;0,068134492;-0,071925387;-0,146678968
-0,215610719;0,042551737;-0,075550678;-0,105522249;-0,062025423;-0,053723851;-0,036490443;-0,040465583
-0,142453661;-0,49805605;0,516526483;-0,143771454;0,060878535;-0,012637075;0,058408503;0,071850274
0,05018672;-0,036642556;-0,264626014;0,377510708;-0,056414171;0,305212838;-0,178161798;-0,179818682
-0,056320359;0,235744299;-0,412592632;-0,211073146;-0,041144455;-0,256336506;0,010782262;0,25783544
0,157134764;-0,351666423;0,173123954;-0,023824416;0,022912122;0,024708454;0,095588941;0,053711958
0,26620696;-0,329642416;0,038089312;-0,066779158;0,003850867;0,074746905;0,078522789;-0,069637787
-0,14961828;0,366249002;-0,439832337;0,018176142;1,64E-02;0,02165819;-0,194419849;-0,080998824
0,231894557;-0,494708438;0,133776224;0,046728674;-0,013335114;0,073460781;-0,010314504;-0,014076269
0,139690615;-0,137997995;-0,185787204;-0,018680023;-0,011377558;0,066743249;-0,084710084;-0,102154637
0,27330291;-0,084321861;-0,159326303;-0,331448002;0,118798981;-0,073902036;-0,199821161;0,0009226
0,473164529;0,072077622;-0,420013321;-0,315019486;0,058871325;0,007266995;-0,163963234;0,025363932
0,415140327;-0,316302093;0,029651917;-0,161733281;0,151347757;0,251557528;-0,072155563;-0,120730134
0,454073823;-0,341893125;0,000831171;-0,115624491;0,117786669;0,137994406;-0,350837128;-0,113395278
0,519216308;0,069022984;-0,299895297;-0,088503315;-0,086509852;0,259356556;-0,25364437;-0,04729277
0,375247109;0,235306746;-0,225894028;-0,164247246;0,028845569;0,381115538;0,194403755;0,098568261
0,534918705;-0,199194878;0,146156074;-0,203444207;0,020733957;0,300801593;-0,080823819;-0,014391398
0,455709414;-0,211946382;0,248437074;-0,09807253;-0,029464036;0,398414644;-0,06327714;0,087034096
0,438414596;0,23209745;-0,27873235;-0,191986229;-0,056203131;0,287174866;-0,268207109;0,09289405
0,662389951;-0,139507345;-0,066811716;-0,242068779;-0,428979812;-0,100586087;-0,865137977;-0,027909238
0,513584146;-0,050987095;0,373763025;-0,327366461;0,425031852;0,652466832;0,190414973;-0,01536989
0,560398955;0,255757503;-0,01126234;-0,240432323;-0,226079869;0,371945034;-0,165329213;-0,016044928
0,372147611;0,133069914;0,176828191;-0,099344626;-0,157777271;0,428199522;-0,080482982;0,133779977
0,14940202;0,355044536;-0,002544081;-0,094161141;-0,071211287;0,366778025;-0,183672667;0,076633593
0,121456094;0,10365923;0,069273576;-0,092576822;-0,214102202;0,327644856;-0,122452913;-0,029336724
-0,021538069;0,409890518;-0,019750025;0,009992752;-0,214205991;0,380857819;-0,000600939;0,228005774
0,08666378;0,144140921;0,094695659;-0,05752576;-0,097972676;0,232005016;-0,236644855;0,212130943
0,038818937;-0,107531929;0,34853893;-0,184600979;-0,143781443;0,185900608;-0,078775572;0,330939407
-0,067902457;0,118763487;0,125505108;-0,166701618;-0,137507919;0,101307118;-0,363824496;0,195388392
0,14774511;-0,009491436;-0,033729318;-0,138753534;-0,268298133;-0,002727048;-0,465721977;0,231062699
0,135754332;0,105104565;0,03152524;-0,182308578;-0,093717835;0,14305751;-0,018039246;0,053622826
0,186317495;-0,103938275;0,007344509;-0,121481059;-0,152822614;0,140394683;-0,204340545;0,10404791
0,14760835;0,005831907;-0,056549074;-0,051976879;-0,188016731;0,213664215;-0,157716315;0,035488839
0,126075;0,099356954;0,221602643;-0,332651211;-0,030497175;0,237091454;-0,026122879;0,193388615
0,270009445;-0,040193762;-0,045491596;-0,120249418;-0,260614251;0,26416058;-0,013909878;0,135740605
-0,148130532;0,382307678;-0,192647741;-0,180016837;-0,160221433;0,14155788;-0,222372257;0,146995632
0,219595809;0,033409422;-0,122702748;-0,080190407;-0,171221653;0,137294302;-0,306658851;0,220136931
0,223514786;-0,125235615;0,18515921;-0,181261464;-0,022716432;0,270815374;0,047611739;0,159899654
0,397121155;-0,50955295;0,561188388;-0,241023741;-0,062329395;0,430711824;0,304042225;0,038340138
0,122485148;0,347971535;-0,153756789;-0,489135306;-0,179040816;0,040730672;0,096369329;0,328529748
0,065732664;0,436693055;-0,30042519;-0,297262178;-0,02929329;0,231337316;-0,028077738;0,102847404
-0,00607025;0,034745161;0,038147564;0,093075992;-0,128348449;0,484580824;-0,216820645;0,010289755
0,012735927;0,082192797;-0,043483367;0,045108316;-0,383906449;0,304149713;-0,039977066;-3,34E-02
-0,166743875;0,101966125;0,12039881;-0,210630351;0,016747498;0,237281567;0,029454836;0,296144356
-0,083129558;-0,169557512;0,208658528;-0,286677797;-0,262090002;0,06596757;0,195145259;0,397217474
-0,240220944;0,124261248;0,08225489;-0,136769656;-0,205621976;0,158524567;-0,11024564;0,267192166
-0,139256765;0,143427389;-0,119852161;-0,175826235;-0,384658536;0,046271329;-0,049163307;0,253059423
-0,152955715;0,169922469;-0,125730324;-0,232470046;-0,326079889;0,009968083;0,09123669;0,208730881
-0,209475534;-0,129748331;0,196637218;-0,114094622;-0,160093276;0,022954701;-0,119538519;0,238973563
-0,202523589;-0,155083406;0,018892769;-0,147936517;-0,225065337;0,022066406;-0,018796999;-0,066635385
-0,304140065;-0,196898213;0,060519428;0,066070034;-0,408353646;0,090118893;-0,057875101;0,048304739
-0,41931288;0,122720339;-0,111193764;0,10656295;-0,335874094;0,144801308;-0,257981916;-0,031709807
0,004539489;-0,167554308;0,048436391;-0,023450768;-0,434670649;0,136892323;0,230832321;0,295338819
-0,307835752;-0,154459678;0,239970037;-0,197051464;-0,266283792;-0,025477439;-0,037022443;0,239286724
-0,165893831;-0,041186713;-0,009960346;-0,114842131;-0,267969414;0,047904944;-0,151945324;0,11313856
-0,187787332;0,094175909;-0,059196505;-0,161446177;-0,24449524;0,104460239;0,0238042;0,083725825
-0,331701796;0,317689644;-0,303574486;-0,126123898;-0,175331655;0,121852841;-0,176243558;0,156361243
-0,079190404;-0,138389129;0,028955824;-0,131480986;-0,238025993;0,138046439;0,12722889;0,422529318
-0,364842617;-0,324944482;0,497584017;-0,25534127;-0,003828913;0,204084757;0,190463728;0,253823606
-0,083338987;-0,061513566;-0,131216393;0,02193952;-0,292584566;0,188482796;-0,204538861;0,105765256
-0,359946126;0,222349587;-0,271500613;-0,116682078;-0,149242742;0,13439249;-0,101451359;-0,005156569
-0,06652661;-0,142182416;-0,085383185;0,041682368;-0,365942395;0,154598363;0,046422663;0,120876387
-0,229507533;-0,163509577;0,010935871;-0,140256483;-0,10463857;0,131884672;-0,129789193;-0,083523197
-0,062799632;-0,357765532;0,189218661;-0,196853387;-0,016540468;0,181594124;0,011251995;0,030406376
-0,224005102;0,058553724;-0,108849546;-0,227092693;-0,176486827;0,158197046;0,083405745;-0,161103441
-0,145556054;0,207464096;-0,43749687;-0,026752882;-0,324718775;0,265871688;-0,015707582;-0,179145009
-0,214693385;-0,037157239;-0,171741951;-0,112268712;-0,073881407;0,215885313;-0,060569019;0,272789616
0,122346769;0,163882885;-0,817294273;-0,061921451;-0,50563119;-0,025942355;-0,101153825;0,106478472
-0,368316845;-0,873306029;0,768572473;0,02070996;0,132030991;0,288317498;0,101437138;0,296435468
-0,358294659;-0,610575558;0,51322078;-0,14167936;0,074039388;0,274119924;0,258544789;3,58E-02
-0,223223509;0,290101791;-0,461224887;-0,130081822;-0,263029437;0,019108831;-0,042430011;0,045595195
-0,387325869;0,22207665;-0,465927872;-0,186237491;-0,282325575;-0,016189729;-0,013059044;0,053060839
-0,100275329;-0,637525994;0,307578483;-0,076772356;0,014744908;0,251994324;0,184811689;0,103813494
-0,312094725;0,00689295;-0,288856553;-0,031527307;-0,195027664;0,041018918;0,037779276;-0,01581524
-0,160023631;0,064563584;-0,404096109;0,023486059;-0,266597948;0,000173777;-0,149600915;0,166104648
-9,93E-03;-0,332846961;-0,050307075;-0,071971037;-0,077109932;0,072559597;0,006995924;0,478624515
-0,130892897;-0,21879005;0,005550769;0,035078358;-0,071940894;0,038154867;-0,052859539;-0,008246136
0,088688813;-0,028453806;-0,316769494;0,003819514;-0,160845251;0,054174317;-0,043708484;-0,054656704
-0,136219379;-0,03119984;-0,056607248;-0,150378623;0,10934609;-0,011993889;0,035110124;0,182840921
0,060490353;-0,763518093;0,57801374;-0,246435214;0,15403347;0,039383975;0,349428441;0,061306072
0,149346527;-0,08695197;-0,100234697;-0,040126517;-0,131164011;0,008600654;0,162120661;-0,036938869
0,011172359;0,33381395;-0,550269938;-0,085031257;-0,03844357;-0,057035912;-0,081219264;-0,038246221
-0,285453091;0,250088881;-0,295263519;-0,078554422;0,121287572;0,002059974;-0,141706383;0,083717152
0,182490976;-0,438843043;0,167750225;0,060481831;0,031606364;0,159625574;0,206896008;-0,081034549
-0,105304395;0,233220806;-0,316301923;0,03333237;0,109202459;0,016661146;-0,095236577;0,079383803
-0,118011135;0,020920018;-0,150896616;-0,072658286;0,083122094;-0,096170698;-0,047734653;0,125183932
0,049258636;-0,209949027;0,068718614;-0,023881138;0,051493648;-0,013725759;-0,023963055;0,284078708
-0,021256103;-0,022106452;-0,178594235;0,019626001;4,00E-02;0,003693144;0,204163107;0,040351878
0,018835356;-0,189826744;0,012555484;0,123083177;0,049454343;0,054699549;0,068494804;0,15068922
0,166144592;-0,024599385;-0,129847806;-0,009921052;-0,003705198;-0,027875395;0,077830897;0,143591062
0,27686031;-0,31153321;0,180509313;-0,07071869;0,078761047;-0,150509276;-0,269966977;0,110072896
0,082269598;0,424667121;-0,463697544;-0,019808593;0,094714533;-0,1399811;0,048549115;0,106965288
0,223033816;-0,069467813;-0,079361893;-0,028502642;0,05776976;-0,101915713;0,214034842;0,21455002
0,048040901;0,285228603;-0,421493402;-0,058215324;0,167794105;-0,330162942;-0,317100934;0,169826987
0,289237731;-0,454512749;0,344472072;0,136335342;0,355209537;-0,04237555;0,148846133;0,005495188
0,281744952;0,040295975;-0,190218014;-0,020233911;0,176698855;-0,315739089;-0,192283548;0,077369054
0,516078417;-0,131087372;0,028505368;-0,035182904;0,019444329;-0,30738119;-0,175641662;0,117889769
0,463311397;0,06898025;-0,160403762;-0,020749865;0,045782871;-0,317176197;-0,115984371;0,161074964
0,499534579;-0,019660502;0,089151876;0,270399782;0,072035498;0,125327304;0,185466957;0,153141436
0,346940544;0,347680146;-0,241188966;0,253673245;-0,031743926;0,015536117;0,111445604;0,078173696
0,351328903;0,241390007;-0,291113116;0,390246275;-0,177763381;0,084058082;-0,219914354;0,116186205
0,609340942;-0,145410806;0,21144459;0,24410066;-0,088665339;-0,076276841;-0,032423002;0,128829757
0,814454522;-0,596837082;0,747046165;0,273155439;0,053873356;0,102366331;0,339879702;-0,093194589
1,305699377;0,129742974;-0,237789966;0,245130271;-0,530124685;-0,135738076;-0,055099829;-0,252945783
0,972090186;-0,976088915;1,390726502;0,680917905;0,061684246;0,313175611;-1,233752839;-0,238624589
1,502315187;-0,462808979;0,967197668;0,14408224;-0,080681503;-0,041133341;-0,212600946;-0,198238677
1,740283969;1,118459194;-0,451530999;-0,178134923;-0,251617246;-0,193941706;-0,176507775;-0,137213426
1,629466111;1,264544847;-0,846666802;0,502878371;-0,392083862;0,190469747;0,062085186;-0,169542332
1,080016002;0,590076783;0,201554067;0,588872853;0,277376787;0,456752262;-0,261595047;0,04604313
1,497800028;-0,039991373;0,628374181;0,460640718;-0,050769455;0,24388324;-0,210433723;0,052215886
1,078944683;0,96173262;0,129781068;0,209744741;0,183913298;0,286352536;0,400225538;0,208948998
0,940308667;0,711145878;0,163194986;0,114882604;0,084760763;0,184228443;0,460475121;0,30040047
0,685623376;1,176747859;-0,307985713;0,319228447;0,073170762;0,187490075;0,19863425;0,3348001
0,397741329;-0,077432923;1,268041023;0,133314648;0,499784015;0,094840574;0,050666851;0,440809696
0,229516509;1,029415381;0,038010664;0,162303545;0,151145526;-0,0649383;0,160118106;0,201694831
0,387429779;0,359783124;0,616272463;0,200527092;0,275609819;-0,061932432;0,111755909;0,440212504
0,444047918;0,563531848;0,17593343;0,319046239;0,108153722;-0,1646254;0,06109441;0,311425885
0,188062431;0,508198539;0,293234536;0,301219929;0,125686638;-0,199954373;0,108915604;0,116972504
0,374113794;0,243250913;0,515739178;0,421222064;0,167438057;-0,034122083;0,244482415;0,184302785
-0,002131868;0,495862595;0,210166755;0,435213773;0,168404799;-0,266871048;-0,03021636;0,116473664
0,390687662;-0,215366732;0,601087478;0,424367868;-0,021283835;-0,305842968;-0,202591997;-0,011944995
-0,121634487;0,664692669;0,099943141;0,343128556;0,208904231;-0,261250823;0,172132606;0,068705091
-0,032972675;0,275265913;0,378309567;0,337954084;0,075553416;-0,350187106;0,149422767;0,09232344
-0,079771343;0,116433325;0,564582152;0,407493613;0,245427444;-0,50636234;-0,412339309;-0,232189259
0,281408579;0,220212992;0,326480072;0,486492689;0,000661333;-0,427192895;-0,078442533;0,072073185
0,116497452;0,50090549;0,131406831;0,33175287;0,061703024;-0,555349978;-0,187022284;0,2464285
0,24353612;0,257265684;0,218034168;0,246538649;0,014437081;-0,529628721;0,029023917;0,140056719
0,173136572;0,244617863;0,235064215;0,391207535;0,097928064;-0,441553135;0,171989682;0,188410752
0,138825623;0,475384548;0,026653288;0,319534812;-0,00543373;-0,517106302;0,139137968;0,145215257
0,216337343;0,126581867;0,327748658;0,498615322;0,097719358;-0,344330598;0,172824307;-0,008276404
-0,040896208;0,422388274;0,220105463;0,545759539;0,009859316;-0,285366792;0,053847916;-0,036642011
0,049573947;0,297783775;0,314285555;0,330106768;0,144699147;-0,364471396;0,252242798;0,227301796
0,160077318;0,24828767;0,336185586;0,444882194;-0,09066025;-0,556690933;0,188632652;0,059307365
-0,056832438;0,410093904;0,161697394;0,377988317;0,128267006;-0,537427996;-0,075493558;0,144032152
0,21301701;0,239772391;0,159962319;0,382139526;-0,071782749;-0,526187773;0,255794884;0,038801876
0,233137139;0,127047627;0,428555476;0,25987512;0,124148235;-0,44267574;0,091931921;0,072885263
0,166477099;-0,030191429;0,505013271;0,342437402;0,0942817;-0,427353321;0,007056487;0,019604484
0,060884269;0,563079636;0,155403747;0,261628192;0,076831415;-0,419987152;-0,029121358;0,057661576
0,228879261;0,144872681;0,316450459;0,237679321;0,169917501;-0,553006834;-0,430176399;0,041120683
0,189295785;0,272200586;0,230105737;0,444513934;0,123880962;-0,263201855;0,15362199;-0,342888982
0,106746085;0,090332168;0,45512352;0,339207473;0,169148291;-0,296997584;0,131780632;-0,023886825
0,221042374;0,398510833;0,03178605;0,242603788;-0,011277913;-0,323403044;0,152179121;-0,083281951
0,020841349;0,077003132;0,476612468;0,31108478;0,176743893;-0,285565624;0,187884178;-0,014728
-0,082950097;0,501422782;0,074236966;0,212649605;0,057340255;-0,400557397;0,162336555;-0,127712844
0,077886227;0,197512066;0,220766065;0,236148927;0,100942866;-0,341772163;0,193010111;0,084993276
0,180171885;0,13907724;0,13789179;0,30956551;-0,093850648;-0,314213298;0,355013649;-0,130568996
0,082555169;0,113911537;0,346178188;0,272663288;0,11532556;-0,311836386;-0,044786357;0,066489983
0,220183618;-0,060058628;0,45666313;0,263743454;0,105058097;-0,265201918;0,044810576;-0,095854672
0,263750713;0,179084162;0,189060541;0,275170973;-0,010799553;-0,3034663;-0,142766991;-0,087050716
0,209025264;0,342596697;-0,00465904;0,200918217;-0,024817459;-0,306893182;0,06585769;-0,040159188
0,220893616;0,56723375;-0,278520755;0,26041068;-0,12020336;-0,273205972;0,102290771;-0,09796497
0,085536841;0,163052086;0,18771493;0,089376991;0,069247972;-0,215265927;0,29980465;0,15170399
0,153753789;-0,050019785;0,34137504;0,178097589;0,073609987;-0,152508205;0,072316418;-0,058107099
0,095142645;-0,150225044;0,554400592;0,19577182;0,200475386;-0,159761201;-0,0030236;-0,087589008
-0,00784637;0,225766473;0,081418293;0,086241206;0,059075764;-0,241121355;6,46E-03;0,032516369
0,088634698;0,279342143;-0,06952359;0,300638761;-0,133118554;-0,172443343;0,135651634;-0,206326919
-0,111862568;0,373118829;-0,013695892;0,282593222;0,013309123;-0,177285988;0,048570475;-0,058939773
0,209501359;-0,392707992;0,798710043;0,135821553;0,114165606;-0,090263415;0,208711579;-0,054362305
0,220943536;0,189132461;0,075685705;0,089418891;-0,009496168;-0,225610054;0,07253924;-0,03696121
0,011882339;0,397984603;-0,021866713;0,178638175;-0,007414152;-0,107912597;0,205474505;-0,170109408
0,042698468;0,200208587;0,049690245;0,324468716;-0,083817371;-0,202263728;-0,057564392;0,060677292
0,230615319;0,078379908;0,12262687;0,25713567;-0,198538099;-0,113117617;0,236773242;-0,138976845
-0,117471949;0,233823593;0,198760266;0,19199341;-0,037957126;-0,247271942;-0,047581724;0,132976869
-0,025419603;0,032469317;0,341135527;0,171445608;0,022867096;-0,246816515;0,08363841;0,069101381
0,107066044;0,172367712;0,098975779;0,066461007;-0,187115453;-0,351398149;-0,041203099;0,087883527
-0,134010518;0,24783531;0,149605805;0,199889877;-0,000584447;-0,103265229;0,239797056;-0,050586504
0,019746273;0,24160929;0,084636452;0,17856653;-0,164829746;-0,201339499;0,104578091;-0,018805617
0,288657485;0,016499786;0,151551865;0,18634054;-0,245807629;-0,324412147;0,149826512;-0,127253684
-0,055744943;0,12644822;0,344838352;0,114389931;0,120254759;-0,174161725;-0,106457028;0,130622052
-0,158861569;0,245385544;0,196410488;0,108464108;0,095805055;-0,154133459;0,045501753;-0,005104171
-0,063297515;0,137435643;0,089445796;0,085436872;-0,205650098;-0,318832284;0,155452709;-0,050148353
0,004430793;0,072451487;0,259373026;0,090177074;-0,043881067;-0,276055356;0,100357608;0,077336665
-0,083961807;0,163660938;0,154934535;0,144083549;-0,104749077;-0,258169802;0,175318546;-0,060510097
-0,17380104;0,091383476;0,17915726;0,050837838;0,04210571;-0,251664123;0,103176203;0,12224203
0,119385383;-0,062170355;0,23649735;0,201453622;-0,259661646;-0,256518282;0,121202918;-0,202309008
-0,026748661;0,114822023;0,162027952;0,195160829;-0,078678172;-0,169367555;0,087565147;-0,159874618
-0,025573978;0,003343676;0,247654314;0,120164346;-0,116502973;-0,290906769;0,032188119;-0,157737051
-0,131283792;0,134673463;0,326219807;0,139882605;0,101450133;-0,095556328;0,137096253;-0,123270344
0,102195426;-0,108706436;0,446926545;0,087629536;-0,189395118;-0,195838518;0,069196779;-0,180047884
0,247535478;-0,191966097;0,454619315;0,010840117;-0,062960375;-0,160974306;0,089120607;-0,216400874
0,131787279;0,835691411;-0,627350224;0,240512932;-0,374148261;-0,33192292;-0,018502089;-0,279934948
0,078632374;0,093750995;0,207285618;0,264497038;-0,006075505;-0,037719637;-0,101305603;-0,118666337
0,116609478;-0,003911922;0,200521919;-0,066135833;-0,096020039;-0,133751065;0,269079414;0,000903765
0,046325943;0,352221892;-0,252063236;0,147248974;-0,217494724;-0,065595533;-0,022935383;-0,035694935
0,032266265;-0,13702553;0,176571621;0,11884074;-0,220605179;-0,062525029;0,068681439;-0,052680231
-0,145743446;0,022312266;0,412964375;0,083893192;0,019999883;-0,095534103;-0,083031978;-0,12263565
0,25211257;-0,033521514;0,236190922;0,119201513;-9,15E-02;-0,038369536;-0,041175295;-0,062579223
0,224926155;-0,162071634;0,310593441;0,109763351;-0,19989571;-0,108313675;-0,105415937;-0,08123007
0,102980641;0,436071578;-0,099040428;-0,011421113;-0,134441087;-0,135484299;0,169068573;-0,025592159
0,204421861;0,137398801;0,084452158;0,135962495;-0,184361575;0,077674453;0,109651671;-0,292687615
0,193842868;-0,067870714;0,313664765;0,067914216;-0,075545683;-0,002959744;0,159591022;0,046501235
0,01040571;0,145608259;0,246656761;0,147871254;-0,031922495;-0,073718862;-0,37878856;-0,283383212
0,230260361;0,088820372;0,17138852;-0,070026508;-0,068052547;-0,008843196;-0,007273682;-0,011332896
0,146251077;0,544249906;-0,343253543;-0,000854185;-0,288480111;-0,143020257;0,204378514;0,007082407
0,100919741;0,193491515;0,045189802;-0,081650856;0,015320026;-0,133662473;0,025060416;0,103089987
0,140289223;-0,013730674;0,195116441;0,107876122;-0,161960224;-0,093384787;0,14362218;-0,010134989
-0,005016444;0,189583391;0,097545236;0,008352582;0,034272696;-0,080097166;-0,059701482;0,011764026
0,009172767;-0,113275355;0,395543416;-0,019928283;0,064582976;-0,067752564;0,174569064;-0,158763243
0,189432809;0,124274206;-0,058329425;0,046013306;-0,134816281;-0,071367619;-0,035823653;-0,02759906
0,040390743;0,210342295;-0,031069295;0,163970429;-0,104350072;-0,057358534;0,0002733;-0,100972057
0,02462707;0,049127006;0,070560776;0,153296655;-0,056809006;-0,023062031;0,025263611;-0,036605789
0,115708476;-0,185155725;0,294569204;0,24513167;-0,297163412;-0,068710495;0,160973747;-0,096279769
-0,189339253;0,404004373;-0,084873274;0,216912366;0,035355567;0,12128482;0,120925444;-0,094162537
0,050186108;0,058972462;0,007010904;-0,001733814;-0,242685483;-0,240490737;0,037120571;0,030499777
0,035498164;-0,19623079;0,341608284;0,026805576;-0,205349946;-0,200693007;0,252173851;0,133380292
-0,087635335;-0,019741767;0,229626232;0,15777638;-0,073990628;-0,069572119;0,04672744;0,004084222
-0,20899409;0,353536044;-0,043692256;0,06273869;0,020336196;-0,177588896;-0,093120567;0,115176239
0,116336292;-0,179010052;0,405422832;0,097586803;0,006199424;-0,048638949;0,091038049;0,169614099
-0,157979571;0,197730089;-0,074683465;0,013219958;-0,189875891;-0,243312049;0,153939884;0,111461907
0,082831428;-0,001404157;0,037440137;0,084530232;-0,143203635;-0,133931276;0,081543734;0,118783168
0,021883593;0,198107034;-0,202116288;0,091606431;-0,208301578;-0,268674101;0,014288366;0,047007197
-0,114903332;0,256824707;-0,147672165;0,097418788;-0,083774233;-0,210520795;0,167466041;0,181066047
-0,266524703;-0,201131056;0,55835471;0,115408804;0,074426314;-0,038636447;0,133510724;0,045463051
-0,080455802;0,185014196;-0,1190397;0,151162177;-0,166230091;-0,144909352;-0,028192899;-0,003945126
-0,105744675;-0,069362967;0,226925565;0,080366938;-0,099901876;-0,136155295;0,200607983;0,141950405
-0,046885948;0,2683905;-0,16895656;0,100580392;-0,256229786;-0,163601599;0,169061347;0,274265541
-0,256021962;-0,174409642;0,184545361;0,195013178;-0,202946774;-0,179167117;-0,003927874;2,78E-02
-0,189223195;-0,080950312;0,241998637;0,131615166;-0,132900245;-0,114873313;0,072868252;0,057909402
-0,219321371;0,241774189;-0,014930725;0,216764652;-0,021122263;-0,076437538;-0,205695762;0,10238399
0,034089331;-0,154309082;0,031821275;0,128585978;-0,429941;-0,196069918;0,35820661;-0,244393401
-0,140314177;-0,002752594;0,217595462;0,124513657;-0,004366271;-0,13206896;-0,052037454;0,11095727
-0,07727977;0,030288121;0,137445381;0,127432042;-0,058883572;-0,119085847;0,141529002;0,019756578
-0,16704994;0,020067972;0,088229394;0,100831148;-0,125202406;-0,258074624;0,041013188;0,113306417
-0,071860518;0,137012808;0,007584067;0,162404861;-0,183970393;-0,113103052;0,121364657;0,143012354
0,004443169;-0,012003093;-0,104373863;0,282511696;-0,209303437;-0,146147683;-0,0737084;-0,056652013
0,04909699;-0,34648374;0,413576828;0,166493799;-0,172467154;-0,13805794;0,055226512;-0,049991377
0,120347597;-0,131849699;0,178422485;0,093644025;-0,061591806;-0,279800836;-0,184862785;0,000769739
0,088772431;0,016770387;-0,136044118;0,034117726;-0,209141876;-0,270635387;0,12171287;0,017515536
0,183681911;0,25022808;-0,186225115;0,053367076;-0,132387845;-0,130682282;0,174915424;0,000134063
-0,010536016;0,225928003;-0,102255453;0,067869967;-0,020250939;-0,12011444;0,057842688;0,026139548
0,192998042;-0,017488549;-0,110670761;0,019274447;-0,175843327;-0,158001437;0,307975255;-0,012799478
0,139348693;-0,327802379;0,407649946;0,034340575;0,080382869;-0,05566713;-0,01846419;0,045803554
0,134366748;-0,008073304;0,054745287;-0,133056378;0,075608221;-0,184139562;-0,023586777;0,049208768
0,110921066;0,134425724;-0,267514533;-0,01558765;-0,06396883;-0,143812665;0,148079926;-0,129639879
0,079156759;-0,142590228;0,154123015;-0,131899707;0,193003562;-0,087503018;-0,217752399;0,020241781
0,174055529;0,093236858;-0,132774902;0,025798383;-0,058759803;-0,00700251;0,224097174;-0,068205241
0,246681252;0,000615433;-0,20426025;-0,070169885;-0,132012552;-0,091847464;0,002882615;-0,109349043
-0,025426795;0,041786343;0,12766528;-0,057056611;0,09452101;0,055669527;-0,034809968;-0,015501248
0,151989182;-0,096679887;0,022530287;-0,074807295;-0,091875202;0,040994376;0,133360121;0,020232663
0,083685373;0,069201345;-0,043442173;-0,14382836;-0,092820599;0,046273041;0,262784616;-0,03100828
4,11E-02;-0,169082056;0,185747667;-0,085477894;0,05076705;-0,009645078;-0,022603104;-0,059909756
2,35E+00;-1,30E+00;9,88E-02;1,66E-01;-1,21E+00;-3,38E-01;-9,69E-01;-8,36E-02
0,901724156;-0,361433773;0,031691118;-0,093167707;-0,365929005;-0,182820382;0,10692339;-0,426946971
-0,914887755;0,963484218;-0,054918849;-0,09708857;0,758802158;0,168790233;-0,163745416;-0,604363162
-1,021291721;0,931276648;0,051885248;-0,019340852;0,875107975;0,296547093;-0,151350988;0,066018401
-1,054786815;0,454946962;0,152584001;-0,091513182;0,775609662;0,197508206;-0,141737709;0,127501909
-0,183592519;-0,344957145;0,344422126;-0,091067996;0,018804113;-0,007663527;0,255034307;-0,089231958
0,305746928;-0,386330303;0,012833684;-0,019010402;-0,384698077;-0,201100986;0,226887594;-0,17158457
-0,512588252;0,126899588;0,000736556;0,063901425;0,009612648;-0,067001143;0,249528276;-0,002061525
0,052097713;-0,089399957;-0,2066352;0,140350357;-0,247196373;-0,02613138;0,081078767;0,338126847
0,393504527;-0,347133505;-0,204313565;0,112514099;-0,415739828;-0,059880196;0,070610125;0,505200213
0,230644371;-0,271093712;-0,038872077;-0,027229338;-0,244740727;0,025893002;0,115442779;0,172650597
0,918743221;-0,532352072;-0,145962982;0,086762483;-0,654067218;-0,181245547;0,311157783;0,05739632
-1,071201235;0,623112854;-0,002134251;-0,04662386;0,501001472;0,181677762;-0,062016066;-0,268905131
-0,263562694;0,366595048;-0,051704408;-0,024539462;0,277511439;0,222865936;0,230021242;0,185233196
-0,087081875;0,052396025;0,083727468;0,005479006;0,069252693;-0,053677126;-0,128305952;0,345736854
