MEU1;MEU3;MEU12;FEU1;FEU3;FEU12
0,830092432;0,96380547;1,005808366;1,232809929;1,195269806;1,059723571
0,800485756;0,939635505;0,995991052;1,150333893;1,137822266;1,045603587
0,783370764;0,92204553;0,98680119;1,088467735;1,093511039;1,034255997
0,770062488;0,903578222;0,973751671;1,056114634;1,068877038;1,026774851
0,766115584;0,891239289;0,963125957;1,025705441;1,046058015;1,019881478
0,757095399;0,881535631;0,956626575;1,006152393;1,030855084;1,014994601
0,724225443;0,853545264;0,942549849;0,982691783;1,012078851;1,008593978
0,692704752;0,825240105;0,929100944;0,965682575;0,999055922;1,004434264
0,66952158;0,805206773;0,920640105;0,957451162;0,992595035;1,002071034
0,655236032;0,792811707;0,91494838;0,959850525;0,993163846;1,000792866
0,663093463;0,796649936;0,91368162;0,988839432;1,012885976;1,004361364
0,661770642;0,795713848;0,91288012;1,057500897;1,058828087;1,013632532
0,640891433;0,775964489;0,903270191;0,959161415;0,988786402;0,995834355
0,623786703;0,758007511;0,89378815;0,884347516;0,933699149;0,981020756
0,619791439;0,750992278;0,888114282;0,840735331;0,899404761;0,970526405
0,616102539;0,747046491;0,883898469;0,815251711;0,878347203;0,963466541
0,604010189;0,736625322;0,877661115;0,793810454;0,861708532;0,957898656
0,59556164;0,728084782;0,873529273;0,768299878;0,841561659;0,951378678
0,599145196;0,728981486;0,872331219;0,758584752;0,832898016;0,947951591
0,611149911;0,73842782;0,876352815;0,75447488;0,829874506;0,946585385
0,625509541;0,752356861;0,880813975;0,76642861;0,838456529;0,948276786
0,636211455;0,760800109;0,882163634;0,782939832;0,849497762;0,950603921
0,633797487;0,75955439;0,881261386;0,796401478;0,861538493;0,954280069
0,637331983;0,760527166;0,880176289;0,768432415;0,841413999;0,949981791
0,632821714;0,757938004;0,878753185;0,739088812;0,818461995;0,943114184
0,61084855;0,738875324;0,871286678;0,720615636;0,804060454;0,9389015
0,582164436;0,715014758;0,862405147;0,717745942;0,801580992;0,937986259
0,572731677;0,706291953;0,85986731;0,727716143;0,808870669;0,939972853
0,566948262;0,700154881;0,856523257;0,746890492;0,824134525;0,944461102
0,568801728;0,699726098;0,855755998;0,742171504;0,820969662;0,944074908
0,569413672;0,701154742;0,857910393;0,745188723;0,823850264;0,945473561
0,580670995;0,708884826;0,858748803;0,756885994;0,833765652;0,948823079
0,593754713;0,721527354;0,863056561;0,787833201;0,858058876;0,956037547
0,605192916;0,732923753;0,867614552;0,817356807;0,880122049;0,961900383
0,631340656;0,754610797;0,875621295;0,81111828;0,877091588;0,962656082
0,666134575;0,783689397;0,888270876;0,829646538;0,892097155;0,967881884
0,655793352;0,781695559;0,891804123;0,835643902;0,896708604;0,969285178
0,651619614;0,779938081;0,89298048;0,860255501;0,915456003;0,974582215
0,639154075;0,771481599;0,893211102;0,884224229;0,934282158;0,980608605
0,621483137;0,758929232;0,892283218;0,885500694;0,935829618;0,981454745
0,610480131;0,751718984;0,893004388;0,902241333;0,949044428;0,985543627
0,611438832;0,754621841;0,89728927;0,945175968;0,981252377;0,994343968
0,605455301;0,752911368;0,900792037;0,992854872;1,015861445;1,00337822
0,607321412;0,756124766;0,904780282;1,05473282;1,060430355;1,014932163
0,612953942;0,764577402;0,910446579;1,164026832;1,134865662;1,032119151
0,622633517;0,772849149;0,916994608;1,078942452;1,077592804;1,019542879
0,630517271;0,777807682;0,919015622;1,017643833;1,034682526;1,009366683
0,654933146;0,797813439;0,927170734;0,999060498;1,020715368;1,005440501
0,670315393;0,812723712;0,935875919;0,976223969;1,004294345;1,001411169
0,696134146;0,835575151;0,948541101;0,965392797;0,996103289;0,999267792
0,742376496;0,87055334;0,965522159;0,92215041;0,964955478;0,991655633
0,738118874;0,874801527;0,976032521;0,909319629;0,955526796;0,989459291
0,723229539;0,866693235;0,979574412;0,919609938;0,963389062;0,991818859
0,727385399;0,871696257;0,987042337;0,928343786;0,970669234;0,994303414
0,743238299;0,887787084;0,999981518;0,966430914;0,999071938;1,002148572
0,753372411;0,903932853;1,016750123;0,997544128;1,022124288;1,008479617
0,767091111;0,925844223;1,037124105;1,060735443;1,067072101;1,019830238
0,779327661;0,943362265;1,051959954;1,064041342;1,071014489;1,022149498
0,793816245;0,962510595;1,066811298;1,055080242;1,065658094;1,021673543
0,833149458;1,001687046;1,088642265;1,080521561;1,083750365;1,026341786
0,882068471;1,051998053;1,117519966;1,114408707;1,106960112;1,031760297
0,94126817;1,109974988;1,148182947;1,176145004;1,147894102;1,040609275
0,996682737;1,165928053;1,177292157;1,102513155;1,09855777;1,029846021
0,987862583;1,162955695;1,179261928;1,037798882;1,053490477;1,019193585
0,95260017;1,12667412;1,159123463;0,987884449;1,01769053;1,010530474
0,937191399;1,109201561;1,147654201;0,970696522;1,004631572;1,007215658
0,923170934;1,095409698;1,141178854;0,922826069;0,969771235;0,998459202
0,895932646;1,068832142;1,129501589;0,897550206;0,95094327;0,993759509
0,878294989;1,051252911;1,122454286;0,891136254;0,946311588;0,992911481
0,864149358;1,040942766;1,12087811;0,904954573;0,956389411;0,995815903
0,861819104;1,040699035;1,123659138;0,886022309;0,942108188;0,991279529
0,860422204;1,042080549;1,127468591;0,868476667;0,928567924;0,987127714
0,856454139;1,038801609;1,128141475;0,860076259;0,921374379;0,983909277
0,850972651;1,030366743;1,1211542;0,870075092;0,928042736;0,984536256
0,854716183;1,030617145;1,120967893;0,846416104;0,910788884;0,980190224
0,854078563;1,030807223;1,122744955;0,84039338;0,90628195;0,978975773
0,855812794;1,034532816;1,12602359;0,851396713;0,914638215;0,981345883
0,850104345;1,026164435;1,118424072;0,875240622;0,932529057;0,985983352
0,842858026;1,021340844;1,113624518;0,910867457;0,958682562;0,992676403
0,853623234;1,029456064;1,113581007;0,91520549;0,962437248;0,993816757
0,850307568;1,026682923;1,108936187;0,901759873;0,952786439;0,991734042
0,850513321;1,026687626;1,107454194;0,870334731;0,929376606;0,985540673
0,858045369;1,025072439;1,09843844;0,854877192;0,917527289;0,982279117
0,886089589;1,039819807;1,096282735;0,850525208;0,91358123;0,980914395
0,893347752;1,045207815;1,095533642;0,849295956;0,912968677;0,981211554
0,853248163;1,015619389;1,085485064;0,846060397;0,910612526;0,980537221
0,835764564;0,996967954;1,077123699;0,86218986;0,922763011;0,983746099
0,826879501;0,985824059;1,070060593;0,881448437;0,937070889;0,987548223
0,820221603;0,979243419;1,066734805;0,895288774;0,948198799;0,990984337
0,809185987;0,969478435;1,059832487;0,929751969;0,974442409;0,998256808
0,791460837;0,955251793;1,049687541;0,989424427;1,01785464;1,009213041
0,780259038;0,940833041;1,037716335;0,991222149;1,018768971;1,00890128
0,780738825;0,935074431;1,027770472;1,027895503;1,043792922;1,014187532
0,769809884;0,918340591;1,012459887;0,972875049;1,003074584;1,003037724
0,776457434;0,916987063;1,00351606;0,924583556;0,966814248;0,992916979
0,791745824;0,923152452;0,998204305;0,90449707;0,950629157;0,987630073
0,764875482;0,899231006;0,984877286;0,887921913;0,937446485;0,983300095
0,743350229;0,878406018;0,972721595;0,876794952;0,928832626;0,980673274
0,724374647;0,860121895;0,961788923;0,87429958;0,926440152;0,979833849
0,697162973;0,834892857;0,948495079;0,854010084;0,910546198;0,975303923
0,689110913;0,825461939;0,942093519;0,839085239;0,899041394;0,972069867
0,675640427;0,811843618;0,932932306;0,830528309;0,892717323;0,970330564
0,664839119;0,799774159;0,925100124;0,820286424;0,88465503;0,96762234
0,663979497;0,795703384;0,920879639;0,82051625;0,884603452;0,967314003
0,641085468;0,775651866;0,911222839;0,83214548;0,893469409;0,969773516
0,625610363;0,762694317;0,905270952;0,826443081;0,88965582;0,968907213
0,630050406;0,765074764;0,904768203;0,822506957;0,886905832;0,968354509
0,643911619;0,775816327;0,908423277;0,829417388;0,892923727;0,970424274
0,640996856;0,772684535;0,906746401;0,847108937;0,905924356;0,973276548
0,624465755;0,759986981;0,904017695;0,836692436;0,898558626;0,971285568
0,611871959;0,750013933;0,901818413;0,846870651;0,906156462;0,973108447
0,61655453;0,755429828;0,9074515;0,876189826;0,928099725;0,978906026
0,616260016;0,75601693;0,909698115;0,883939039;0,934650059;0,981514099
0,619574533;0,759753619;0,913726499;0,907479095;0,952215193;0,986260368
0,625186088;0,765490348;0,918378316;0,937239286;0,974143313;0,992105538
0,63000619;0,768080016;0,919525987;0,882027692;0,933245849;0,981411987
0,632500441;0,770400221;0,92358461;0,848192908;0,906939122;0,97377971
0,630195044;0,77124715;0,926952217;0,834028963;0,895834445;0,970323634
0,62731485;0,770421551;0,927673917;0,832113617;0,894705048;0,969604713
0,631681262;0,774319261;0,929134151;0,853017422;0,910326458;0,973325788
0,636189086;0,778472295;0,931978679;0,806326516;0,87493135;0,963567188
0,639852411;0,782281158;0,934627252;0,782537622;0,856566968;0,958302542
0,64493583;0,785895873;0,93649369;0,767831665;0,84506852;0,954812428
0,628441683;0,772450405;0,929390654;0,767445947;0,844403644;0,954274328
0,619665069;0,764438043;0,924461773;0,75681177;0,835677281;0,951340663
0,617433417;0,760324569;0,919595025;0,761929614;0,839547534;0,952378932
0,612753704;0,756486435;0,91524529;0,777892775;0,852262436;0,956145523
0,621749331;0,763218024;0,914960635;0,812014532;0,878817994;0,963751185
0,629180244;0,770954683;0,919539205;0,825524969;0,889300158;0,967050615
0,636967391;0,779191015;0,924357265;0,838329067;0,899177793;0,970162347
0,650895052;0,792553691;0,932509648;0,834050314;0,896906247;0,970632787
0,668326473;0,809624129;0,940404476;0,843935594;0,904809672;0,973456244
0,692637774;0,832810396;0,952103372;0,877738904;0,930273407;0,980671091
0,695044666;0,832651019;0,9499756;0,879808333;0,932364033;0,982095499
0,681975318;0,821442918;0,944172545;0,884728147;0,937068891;0,984730034
0,675287749;0,815792846;0,940081545;0,907086717;0,954602757;0,990357759
0,668748688;0,807652028;0,933733217;0,93677294;0,977772089;0,997766297
0,658215013;0,798481486;0,928906334;0,995313522;1,021286594;1,009918199
0,653372587;0,794423609;0,926018588;1,012561874;1,035353024;1,015006249
0,65714414;0,796216481;0,922975048;1,033350751;1,051508953;1,020321843
0,652572273;0,7914459;0,919928856;1,008105412;1,033407715;1,016278768
0,658125802;0,796397147;0,921859631;0,994031371;1,022800994;1,013631794
0,677561506;0,814396943;0,931450799;1,008007837;1,033408129;1,016653611
0,690492412;0,826518419;0,936104344;1,044533709;1,059790239;1,023511927
0,675408645;0,81215764;0,929645357;0,999543493;1,027465764;1,015882287
0,642181011;0,781781626;0,91599105;0,967466991;1,004367352;1,010495396
0,629516321;0,767452704;0,908607878;0,964030722;1,00198493;1,010147106
0,612261004;0,752807013;0,901870891;0,967991984;1,00600978;1,012236802
0,602247017;0,744739195;0,89804384;1,00206096;1,031878499;1,019703433
0,598719477;0,742223024;0,896479314;1,057582643;1,073073092;1,030893081
0,604918506;0,747795093;0,898910039;1,142610712;1,134357287;1,046476783
0,61744854;0,758724594;0,903070179;1,278024433;1,228243805;1,068642426
0,635485227;0,776354507;0,909806396;1,49879415;1,371681299;1,09893263
0,63196224;0,775272082;0,914615156;1,298455337;1,241596169;1,071279652
0,63303108;0,773325933;0,913417972;1,172034834;1,153197754;1,04936371
0,631705039;0,772123203;0,913407695;1,074029845;1,081041655;1,029377001
0,617974485;0,759160999;0,906574574;1,008009676;1,028493756;1,012747772
0,59896084;0,741815245;0,899028529;0,929895411;0,970848747;0,996260111
0,59027141;0,733312316;0,895456667;0,87686994;0,929759247;0,983196848
0,5834122;0,725444142;0,891015822;0,847659729;0,906661462;0,974915076
0,581894359;0,723488716;0,88997184;0,839188772;0,89868176;0,970745341
0,579482375;0,718260391;0,88577365;0,804586618;0,871584665;0,962359331
0,577254837;0,714770334;0,88370703;0,780834247;0,852895884;0,956314491
0,577692524;0,714616074;0,882936677;0,766705205;0,841312057;0,952116023
0,578086289;0,715622982;0,884188587;0,758133489;0,833285531;0,948580839
0,582882679;0,720648814;0,886680809;0,758841614;0,833041315;0,947665765
0,600164369;0,734790714;0,891446393;0,755512875;0,830230962;0,946727028
0,627035997;0,756501588;0,896335542;0,758278945;0,832132306;0,947666575
0,633761899;0,76375151;0,90007351;0,750346039;0,824956143;0,945510625
0,629402105;0,762559513;0,902370861;0,74675855;0,823901772;0,945650399
0,629205482;0,765647103;0,906169774;0,754814;0,830455772;0,947704796
0,637176003;0,774416161;0,912696313;0,763491201;0,836483273;0,949438588
0,634020881;0,773336757;0,913142521;0,772080641;0,844819407;0,95263306
0,640064143;0,777448902;0,913460699;0,792443105;0,861683023;0,958260642
0,640829881;0,777662637;0,911836062;0,790390482;0,86012572;0,957539876
0,62426638;0,764093394;0,904304916;0,804972791;0,871184435;0,960471129
0,622071625;0,760942371;0,899368314;0,837529517;0,89532962;0,966751512
0,626711363;0,76372175;0,898383307;0,841129542;0,899167936;0,968888984
0,654437644;0,784625137;0,904057324;0,867461257;0,920298874;0,975600428
0,6907641;0,813891036;0,914306758;0,920787639;0,960375645;0,986653453
0,679915007;0,80991144;0,915281231;0,906510614;0,950692183;0,985203479
0,664606402;0,798757141;0,913460209;0,91223546;0,956181256;0,987939865
0,656789549;0,793247883;0,912120702;0,94369244;0,979754758;0,994810515
0,651348526;0,788242796;0,909915209;0,9775865;1,005884356;1,002831957
0,646266391;0,786497916;0,912211602;0,986816731;1,013559304;1,005181514
0,649975561;0,793690192;0,91941445;1,027336463;1,04261724;1,012187107
0,665705913;0,808987327;0,927461199;1,096545913;1,090812082;1,02331108
0,659344216;0,804678161;0,927064997;1,073515588;1,074221219;1,019010934
0,668091916;0,811729839;0,930509767;1,035306576;1,047635392;1,012604905
0,682867649;0,825682829;0,936578818;1,011193881;1,030061284;1,007964637
0,680554293;0,820802804;0,933988331;0,976908148;1,004670983;1,001035689
0,680657789;0,818605827;0,932369453;0,973379074;1,001086991;0,999290504
0,668052542;0,80754334;0,92886924;0,960424898;0,990903496;0,995999857
0,648272993;0,787509898;0,919563383;0,914125215;0,956536432;0,986844306
0,638702205;0,772815976;0,907485111;0,883375377;0,93372497;0,980828298
0,625458457;0,756699279;0,895426006;0,878301199;0,929448341;0,979387433
0,61759071;0,746569516;0,888444589;0,877256271;0,928606941;0,979196862
0,603086111;0,733474817;0,881930288;0,858746692;0,914711765;0,975526112
0,589462872;0,723786843;0,878352745;0,841319489;0,901685002;0,972164756
0,586588343;0,720330747;0,875256104;0,842833046;0,902568105;0,972436323
0,576556097;0,715498965;0,875891922;0,859855443;0,91536964;0,975979963
0,577418831;0,718376208;0,87842588;0,89305693;0,940597485;0,982952452
0,585415677;0,72593965;0,881841119;0,917082011;0,958477393;0,987855223
0,588098291;0,728360341;0,88256134;0,883176701;0,931361613;0,97907796
0,587717055;0,727377797;0,882756769;0,83988783;0,898172428;0,969404111
0,580758511;0,719931462;0,880148932;0,809176616;0,874259287;0,961938349
0,581537042;0,71780382;0,877295341;0,788777566;0,857793627;0,956211274
0,574708441;0,709428497;0,871879629;0,769549738;0,842660142;0,950889742
0,571128526;0,706214384;0,869973786;0,769750243;0,842196822;0,949673448
0,573760862;0,707416708;0,870586479;0,75761375;0,832710628;0,946517476
0,572578531;0,70584985;0,869567347;0,748087661;0,824874937;0,943733477
0,578612023;0,70998151;0,871206943;0,731736312;0,811906275;0,939713372
0,586294881;0,715608474;0,874261629;0,728461579;0,808820664;0,938313093
0,579726237;0,709052376;0,870942721;0,736655855;0,814360233;0,939163328
0,589033149;0,707977376;0,865832399;0,724909706;0,80472862;0,93594386
0,588928387;0,706017803;0,861708108;0,720466757;0,80086248;0,934492107
0,574246314;0,699198376;0,859518757;0,717896284;0,79858006;0,933836685
0,568700348;0,696375309;0,857265805;0,715561455;0,796455567;0,932885066
0,563574498;0,691019756;0,852347732;0,715944926;0,797084652;0,933393796
0,556975952;0,684908788;0,847419099;0,703510445;0,787650366;0,930750646
0,545147574;0,675740586;0,843960931;0,688955706;0,77637869;0,927441899
0,534927731;0,667501421;0,84097179;0,681328926;0,770312548;0,92536729
0,535028806;0,667759708;0,842310651;0,683349894;0,771984166;0,925621652
0,543897576;0,673781028;0,844823384;0,68091974;0,770047329;0,924919478
0,550890665;0,680685046;0,849046677;0,688267254;0,775649697;0,926287151
0,550569748;0,680366348;0,850534013;0,697690065;0,782828338;0,927903691
0,574585295;0,694494085;0,854923845;0,700160065;0,784758099;0,928310722
0,582256307;0,703589227;0,860462836;0,703014313;0,787244521;0,929294439
0,57705898;0,704205067;0,863916706;0,710066868;0,793094231;0,931284549
0,575275882;0,706116003;0,867703544;0,722745951;0,802454006;0,933444681
0,560372197;0,695058806;0,86487909;0,701340349;0,786246363;0,929162488
0,555454501;0,691245005;0,863254612;0,695543526;0,781957288;0,92814868
0,549781653;0,686227901;0,859813919;0,697171182;0,78349323;0,928967482
0,549158581;0,685903028;0,859643633;0,69294993;0,780101476;0,928063882
0,549017985;0,686431112;0,860867441;0,696541017;0,782711974;0,928862574
0,549244441;0,685651924;0,86060235;0,6931452;0,779856028;0,927949031
0,551032496;0,687610811;0,862399036;0,692698988;0,77886871;0,927151038
0,547865457;0,686570192;0,862757244;0,703259179;0,786378593;0,928613056
0,553835733;0,691864505;0,865502142;0,687149602;0,773135186;0,924279355
0,559603216;0,696983102;0,867874215;0,677875897;0,765926629;0,922174121
0,569783675;0,705376326;0,870713497;0,674376586;0,763262734;0,92143531
0,568437369;0,702856136;0,869258343;0,664610666;0,75569421;0,919325523
0,57257985;0,704535974;0,869077102;0,664796371;0,755750263;0,919201485
0,570928641;0,704140249;0,867358756;0,671042961;0,760823048;0,920812015
0,561755465;0,697381767;0,864338206;0,685104547;0,771302683;0,923435826
0,55880724;0,695501936;0,862452104;0,695277466;0,778348648;0,92509459
0,561454201;0,697717088;0,862775726;0,691369185;0,776396143;0,925108041
0,552356258;0,690786335;0,859382419;0,699876585;0,783537995;0,927597804
0,556164627;0,694963907;0,859940951;0,715133776;0,795393238;0,93083032
0,567143881;0,703510338;0,862262916;0,709541287;0,7919961;0,930762937
0,57806418;0,713652476;0,866791767;0,695065896;0,780925817;0,928094411
0,6004658;0,733410144;0,875385925;0,69073261;0,777644283;0,92746387
0,613658663;0,742541757;0,87875141;0,696586804;0,782292352;0,929181887
0,600333265;0,731875263;0,875475476;0,710077161;0,793457464;0,933316622
0,581439076;0,71604672;0,86851031;0,73497814;0,812772093;0,939393383
0,565699847;0,702482489;0,863209662;0,758189283;0,831239748;0,945504255
0,555721551;0,694146738;0,858699495;0,790957508;0,857148214;0,953822046
0,550986682;0,689653258;0,855586074;0,829057038;0,887287789;0,963612263
0,549200019;0,685974644;0,853147715;0,820261065;0,88180273;0,963544314
0,546520984;0,68356792;0,853037844;0,804246804;0,871263569;0,962685301
0,547928177;0,684375941;0,853612082;0,801564806;0,87001175;0,963656054
0,5481938;0,683797047;0,854342334;0,80757125;0,875522801;0,966339629
0,547151724;0,682759326;0,853244208;0,804416774;0,873812994;0,966819199
0,547343936;0,682707422;0,852727846;0,816556695;0,88339795;0,97014263
0,549673232;0,685127883;0,853807871;0,82983492;0,894274589;0,974007774
0,544327059;0,68055429;0,850139749;0,854734653;0,913560498;0,979746648
0,547268729;0,681676669;0,848482634;0,869646028;0,92531724;0,983282525
0,544863663;0,680752405;0,848677196;0,901264801;0,948791041;0,989390047
0,545557721;0,6799434;0,848374179;0,892195742;0,94313508;0,988924252
0,551759662;0,684634205;0,849269591;0,899994269;0,949824992;0,991854087
0,562038579;0,692179612;0,850626532;0,901034285;0,950987891;0,992691014
0,55581617;0,687578196;0,848836181;0,913727607;0,959992396;0,994899507
0,553938885;0,68618049;0,848252432;0,906966518;0,955506128;0,994414477
0,555409789;0,687473015;0,84994676;0,887909934;0,941557808;0,991140906
0,557884081;0,689953306;0,851477796;0,886871291;0,940695876;0,991038904
0,56542828;0,695834498;0,852383517;0,900303414;0,950832365;0,993782101
0,565697219;0,696562131;0,851614896;0,931195958;0,974078905;1,000092681
0,568981933;0,700243712;0,853882691;0,935915382;0,978380219;1,002085327
0,578899083;0,710177459;0,859247848;0,956957999;0,994683547;1,007120706
0,584741565;0,719773758;0,865074358;1,006958705;1,031886701;1,017329244
0,601054107;0,736770464;0,874618375;1,06897592;1,077643169;1,029903006
0,613217727;0,750952956;0,883682649;1,171307764;1,149495372;1,047565113
0,63345099;0,772041243;0,896466447;1,283453758;1,226230328;1,06626538
0,623273626;0,765656711;0,902392073;1,186100378;1,162395578;1,053544291
0,610509156;0,751908928;0,898147141;1,110712977;1,110832725;1,04241384
0,599713897;0,741422426;0,893780737;1,060948955;1,075122907;1,033707954
0,598135341;0,738441757;0,891287465;1,032795862;1,054006901;1,028137861
0,599327206;0,738881489;0,890503997;1,020854704;1,044074732;1,024743525
0,603100903;0,742640865;0,890767553;1,026311299;1,046370408;1,024161591
0,603929566;0,744490658;0,892419206;1,01341209;1,03714313;1,022205938
0,605127296;0,747252087;0,893622293;1,02295145;1,043041545;1,023406378
0,598228301;0,742966149;0,89345099;0,998876096;1,025840026;1,020039854
0,593111266;0,737142225;0,891293091;0,992040053;1,022995101;1,020608393
0,588207497;0,732932653;0,890595257;0,988370851;1,021474258;1,021383921
0,586153215;0,731849858;0,891024834;0,999724447;1,030007911;1,024079628
0,591719117;0,73689891;0,894178633;1,017292622;1,044072851;1,028967096
0,603385043;0,747346799;0,900040348;1,044548112;1,064512231;1,035307354
0,608621287;0,750012113;0,899699534;1,082609047;1,091945422;1,042517813
0,624480365;0,761916981;0,902473859;1,132806729;1,127382776;1,0515095
0,644632537;0,778001602;0,906646286;1,181760389;1,161091811;1,059088133
0,652076847;0,788197664;0,913153501;1,240359356;1,199285585;1,067151611
0,662733319;0,798550285;0,919813658;1,242440188;1,201967376;1,068462076
0,67983317;0,816091235;0,930719436;1,209932666;1,180217619;1,063996728
0,693426222;0,826748261;0,937900572;1,182924091;1,161453602;1,060111772
0,694777594;0,827823644;0,938250392;1,167819097;1,151660991;1,058456208
0,681297089;0,819024546;0,935013062;1,133532859;1,130001243;1,054676492
0,67392997;0,814400062;0,933296195;1,126718806;1,12617987;1,054404804
0,677708716;0,819659851;0,936572655;1,1178622;1,120643511;1,053554914
0,677166698;0,8192422;0,936723319;1,121581437;1,124061492;1,054613654
0,676470587;0,819120834;0,937610533;1,144553555;1,140585323;1,058632132
0,691077565;0,832330018;0,94562578;1,158159366;1,149118928;1,059459592
0,697665399;0,838993862;0,947959655;1,143143963;1,139010494;1,057569989
0,693759676;0,833614119;0,942015365;1,117640252;1,121549201;1,053990956
0,689820673;0,831053947;0,940231649;1,092221045;1,102745695;1,048548666
0,695226627;0,833166861;0,938182986;1,07642868;1,09083834;1,04451053
0,695838702;0,831823262;0,935210311;1,056573853;1,075633703;1,039434976
0,70165376;0,835196963;0,934079363;1,057672226;1,075559779;1,038318954
0,715199797;0,844960001;0,936306926;1,081277178;1,091654772;1,041202142
0,737538045;0,86400492;0,942208494;1,121397935;1,119669349;1,047055851
0,778387235;0,897773764;0,952954896;1,190859195;1,165338661;1,055654538
0,782382641;0,898726117;0,950018749;1,136891911;1,128042734;1,046904517
0,753897528;0,872175714;0,936969492;1,09296653;1,096615141;1,03891262
0,720333222;0,843098315;0,924966011;1,050050913;1,06592855;1,03098206
0,699013776;0,822485094;0,91502126;1,02972984;1,051024202;1,027090579
0,668162805;0,795878243;0,904895618;1,03027233;1,051107904;1,02672661
0,650127319;0,781516395;0,900772;1,04758937;1,063237986;1,029331299
0,631928286;0,763882042;0,891089606;1,05635391;1,07051535;1,031993099
0,612097264;0,747123222;0,883729789;1,083743891;1,08996959;1,036390684
0,60885832;0,743614388;0,881495734;1,139869802;1,129621193;1,045798195
0,60798482;0,744249437;0,882225068;1,198312985;1,169513861;1,054002275
0,607392194;0,7432668;0,882267045;1,15705654;1,142407108;1,048448913
0,607173634;0,743827674;0,883053462;1,162974576;1,146610921;1,049309853
0,609720446;0,74663819;0,88642686;1,109331688;1,108745449;1,039891751
0,620193981;0,757046783;0,893162958;1,075739689;1,082855527;1,031888337
0,634652724;0,770838075;0,89998292;1,034883565;1,052881547;1,023242305
0,648781352;0,785003542;0,907143939;0,987052339;1,017149971;1,0127466
0,657076014;0,793554185;0,911490566;0,960474128;0,996391957;1,005900736
0,656240984;0,796370842;0,91572714;0,949956836;0,987175107;1,001870273
0,666789136;0,808443526;0,922926233;0,970651732;0,999767929;1,002811204
0,651567633;0,793757179;0,91811424;0,951234825;0,984524497;0,997423011
0,639165604;0,780684734;0,912338176;0,899867165;0,9462243;0,986250725
0,639370436;0,778084549;0,908816405;0,87794252;0,928594684;0,97995881
0,638151526;0,772662501;0,902152946;0,857005711;0,911960246;0,974288492
0,639717347;0,770098293;0,897666185;0,847664516;0,903790021;0,970805426
0,6306752;0,76095868;0,892313314;0,851486419;0,905300888;0,970091978
0,618127161;0,747091376;0,884322795;0,80656125;0,871601807;0,960821731
0,60419351;0,735128576;0,879008351;0,783797171;0,853874335;0,955596558
0,601925231;0,732848275;0,877281687;0,76450202;0,838185014;0,949863558
0,600158249;0,731722814;0,87728657;0,749304815;0,825938809;0,94557229
0,604385023;0,735751877;0,880660325;0,747516282;0,823730362;0,943913509
0,606071967;0,740475969;0,886576112;0,759127209;0,831715715;0,94497519
0,614462602;0,750195455;0,892765538;0,754148569;0,827723942;0,943410744
0,622290128;0,757689768;0,896309576;0,765926421;0,836690447;0,945382745
0,611164743;0,749162802;0,891806074;0,788706019;0,853529207;0,949445573
0,60109466;0,740986898;0,88707964;0,768354259;0,837950049;0,944869649
0,603976989;0,744092419;0,88783059;0,768018635;0,836799406;0,94372259
0,617263079;0,756036683;0,893158485;0,775424387;0,840488056;0,944000189
0,629627711;0,765253152;0,89698495;0,80733547;0,858627662;0,947321534
0,6511344;0,777295601;0,899911439;0,782295959;0,844969048;0,944635298
0,657179936;0,781581681;0,900778133;0,778512537;0,843127143;0,944004839
0,643936997;0,7757991;0,899368391;0,771645452;0,83803646;0,942274894
0,638295081;0,771741233;0,898978114;0,771414267;0,838642533;0,942200892
0,630259763;0,768663984;0,899403644;0,780823364;0,845423052;0,943357481
0,635880261;0,77518964;0,903097325;0,771538438;0,838593872;0,941503367
0,648418991;0,787315415;0,908794019;0,751371367;0,823460894;0,937455203
0,669443675;0,80573221;0,914991141;0,74639134;0,819187501;0,935924555
0,692795808;0,82750194;0,923252924;0,732540016;0,808059188;0,932690815
0,736186484;0,864435993;0,936378596;0,724730158;0,801694417;0,930848798
0,736794343;0,870774063;0,941853637;0,733100073;0,806955956;0,931917529
0,72002435;0,857194353;0,936238307;0,739867377;0,808356015;0,931166363
0,694343579;0,83484638;0,927766713;0,726771432;0,799943927;0,928338345
0,690955459;0,829235316;0,92362754;0,735938062;0,806358882;0,929126332
0,683014245;0,821385627;0,920554548;0,718709496;0,792803077;0,925234911
0,66475697;0,804789444;0,914333534;0,707632539;0,785973846;0,923884309
0,664737808;0,80242988;0,911999805;0,701553957;0,781946096;0,923432342
0,662002416;0,799416974;0,910220386;0,710823627;0,789118807;0,925742216
0,658202802;0,795218919;0,907800754;0,690903698;0,774403805;0,922125549
0,655057787;0,792093885;0,906017019;0,686728831;0,771472359;0,921801347
0,659771886;0,795549299;0,906824216;0,66890512;0,758196111;0,918699636
0,675280141;0,809118203;0,911851678;0,655440033;0,747744609;0,915894417
0,661961133;0,798817802;0,908187647;0,655087578;0,747195347;0,915611593
0,649910963;0,789533615;0,906182035;0,645150131;0,738779094;0,913127056
0,65165954;0,79038737;0,907076206;0,638325387;0,733487077;0,912034395
0,653821381;0,790510135;0,907315317;0,640520454;0,735698236;0,913207941
0,650285332;0,785645482;0,904520029;0,64764628;0,741937688;0,915645557
0,645341427;0,777314616;0,899411787;0,659385452;0,751955452;0,919325504
0,633911527;0,768282576;0,896917552;0,682982295;0,771285953;0,925969534
0,617699277;0,756463656;0,895348165;0,711173126;0,79349192;0,932997724
0,619648085;0,759984942;0,90064735;0,739737654;0,816993241;0,940706984
0,631396137;0,772980436;0,909684707;0,776448336;0,84591002;0,94967634
0,654054909;0,794224083;0,92235059;0,782039618;0,851670786;0,953439147
0,666481086;0,806270274;0,929434761;0,80349991;0,869596841;0,960734028
0,67572051;0,816486828;0,936759761;0,839617161;0,898133645;0,970149038
0,697294048;0,838338825;0,950475988;0,894665704;0,940071501;0,982705557
0,705741616;0,848290342;0,959896001;0,906327722;0,951869378;0,988928736
0,707304402;0,852312347;0,965256629;0,945417474;0,983146127;0,999748581
0,720378235;0,865179559;0,973660229;0,951988643;0,990033217;1,003940947
0,730796584;0,873349033;0,977394837;0,970423499;1,005255459;1,009959314
0,758422555;0,895469845;0,984919977;1,016493277;1,04015431;1,020803143
0,797357244;0,925717201;0,996540785;1,073588891;1,083647398;1,033797773
0,830831747;0,961334499;1,012548457;1,165605036;1,150788118;1,05186876
0,875684343;1,006513558;1,034040238;1,207162712;1,18199277;1,061289956
0,942683211;1,073058218;1,06463634;1,282584694;1,235930319;1,075302837
1,022486578;1,144498153;1,092895908;1,418315223;1,328187665;1,096704481
1,100386627;1,215112518;1,120327398;1,549198218;1,412943861;1,114315663
1,098983633;1,217657762;1,121321114;1,485731649;1,372262879;1,105801398
1,073510524;1,195253357;1,112156055;1,439459301;1,34135377;1,098747712
1,056877289;1,173814682;1,099740565;1,454153522;1,348304379;1,098697145
1,005525958;1,127387011;1,078448585;1,431829948;1,332946137;1,094566117
0,957180194;1,086260052;1,061754592;1,385022882;1,301295976;1,086965354
0,924608487;1,051672188;1,042139124;1,343278452;1,271348341;1,078911731
0,896431647;1,022400408;1,025314171;1,236136046;1,197543811;1,061848197
0,881504889;1,006335538;1,013365008;1,171177443;1,150758245;1,049361817
0,863261344;0,986064821;1,001084735;1,146153745;1,131428926;1,042642531
0,821910043;0,948359235;0,984109567;1,088728539;1,090831137;1,032110513
0,790684947;0,918307266;0,968645104;1,065270568;1,072742794;1,026269117
0,76712088;0,895147676;0,956030337;1,055090326;1,064202463;1,022749742
0,753401703;0,879588895;0,947633827;1,027121814;1,044785298;1,018012976
0,743201867;0,871189183;0,943643495;1,018476365;1,037845577;1,015431981
0,744805958;0,870885197;0,942696186;1,015687787;1,035877469;1,014747542
0,737789332;0,867265101;0,9425525;1,021794216;1,039608695;1,015313599
0,729208045;0,856171406;0,936851208;1,039748141;1,052302742;1,018258727
0,704840803;0,832119339;0,927031017;1,05783715;1,064948427;1,021087308
0,695318385;0,821034378;0,922451;1,104048616;1,096306543;1,028005701
0,661689077;0,794944548;0,912445767;1,107529297;1,098733396;1,028524416
0,643972475;0,778752172;0,902670346;1,105389042;1,09707984;1,027792547
0,628067799;0,764189612;0,89416032;1,10418982;1,095752652;1,026665444
0,619876322;0,755326962;0,888664314;1,08329827;1,081108793;1,02291496
0,617454475;0,753229621;0,887975074;0,99987353;1,02233281;1,008476848
0,615537672;0,749842331;0,886009914;0,953587083;0,988198436;0,999152519
0,636518901;0,761107391;0,888085156;0,935973318;0,974199933;0,994495908
0,635527826;0,761042921;0,886662941;0,890311059;0,940111653;0,98502251
0,643339038;0,76768515;0,888966051;0,868641315;0,923316952;0,97986768
0,640963791;0,767112507;0,889539532;0,851015545;0,909979427;0,976006761
0,635737012;0,763517308;0,889101404;0,853887126;0,911903893;0,976079584
0,632746238;0,762584358;0,890220788;0,876135602;0,927892978;0,979603509
0,632060386;0,762125416;0,889480004;0,912881561;0,955098514;0,986523378
0,639626815;0,768820835;0,891142679;0,976150802;1,000662857;0,997828194
0,643689143;0,774754313;0,895121021;1,057727244;1,058141479;1,011462925
0,631925565;0,765659608;0,891129027;1,109805299;1,094702765;1,020274481
0,621107421;0,755224758;0,884780219;1,108274712;1,093812171;1,020115066
0,608997828;0,742815669;0,878237965;1,00847904;1,024225778;1,003441136
0,603976679;0,735927027;0,872951494;0,941845353;0,976531566;0,991473613
0,596357062;0,727951873;0,86769262;0,910116449;0,952649834;0,984663215
0,580950302;0,715074575;0,861935155;0,866408398;0,919632468;0,975339338
0,578500313;0,712537753;0,85944726;0,842314432;0,900640781;0,969229362
0,573533186;0,70884036;0,857750546;0,838552977;0,896809712;0,966973326
0,574688575;0,711439441;0,859360078;0,855576485;0,908092229;0,968597965
0,574564981;0,709895613;0,858291857;0,818842761;0,880111601;0,96039695
0,579836305;0,713423533;0,859224027;0,786222384;0,854676147;0,95265129
0,586644319;0,719719478;0,860808287;0,76424367;0,836907084;0,947038806
0,586773211;0,71779589;0,858597452;0,745393915;0,821733216;0,942290763
0,587723611;0,716844367;0,856803483;0,739123607;0,815881127;0,940109019
0,600535869;0,724255584;0,857828093;0,736219486;0,812022908;0,938264755
0,610157619;0,728386989;0,859484579;0,746192975;0,818134648;0,93930671
0,604835859;0,727206744;0,862230704;0,758091884;0,828958349;0,942193996
0,593032043;0,724209986;0,86494784;0,745011165;0,81918762;0,939243598
0,582880947;0,719868109;0,865608725;0,750875888;0,823177792;0,939937572
0,562300867;0,700638498;0,858420503;0,748645599;0,82187452;0,939362726
0,553020297;0,691583443;0,854287677;0,762146615;0,831984173;0,941874548
0,548364507;0,68586092;0,851295663;0,77212423;0,840011624;0,944254019
0,550759032;0,686748353;0,850347823;0,797223363;0,858862448;0,94918799
0,54923849;0,685274057;0,849323093;0,795676721;0,858185057;0,949245282
0,539862123;0,676568346;0,844268926;0,789161604;0,853628424;0,948128666
0,544715641;0,678745;0,84375323;0,768869803;0,838239983;0,944329295
0,546671998;0,681412804;0,844644412;0,763098244;0,83241354;0,942421724
0,553247626;0,685918381;0,845107348;0,764118871;0,832183792;0,942286227
0,561307488;0,691415153;0,84584897;0,77359602;0,840523536;0,944787544
0,560553778;0,689933204;0,844041312;0,772206758;0,839200525;0,944061104
0,550452713;0,68090847;0,839938296;0,757600827;0,828702429;0,941142354
0,53969429;0,672215649;0,836869809;0,755214364;0,827292871;0,940102813
0,536908431;0,669859414;0,836979614;0,757142991;0,828956743;0,940174787
0,540147283;0,674087708;0,840413567;0,777159956;0,843842749;0,943681534
0,55540739;0,687599609;0,847971618;0,807927026;0,866230234;0,949126183
0,56949443;0,703494083;0,857901314;0,812063273;0,870021165;0,951028369
0,579152819;0,714334543;0,864811797;0,820330837;0,875706907;0,952511215
0,5961146;0,73098554;0,873718599;0,803987085;0,864414441;0,950655564
0,618411638;0,752901295;0,885590576;0,787330579;0,853167427;0,949310652
0,644253542;0,779357726;0,899930462;0,78550449;0,85256827;0,950256436
0,667008939;0,802519007;0,912756854;0,801673193;0,865555953;0,954811656
0,685090101;0,8200477;0,921634443;0,80718572;0,870940604;0,957701313
0,681561728;0,814113729;0,918471021;0,782754353;0,853524062;0,954335923
0,665706409;0,799960994;0,914178399;0,778475726;0,850659727;0,954318315
0,655435015;0,791704465;0,911708918;0,783740196;0,855148195;0,956424819
0,641071286;0,778396585;0,906021614;0,803197909;0,870501349;0,961554731
0,632488219;0,772468343;0,904231685;0,837041108;0,896307324;0,969134275
0,627521281;0,769064873;0,902774939;0,870534562;0,922628954;0,977383502
0,627280594;0,768258048;0,900461104;0,884207327;0,932475517;0,979576176
0,624244827;0,764663517;0,897040711;0,891185552;0,937781397;0,981031163
0,634366833;0,771037845;0,897958242;0,880699248;0,929517051;0,978039079
0,652052118;0,780725587;0,898312774;0,897485638;0,940792633;0,979694932
0,645592702;0,776337997;0,897413381;0,908663842;0,948893269;0,981563144
0,638794966;0,77046198;0,896482257;0,870752636;0,920587657;0,973719523
0,632522739;0,766393534;0,895818422;0,857296828;0,909738943;0,970146505
0,611020558;0,747078871;0,887684546;0,813163826;0,876468007;0,960882597
0,593820293;0,732922291;0,88288784;0,787272403;0,856191741;0,954581666
0,586893291;0,72718429;0,881196645;0,77842072;0,84863055;0,951578421
0,586128964;0,727763135;0,883098383;0,781987447;0,850246655;0,95077439
0,584102985;0,725011412;0,881124158;0,776381725;0,845232602;0,948459042
0,584442175;0,722950086;0,879544198;0,78557161;0,851464934;0,94925924
0,588460635;0,727389478;0,882721622;0,812731099;0,870402254;0,952908693
0,598430327;0,73733639;0,888100556;0,831496971;0,882622512;0,954769117
0,602130272;0,740134214;0,889472007;0,769422038;0,837250454;0,943117795
0,599064189;0,734690248;0,884051001;0,730594783;0,807751411;0,935104017
0,59478;0,730720122;0,8803513;0,703083175;0,786102115;0,928696915
0,59182944;0,729040612;0,880211654;0,685980768;0,771546884;0,923216737
0,592895618;0,730832825;0,880116626;0,67735365;0,764042036;0,920070522
0,591954984;0,732267557;0,881001209;0,680415301;0,765558424;0,919422137
0,58523378;0,726231983;0,877950461;0,680679401;0,766039382;0,919404085
0,582581842;0,722491825;0,874818048;0,684483908;0,768798128;0,919892716
0,588194973;0,727254349;0,874559562;0,699159363;0,780173213;0,922882125
0,596917247;0,734493182;0,876249482;0,717917853;0,794783459;0,927259703
0,598156011;0,734752887;0,876167113;0,710969072;0,791413311;0,928589309
0,591315311;0,728329278;0,874566258;0,714680207;0,796000949;0,93200594
0,587807948;0,724679164;0,873114643;0,722786959;0,803641193;0,935832776
0,592220715;0,726470641;0,873948341;0,745354242;0,822354671;0,942788113
0,592104267;0,724427621;0,87380661;0,768705351;0,840834127;0,948695175
0,581627516;0,714717026;0,868711737;0,761615741;0,836156905;0,948307836
0,584199893;0,713344231;0,866186813;0,769868032;0,843000138;0,950855813
0,585818181;0,713663639;0,86587357;0,793036606;0,86084531;0,956097304
0,569531412;0,702612819;0,862302702;0,806207577;0,871781826;0,960347809
0,561256657;0,696818563;0,859588421;0,838203125;0,896713939;0,968297203
0,560503811;0,697751192;0,860426192;0,886759808;0,933715771;0,979149462
0,566194719;0,704769061;0,864148508;0,9523865;0,983038756;0,992628783
0,579164151;0,718836574;0,871237581;1,050278111;1,053722708;1,010885816
0,600988112;0,739354577;0,88179249;1,082401822;1,078316211;1,018704487
0,620807803;0,756020098;0,887723938;1,156826371;1,130296031;1,031657971
0,622599549;0,757868097;0,888924824;1,134547852;1,116686023;1,029756987
0,617461569;0,754458842;0,888715713;1,065638213;1,069966392;1,019873801
0,612982578;0,751551187;0,888481919;1,039279832;1,051007975;1,015469172
0,62126316;0,757239841;0,890436139;1,038752903;1,050896387;1,015837218
0,614981117;0,754949643;0,892683579;1,06804871;1,07091525;1,020532959
0,615097223;0,755261252;0,895543172;1,049420298;1,058181427;1,01793751
0,619420691;0,759045576;0,899219933;1,014871642;1,033944084;1,012500918
0,631602893;0,770263403;0,906971892;1,014662627;1,033003515;1,012212805
0,647307417;0,785038059;0,915796528;0,995373757;1,020889648;1,010654176
0,676902121;0,811750195;0,929440205;0,99190155;1,020078463;1,012094798
0,711897166;0,844537541;0,947027819;1,019593682;1,041222358;1,018635098
0,758258831;0,889567006;0,970723021;1,072581605;1,079825674;1,029085848
0,831565344;0,959849794;1,007559185;1,16453722;1,144514932;1,045404599
0,938872425;1,0659949;1,065270785;1,290833151;1,230615272;1,06613662
1,135020423;1,249749439;1,16350534;1,427312545;1,31902975;1,087012032
1,140157827;1,291355389;1,243558586;1,263104974;1,21909503;1,075323597
1,131547532;1,296093384;1,257838414;1,127242912;1,12886915;1,057392636
1,092895551;1,260698121;1,245711841;1,044489371;1,07114039;1,044209252
1,043846041;1,222489503;1,231970751;1,00230806;1,040557174;1,036479358
1,004946572;1,193780023;1,224746011;0,981405005;1,02566475;1,033485998
0,978136449;1,172673217;1,220734;0,984681165;1,02760633;1,034244756
0,956327916;1,163978489;1,229725349;0,989298564;1,033085393;1,03836006
0,953776517;1,175070618;1,253637475;1,013370077;1,05220337;1,046165055
0,953197976;1,187543242;1,269289972;0,979116528;1,030897001;1,043882597
0,955624804;1,196655159;1,280537628;0,980772739;1,033326564;1,046052415
0,984617181;1,231573964;1,312210521;0,996499244;1,046665855;1,051393219
0,975421894;1,224192922;1,299891825;0,94738123;1,010579521;1,040772731
0,907607354;1,167686043;1,275863803;0,90755434;0,981126604;1,032712592
0,86630288;1,136017448;1,27016453;0,895773028;0,973197563;1,031778774
