CCV1;CCV2;CCV3;CCV4;CCV5;CCV6;CCV7;CCV8;CCV9;CCV10
6,104725421;8,999248477;4,471007945;0,41636645;241,9519757;2985,546593;14,8647043;15,24591342;15,16453678;6,229877775
6,723531506;10,29861422;4,409987254;0,449852091;226,0280135;2918,241589;6,894823076;6,043095941;5,090721569;6,222563088
13,48266393;14,0574835;13,4324365;0,413048685;408,3759758;12342,4906;1,991770942;1,532933271;1,305380728;8,02690023
12,04952519;14,43179284;9,122551383;0,388358156;216,9753609;13408,90965;1,225699358;1,103965518;1,44014362;5,066673069
6,609967236;9,559088187;4,898203337;0,402861441;339,9743861;5230,8205;1,175258116;1,080678799;1,47771612;4,198260193
6,085332737;9,31887908;4,464763637;0,425733029;1113,142285;3081,20978;1,56347096;1,512771319;3,044087074;5,444896378
5,841158908;8,844542586;4,412246306;0,432154637;531,9729048;2862,924706;3,9563313;4,115261316;9,892018314;7,403364184
6,059478398;8,672019728;4,89209504;0,404117947;1197,447528;2841,567841;2,471908042;2,225027784;3,257842906;4,307241396
5,830031473;8,485836131;4,643451698;0,391931485;295,80804;2858,999387;2,098139655;2,000109573;2,128372067;4,099256974
5,843461663;8,472492326;4,67600045;0,404070665;404,5364611;5280,49402;2,322112157;2,265032397;2,669880112;4,236283256
5,739199546;8,607533754;4,640401712;0,392488828;214,2189056;4905,453423;2,645836905;2,596800117;3,493877023;4,301691793
5,797854957;8,636071407;4,399679048;0,404451353;186,6169312;3049,906186;2,524276945;2,431053343;3,465434068;4,12493882
7,128387489;8,729834277;8,757679733;0,444576444;239,7598155;14475,46614;6,992904458;1,325478946;1,396241735;4,51324003
16,53322499;17,55703388;14,22254486;0,40959927;188,5378876;13312,61297;11,08218343;1,273270456;2,624302814;6,415474454
10,19998749;13,11368939;7,417633789;0,439542464;289,4036508;14223,65625;16,75491539;3,687258487;6,553402285;7,073824809
12,06185302;14,53323603;9,152651722;0,384600609;202,3719448;13575,33571;20,87953111;6,52955779;12,33205804;5,959525847
7,037716905;9,646632522;6,316224536;0,410308099;2739,641438;5662,018729;18,23469869;5,906210505;10,20595439;4,137581627
5,915449473;8,78017189;4,677947084;0,409948344;449,3870033;3158,458642;19,34374064;7,630203369;12,53350056;4,752666268
5,858522097;8,503254163;4,803563356;0,392610373;401,2462053;2875,103676;18,99247462;8,302013902;12,04743306;4,455183854
5,929608598;8,451700694;5,193848668;0,447988392;2867,268681;2869,425179;23,91555758;12,9439636;20,62551674;6,280924666
6,105903087;8,66125391;4,952796911;0,37305648;474,9411379;3016,948541;19,13160766;12,74778577;19,94726324;4,432201344
10,85466195;11,44898045;11,79214263;0,408631838;967,0572126;12066,70128;12,5592696;7,522191795;10,52497196;4,646651755
10,47610785;10,67820794;13,18796516;0,490131806;274,4626636;24036,18107;20,80609421;11,38621905;19,71995768;5,496765893
9,099946567;9,112532071;15,84484334;0,390198343;192,1087487;13842,11809;24,98329011;26,61339618;25,06333285;6,04775191
17,22167785;16,34250652;18,28208637;0,400933503;188,8246846;27486,00465;5,895323124;29,30454959;27,03443734;5,990452593
10,31248855;11,18314191;11,65696293;0,425201753;212,7825756;15182,52156;9,770880263;33,12831876;25,8124277;5,88222151
6,522291292;8,976159164;5,651701121;0,402161545;185,7619777;4124,042508;5,943771333;21,20417975;11,85079547;4,605284391
6,929848118;9,623936004;5,281201099;0,392682936;250,2792074;4015,698979;6,28889011;20,80947533;13,08376064;4,264109879
7,42957471;9,053769508;8,663991572;0,402268355;3145,502882;4422,73907;7,960817421;21,9010931;15,31876402;4,809997451
7,405730681;9,36149128;7,02883172;0,398293294;668,4390903;3020,844788;9,556168277;22,83922499;15,83144709;4,791370857
6,466803422;8,910948003;5,381423223;0,396909147;5147,413173;2858,585851;12,51961242;25,76371494;19,85524011;5,461059468
6,089938428;8,514506393;6,240182041;0,573358642;3881,974821;2866,881406;1,982265364;10,29490178;2,046508376;7,494703824
6,444385722;8,47255496;7,599125876;0,351648151;3871,348427;3127,989365;2,165960261;6,78988742;1,320027155;4,802575097
9,421450476;10,31888718;10,72018236;0,422295577;952,1042333;5924,825509;1,264234308;9,035409261;1,822900016;4,816600917
10,63176602;9,720563904;18,07864687;0,609574638;347,4531418;19050,84624;4,777073248;2,663733561;3,81567553;6,751585407
7,656312877;8,667804473;13,72662379;0,426712879;203,2350948;9541,610025;9,867323891;10,58746907;9,782671991;8,307124098
7,717153552;8,627079394;12,29078963;0,570196978;188,395315;11724,00858;23,96637302;25,33761754;23,55142549;15,81986312
21,20631986;22,97067029;16,10215468;0,330872371;188,4425789;26159,50627;29,63439235;30,19080387;26,6826445;7,118474679
8,754720879;11,85622889;6,488481838;0,47991104;320,7737873;14760,75719;17,81668703;16,70679218;8,8279033;5,105377642
7,638708971;11,33153998;4,853090747;0,359497086;202,0640875;7323,02811;18,7255451;19,02159663;14,07215041;4,836342601
6,884401239;9,630978901;5,403626759;0,483754442;726,0660929;3872,602443;24,58979115;25,24288181;24,08163618;7,173649193
6,365394807;8,940525944;5,16709436;0,35238644;254,6152109;2953,156809;7,111416209;21,61602623;16,7928604;4,244951169
5,91241667;8,569646458;4,629203382;0,420145899;1552,223604;2850,528615;10,97504605;23,22223822;18,57868945;5,089567968
5,742710086;8,521196962;4,617829619;0,428371041;339,6253452;2841,922231;1,409891268;13,35084559;6,287881423;4,782109485
5,722826427;8,466533586;4,568373519;0,424281961;204,0038792;2839,645499;3,613784988;7,038985337;1,28089947;5,195540681
5,750364512;8,757663865;4,652697881;0,467425169;270,4749498;2916,423794;6,785569613;0,364134617;4,377224731;6,263660771
6,205293386;8,806664437;4,978097957;0,365110706;217,2486155;3188,288482;3,460751406;1,26163779;4,972362524;4,262539557
8,674617135;9,6789609;10,1545367;0,41367521;211,7717206;2965,803681;4,400313551;8,508250361;5,119871694;4,468940043
9,864186837;10,32497463;11,78793547;0,388235195;194,3837576;3140,715945;4,804585242;4,277211727;5,033667244;4,277089185
6,302591027;8,86106702;5,320208178;0,450796458;199,906047;2933,423254;2,077200898;1,785168087;1,860291088;5,56295467
5,913436358;8,518153593;4,966790949;0,390231616;209,9872012;7551,142714;1,355148552;1,218354626;1,331862858;4,657676355
6,255579794;8,802818827;5,003703231;0,419546737;189,0900947;3392,662412;1,213414637;1,113299189;1,922479602;5,179639745
5,890727221;8,520381165;4,68865478;0,396280868;346,5505463;2946,705442;1,183377443;1,088103436;1,353928441;4,283240121
6,055109404;8,586715979;4,936916402;0,395588128;1269,519163;2869,285979;5,301636192;1,075733139;1,369126291;4,132113728
5,881541451;8,636649422;4,448812752;0,418487202;619,2970344;2841,711994;5,642579819;1,437831851;2,258942435;5,070172046
5,916204999;8,795945581;4,384571905;0,388204463;1439,26362;2847,991109;6,887392868;2,135642108;2,638702488;4,785775206
5,7529205;8,773092563;4,778781513;0,39998839;716,8024268;2841,673963;7,373611968;2,052279621;2,963826004;4,138297211
5,870989621;8,488456797;5,436457048;0,481933196;241,2404774;2916,622258;10,84965147;11,81109249;10,2946984;6,143212968
6,313654175;8,577976717;6,083225179;0,357898129;245,380481;2969,848161;5,118423367;9,186533993;6,813482075;4,146994267
14,70180695;14,34389883;15,8335746;0,447575313;194,3062508;8289,852402;3,477226691;6,140979283;2,750405689;4,257590525
26,57329398;19,85568589;37,15223042;0,40201406;199,8980717;24705,23131;1,832470405;1,264139895;1,913090978;4,728244498
13,74592677;13,2049525;16,60385944;0,426636904;184,4361852;12171,42297;1,165403506;1,066596806;1,326191275;5,044316239
8,601329745;10,26999119;8,531896467;0,406435647;183,5523424;9312,89019;1,934550656;1,924520335;2,058345512;5,760001533
6,488911376;9,63059121;4,836764453;0,425447075;275,4546513;3784,187438;7,191650287;0,975123801;1,381061967;5,528603023
6,108283155;8,832638815;4,771998614;0,382479404;402,4421337;2933,270784;6,703435417;1,182433539;1,506671345;4,244956336
5,948536552;8,609124626;4,659274617;0,40626639;480,7650147;2955,620488;8,001298245;1,455190955;2,5323628;4,31808004
7,303043522;10,18265833;5,19272373;0,520798549;7226,462121;2852,204349;17,05296171;18,72459838;17,86014395;10,52658781
6,672346519;9,530709957;4,90294047;0,34655353;7573,541815;2853,321744;23,77771061;24,31131286;23,87502733;7,41441168
5,85243953;8,707826299;4,779327463;0,426205115;2277,778709;2853,431069;18,64822522;18,15403697;16,46246001;4,103728102
7,448830848;9,446938323;6,945042999;0,388627537;512,2540581;3897,214339;16,58122781;16,47887323;15,305948;4,137710635
7,217750125;9,569405136;6,048489839;0,424021252;216,5770591;3434,315198;21,39710342;21,94069832;21,61265347;6,326482478
6,10894227;8,771936207;4,752856302;0,387896273;187,6467063;5803,433263;26,68244106;27,24250942;23,522912;6,516844299
6,131221117;9,707426346;4,532511286;0,605158547;202,3613179;7844,267458;47,54878058;49,76999837;47,90402981;16,61004074
8,951088548;11,92899913;6,310695525;0,296455074;200,7269238;13242,8962;57,47949699;58,56684876;56,2148052;8,879031253
8,933791424;11,30818048;7,318930635;0,547632159;195,6086438;5748,128903;71,72780475;73,49209574;70,92578797;10,79225718
9,261343582;10,4164888;10,42490098;0,322935776;1162,836246;6430,901599;32,85227623;66,98584437;62,2748484;4,928789105
6,64867303;9,157706623;5,37395637;0,447855918;647,2383274;3387,998963;0,566395829;44,73534352;33,24967032;4,8983497
6,095967931;8,563740268;5,874495447;0,459757918;3538,499812;3258,816806;3,055565099;26,25349608;9,605352694;6,212586731
6,560234739;9,617610298;4,67872533;0,457128785;2394,419328;2880,434184;8,660472856;0,12378947;1,091746153;10,08333761
5,959598617;8,749562552;4,508029393;0,368073877;5086,373562;2842,802727;11,79530308;1,363429803;4,885801725;5,90083159
6,182538161;8,632799653;5,329708223;0,446579395;3684,058883;3080,633724;7,308826092;1,690459003;1,980080731;4,433505702
5,803735721;8,994633096;5,224403613;0,482820192;551,6759129;2955,270811;12,58800934;1,206905894;10,65183215;7,406834953
7,051268127;9,350303207;6,271378758;0,357274846;224,2492536;4939,046625;14,41470159;2,205516832;12,79285175;5,212161104
6,480283933;9,568489132;4,628384988;0,467425808;187,6490361;3184,666343;24,68875174;27,25178066;24,17007639;10,63619981
14,86755842;13,58251578;18,45751049;0,616517895;208,7259767;6362,623389;52,56802;55,29969526;51,55278074;24,35656091
10,81341555;12,70708801;9,093301724;0,286383894;222,6091175;6586,911961;66,20360744;67,70899365;63,98651009;11,3046197
6,608431779;9,68105006;4,900363277;0,456982712;367,6785357;3213,888859;61,48583216;61,36380982;56,33128913;4,931040717
15,80747319;14,80488578;18,03653387;0,373578304;793,0335027;14332,99643;64,7686424;65,62640021;62,42110923;6,849666957
7,889605656;10,12922921;6,785797315;0,408069988;1819,953567;5267,394009;2,899338622;45,69407315;33,17128153;4,328312253
8,928831779;10,50297639;8,747009461;0,390424327;8525,911107;3784,389375;4,491432797;41,10884201;24,74769571;4,275178126
6,319064607;8,935943085;4,983432306;0,399890751;1329,249487;2933,555593;4,050111114;33,83118273;14,54205491;4,126733037
5,800672933;8,545567068;4,476570303;0,396967931;414,6520932;2892,70037;3,080954873;25,77289394;8,011624606;4,123183229
5,925721254;9,004337813;4,409333239;0,405498167;210,149747;2844,613598;3,953334063;25,46950909;10,1186644;4,597112744
5,931003732;8,859411551;4,385196824;0,434511754;189,1068204;4928,219998;1,698779801;13,6266224;1,690546834;5,303337201
8,853064442;11,82643811;6,075852201;0,447905817;208,8759801;3183,607073;3,585223836;19,21237799;4,198752349;6,096623037
7,198996843;9,365532586;7,292922253;0,505079607;252,657597;14153,52531;7,690625268;6,176532455;7,568333555;7,7169483
16,85990587;11,69980806;32,7011155;0,383878901;189,8650463;22168,14686;4,175811847;3,95593566;3,955948777;4,67735207
11,44259219;10,24573485;18,17884905;0,416882296;212,889627;6955,901184;4,392865066;4,371845876;4,339786304;4,257510642
6,547947863;8,859563468;6,767314661;0,490417141;348,9994757;3636,68982;8,525899869;8,89233174;9,25058449;7,353199173
6,477062568;9,496731904;4,731641355;0,383206429;390,9165078;3075,279151;11,36606738;11,59342225;10,98296848;5,688309395
7,785447994;9,520813858;7,90506555;0,402288196;1808,487209;5534,519228;11,54682924;11,54234288;11,10797498;4,50424233
6,129442301;8,75890411;4,851639816;0,402035554;923,1862618;3468,830909;7,171427574;6,721275477;6,757258806;4,474222377
5,902494981;8,695984054;4,438416032;0,448311271;1373,404883;2902,416513;2,51132884;2,038823589;1,590932093;6,523200662
7,732531245;9,879904035;6,725152379;0,372043012;9788,716924;2983,283408;1,182793926;1,010753168;2,183199625;5,88039329
6,526859238;9,57663096;4,69105179;0,410228856;2149,949976;3139,378058;1,244270398;1,166346704;4,448659798;4,546723855
6,49815611;8,847449822;6,099972918;0,394549312;565,9984721;3024,369565;1,237745345;1,142142261;3,247461956;4,096357299
6,626302312;8,801934995;6,319759841;0,460698349;227,2972702;2900,392817;1,194338367;1,098206032;1,247052294;4,56938592
30,98524189;22,84204483;42,04885157;0,371003031;206,4412902;46471,38977;1,17023713;1,075168942;1,37883862;4,153746845
13,65431873;12,63723179;18,3077145;0,447243286;185,1094707;14697,049;1,514436505;1,455623567;1,97159167;4,752610794
6,888146278;9,863715081;6,508941381;0,394034987;186,5302206;5826,762846;2,371571619;2,363493005;3,151518297;4,816772379
7,181387626;8,846337017;9,380519756;0,46301505;220,3252137;8692,132899;4,1229707;4,208100128;4,415626391;5,358030878
7,429339627;9,60681902;6,61932119;0,366930198;340,31908;4937,383706;5,419116328;5,461762266;5,710793188;4,677792247
6,978401395;9,354554605;5,832473691;0,417619299;722,9755271;3239,356186;6,926449942;7,007619972;7,205608347;4,791824543
6,392741282;8,856688994;5,388713243;0,384998207;2163,400988;2897,123577;6,619442998;6,522436519;6,821829414;4,157889828
5,98432833;8,619610082;4,701943667;0,443036838;3269,522461;2845,046361;3,435116869;3,060177513;2,426570345;5,050499555
6,660004768;9,045183672;5,523464767;0,372628951;2746,964089;2844,439629;2,052740019;1,868941494;1,312964931;4,608138594
7,296170091;9,510763281;6,330956572;0,416259737;1089,985161;3508,603893;1,994914785;1,912534164;1,410479036;4,096575201
6,423527649;9,431937316;4,62730248;0,465956766;404,8825319;3190,775062;1,187031188;1,017376247;2,999518889;6,869117174
6,362720996;8,655034763;6,628930318;0,445122197;210,7187273;4464,485398;1,212161969;1,130416285;1,315996963;4,379656771
24,76071856;20,98219288;28,78930236;0,437617352;291,6860196;44757,81661;1,647054995;1,59616344;1,917839735;4,651027996
9,93400554;11,64737675;9,433435192;0,375423071;195,3752844;8904,207495;1,503490578;1,393384016;1,661812911;4,106127723
16,30745302;15,60625138;17,78857575;0,405957455;184,6779562;16523,87434;1,277752059;1,165524904;1,378791652;4,218285863
9,829926643;11,67827776;8,857035269;0,396056756;289,0064707;13945,70082;19,97925537;1,939724408;2,96759249;4,844258594
11,46953249;13,77106576;8,912304866;0,466276121;435,3639192;10626,7613;29,29202158;6,548329039;14,51866288;9,118667852
7,416827005;10,00632003;6,0205175;0,387154658;484,1526077;4700,314218;32,41724404;9,539757746;24,4786405;5,72760008
6,023974954;8,722590885;5,049610237;0,407103204;1283,67817;3161,308924;29,72112836;9,4860411;25,89150261;4,327295475
5,920710589;8,660853382;4,539096088;0,391056292;773,1080823;2874,984969;30,19534983;32,81778956;30,1554964;4,887634356
6,823973715;9,010348429;6,172996881;0,416842439;1932,96307;2908,882096;9,157098341;19,51603556;14,28555531;4,56667051
5,9193511;8,84252062;4,737520507;0,473554307;362,7654822;2983,915996;3,648384668;1,807377884;1,469895158;6,817893493
5,843498956;8,774441012;4,418650455;0,373309289;204,8107073;3011,412198;4,858505035;5,118153249;5,323909103;4,557074199
6,734344726;10,04579206;4,517493696;0,442441849;534,490952;4747,087372;2,445423266;2,092013509;2,576281405;4,972784625
13,61797936;11,93552908;19,98603646;0,450621873;332,8728576;33883,45417;3,679979918;3,753822883;3,997241707;4,741747029
22,95882921;20,57078297;24,67356968;0,368647183;235,38361;28080,21553;3,358058732;3,231524537;3,774660027;4,09684174
13,81709492;12,95371815;18,59536527;0,447896128;213,6377792;8875,38224;1,831027901;1,602156569;1,997726132;4,814235472
8,499277832;10,91268077;7,041499813;0,38820355;215,3357988;3645,816276;4,836571161;3,583611969;7,509676318;5,437756693
6,662937045;9,415658804;5,035221889;0,405088909;205,2104761;3587,010047;5,61276529;1,806410458;2,873351572;4,571662721
6,097602553;8,89220059;4,547510603;0,403178926;204,1685985;2912,544391;6,888077297;1,130799472;1,276691374;4,829601662
6,952372027;8,928980597;7,083695111;0,404730699;1443,927209;3021,167296;6,632013312;1,0860128;1,464115332;4,226438089
5,968914331;8,729775533;4,678921131;0,391461702;1104,243507;2876,571277;6,773423403;7,406265154;1,98677988;4,324925993
5,853569579;8,538849712;4,552728017;0,39883237;306,9775396;2842,424782;1,334976112;5,146938947;1,41502564;4,097884728
5,933527966;8,444234856;5,657646242;0,420258502;585,336827;2859,083229;2,051322498;1,570453407;1,589537776;4,708613609
5,77160221;8,432153755;4,58091121;0,393637232;512,1785582;2948,362027;1,508410144;1,415600908;1,656396202;4,207918119
6,515117197;9,199530353;4,928381315;0,423266642;218,0635733;3859,065186;1,163814909;1,038093661;1,352232268;4,81864159
13,06089685;10,7812244;22,38399375;0,403917897;223,5699395;15508,44046;1,174170236;1,086223547;1,364964444;4,144638101
9,262211711;11,50534714;7,796042141;0,430361506;188,3662612;6383,107453;1,58769701;1,538877399;1,92019123;5,050545031
6,72889833;9,332579853;5,466390091;0,396193188;188,4395893;3291,294834;1,161394892;1,022954489;1,325317085;4,725523332
8,965709876;11,46674416;6,887883444;0,431065257;194,344299;3591,049157;5,369557077;2,270575691;6,273187951;6,751897956
6,264637952;9,586579442;4,968366407;0,422942548;321,3810638;2967,440725;8,284608897;0,948706758;1,096710195;5,585624345
6,567639895;8,957503325;6,02195063;0,388653703;721,0268391;3026,538316;7,618805386;1,09491084;1,394855052;4,134655297
5,844813899;8,523799179;4,624479291;0,40286823;366,9173787;2900,605006;7,585354279;1,174337091;1,731984444;4,20988776
5,751873406;8,45475077;4,421068485;0,392813019;275,2167779;2846,821672;7,108681927;1,281929228;2,105159538;4,141456216
5,722021449;8,428367734;4,401186547;0,397750897;1851,033054;2847,960934;6,979907401;1,481643293;2,684771563;4,187639918
6,243018805;10,50026886;4,772912735;0,539123648;365,4222009;3014,848494;14,59509964;15,98353629;12,34410765;9,438895591
6,07316366;9,012622541;8,748365739;0,5275204;294,1687354;6346,008525;23,29134742;24,03981235;23,70290526;8,88174919
7,249283759;10,0079206;5,888376979;0,34142797;286,8368809;5138,070417;29,11461872;29,72366187;29,05573457;6,845486859
5,932300937;8,724593049;4,537753491;0,479105442;193,3820336;3258,991239;28,47679333;28,48832038;26,46013942;4,62780386
8,921651752;9,966337837;10,07680432;0,357287735;184,4728542;6457,624887;30,84781601;31,23621032;30,75154584;5,403933328
9,412832121;9,236619296;15,93703009;0,463133207;184,3432409;5092,081526;31,00279537;31,13902743;30,66811608;4,866290409
6,247468886;8,697604671;6,33364563;0,391431851;183,5427786;3182,693636;6,712445837;31,84867694;31,21017606;4,939927162
6,506247612;9,221858751;4,994637145;0,452964388;233,9336132;3504,062174;2,585814835;15,43092959;6,072887877;6,559589582
6,575816525;8,600823791;7,911551984;0,468092147;1550,095505;3363,658118;4,351948926;19,84196952;8,213714973;5,097251382
5,915967152;8,816346027;4,86605784;0,465812864;966,8295187;2945,192938;9,254965577;27,70720715;11,64673241;7,769292616
6,249591562;9,163818882;4,592779881;0,362216136;1115,297063;2868,342842;12,07938913;29,50946951;12,76360731;5,427615883
6,507190191;9,172860797;5,022143868;0,414589923;2489,877497;2885,127267;14,75913837;31,46115157;15,4143013;5,30048718
5,938807209;8,732661035;4,455264087;0,415117994;439,2567597;2909,874412;8,747143245;6,146846774;6,967732658;4,888153233
5,963160528;8,481116267;5,674315236;0,392118706;260,2461257;2847,993635;6,896082692;6,976559229;7,166090851;4,13003786
5,871909197;8,51728179;4,656555812;0,426289423;227,9104489;2918,830879;4,118264914;3,766377884;2,897104252;4,618476042
6,03114543;8,475710459;7,249551746;0,483085799;188,8128919;4266,164548;6,594548867;6,811066403;7,833068946;5,415403274
14,864564;14,4980382;16,16728642;0,352933341;312,1535129;27667,36041;7,463742564;7,468937545;7,63942812;4,496040459
11,85470697;14,34313456;8,818127942;0,435059814;204,712865;6859,258089;4,77091891;4,441806511;4,746840551;4,446750955
6,593313157;9,574630752;5,227443714;0,432556938;252,2292199;3234,398685;1,950067085;1,624517323;1,455264143;5,853419132
6,078608274;8,684246647;5,24489459;0,398100772;295,9573753;2896,638539;3,285385909;3,361959218;3,652261874;4,954985358
5,912953544;8,896525333;4,486864824;0,499754262;203,0463113;3214,1881;9,677957631;0,854748433;1,214989969;7,208356554
7,559930173;11,04610354;4,797892593;0,699311732;241,4503694;2877,767483;26,01748805;6,377807267;14,59844477;18,64131579
6,060222791;9,101943262;4,417219493;0,246886919;2055,158821;2847,641042;35,14686145;12,8583455;29,00864552;9,148418326
7,108893104;9,927376739;5,172584336;0,471807174;7102,819707;2894,706174;40,86336512;44,36221246;39,7218595;7,247011122
5,98566346;8,771583511;4,524043051;0,359236101;1032,25086;2844,809844;33,80894656;32,95524809;28,6127138;4,121943015
5,779085332;8,51277802;4,410664318;0,429809431;278,8095976;6584,82818;15,50637615;32,5190202;28,03981396;4,693028739
5,761838889;8,503062821;5,204693605;0,531563397;197,7460472;3665,078197;7,963481003;17,31060161;7,450150324;5,592689725
13,48068261;12,49400377;17,06062607;0,33724644;195,3019169;31488,49161;5,622144885;4,230272726;5,395883357;4,204884253
8,112977314;9,677098785;8,610665644;0,465671723;184,6704068;7469,626327;6,050042725;6,206120571;5,907619964;4,380421261
19,09124315;17,86495667;19,93490193;0,394507277;268,4855699;19388,68327;16,89010438;7,569872474;12,4026644;4,927292939
8,557688315;10,53171416;8,31305516;0,3993452;195,1094725;6614,876011;10,81052268;4,172029839;5,257087872;4,44270947
6,154117442;8,946351036;4,818863472;0,430528991;225,9307556;3383,400938;13,22863036;6,740026848;9,405729585;5,297671739
6,406061685;9,202954764;4,725648154;0,402779089;188,609185;3133,52549;1,414986893;16,90070326;12,87899706;5,535388379
6,795302487;9,415616303;5,30015784;0,516714589;975,073522;2869,610456;4,481771838;3,88212355;0,734348461;8,764843278
6,106752971;8,835107138;4,64393987;0,336214992;267,8161124;2841,74374;4,987809623;3,233160938;2,847408825;4,321739981
5,969271977;8,691334084;4,539631786;0,425888264;925,2791576;2852,298285;5,720649538;2,678562286;4,857745255;4,399278133
8,171330722;9,89590114;8,0069416;0,410882405;1518,128199;3015,272857;9,607594022;10,30569989;10,02637181;6,355479311
6,099572118;8,715176882;4,850977674;0,44457659;387,3773149;2961,788156;1,230164392;1,726430215;1,822382216;5,36888551
6,649628095;8,987192308;5,788084074;0,381286677;207,343221;5908,564494;1,598782518;1,948904243;1,690907826;4,22823198
8,018928965;9,59649832;8,332138583;0,538198909;270,8185621;40213,17074;4,149255079;4,277168459;4,198727393;7,480555918
17,65331866;16,6333542;18,59615187;0,337903046;202,8209484;25142,9365;5,709705023;5,787285374;5,620660057;5,098446661
9,58665431;11,42396341;8,740019568;0,504118197;203,9227204;5283,02774;1,492710043;1,203405968;1,739355406;7,112917928
6,760433427;9,253622248;5,629802542;0,370609555;185,5574721;3785,918968;1,180033084;3,307616025;1,761073446;5,493436395
5,862431683;8,632090544;4,658036043;0,463316066;458,4479699;3356,421727;1,934214816;5,419934546;3,362150742;5,682087079
7,922036476;9,301101079;9,053971986;0,363110408;3764,847854;6368,825765;1,233723034;0,648649471;1,283375257;4,624489843
6,358355381;9,095490597;4,944893657;0,420745157;556,4531655;3189,203842;4,157635458;1,618715624;3,395174875;4,581383425
5,885266349;8,634557475;4,482508728;0,387586223;611,0074239;2873,012543;3,186733241;1,28340045;2,249728073;4,109176448
5,841760296;8,533477538;4,521753641;0,400072677;380,5195826;2846,778245;2,48957509;1,16177522;1,689369035;4,120129134
7,180651696;9,477891568;6,012713681;0,411624779;607,8595539;2932,390548;4,063506714;4,299069084;3,561661512;5,32075207
6,044058164;8,702813974;4,719769495;0,41988665;293,712295;2867,090265;1,15550048;0,749997211;1,243939277;4,975458114
12,88895017;15,53066145;9,155908451;0,395822319;267,6841053;11087,2787;1,651782747;1,649447036;2,914783397;4,811220342
12,23580648;11,2670316;19,43509593;0,396315851;192,1184049;4845,425076;1,601654937;1,499157373;1,643392567;4,111356408
10,53806585;11,1935327;11,88344875;0,401669845;202,8214477;5548,284838;1,335057905;1,220851798;1,484251668;4,150611443
6,401172738;9,263500429;5,848941667;0,427326609;185,4441531;3123,822762;2,105737835;2,09962398;3,869246424;5,079975251
6,232763318;8,888463511;4,975615165;0,429514227;202,1346791;3295,353398;2,621608813;0,961734481;1,770013144;6,176763311
5,788258199;8,542026804;4,565758675;0,501513712;438,2318472;4089,29704;6,365154342;6,855156985;6,833874881;7,465903472
5,894987939;8,503329354;6,462046133;0,49379952;5029,673289;4066,656756;11,58381515;12,00347282;11,93066688;7,424914969
6,400465483;8,754538333;5,75718516;0,369662003;4407,061334;3051,742643;2,182549592;5,87622835;2,361250728;4,962943114
7,526200241;10,16844391;5,653187863;0,475856418;2765,657136;2914,675337;1,149307156;0,506254471;1,295480345;6,528278711
8,345142847;10,22224718;7,675251132;0,362787595;5564,941378;3023,761249;1,854138819;1,902155924;2,319020224;6,149308166
6,103564449;8,763781085;4,814243684;0,415114448;740,1053275;2876,825067;1,622652725;1,497328198;1,883066862;4,092011441
5,78463926;8,524378339;4,41903034;0,399717903;403,2490308;4615,283624;1,257979805;1,136218775;1,332546003;4,265871267
5,80427006;8,454860341;5,22098357;0,439121537;242,6251927;3207,84213;2,280492652;2,300924134;2,43134512;5,698904116
9,515075864;11,04222714;9,002349055;0,374323752;190,3270128;6024,862349;3,722049331;3,780482053;3,743635114;5,282448877
8,625929003;10,89873415;7,006082919;0,499601862;250,7489413;3195,151749;7,687484274;8,020072593;7,599796626;7,458609384
23,35401287;18,67527875;30,62930114;0,345613801;200,7558202;20921,43302;7,307544064;7,194536912;7,04687198;4,224755034
10,25005099;12,21514363;8,812580129;0,429443489;195,6116172;6380,755962;16,63539748;9,136634886;12,64761354;5,040552743
8,019517222;10,41026749;6,50341856;0,434067132;276,6955292;3677,303245;22,02601265;23,54012634;21,56892773;7,086033245
6,063077372;8,913533056;4,64490544;0,408261264;373,243931;3137,239714;23,05430723;23,09141752;21,30324478;5,069901823
5,781386236;8,554100658;4,400276502;0,393288226;1536,8809;2887,13257;11,34045262;20,82302313;12,39021875;4,317291858
5,910626754;8,55642773;4,649069331;0,405989103;3630,042446;2845,503538;8,839519144;7,449489076;8,318571415;4,116499713
6,678112137;8,860880645;6,159075457;0,391957156;7906,363419;2960,902067;6,147159392;6,010375535;5,874622214;4,213324102
6,31631176;8,704029826;5,443136338;0,402446854;988,504894;2958,323914;6,604205204;6,618807936;6,703461758;4,413160734
6,406208209;9,151264032;4,768509944;0,412694458;267,0767036;2855,522629;8,218606206;8,340609005;11,28107628;4,982647402
5,994370131;8,696747568;7,303037527;0,484691718;192,8430297;2980,815753;3,647066348;3,126718304;3,191974363;5,448766024
7,10047715;9,677583018;5,829335515;0,402210709;194,7974052;2857,325638;1,438450514;1,19281507;1,51465577;5,89745965
6,231343054;8,661133229;6,725967231;0,460357823;213,3971579;15932,25148;1,387429851;1,308509935;1,626566701;6,305571024
5,896905182;8,832028752;4,655701899;0,363784135;211,3754125;4295,006704;1,388601091;1,294688682;1,618830098;4,090224224
7,405927251;10,71169643;4,910364036;0,429291724;252,9147841;5568,961521;2,52507908;2,548775946;4,555674087;5,360524158
7,656530492;10,58977783;5,551466571;0,37987407;667,0443686;6163,648587;3,272185818;3,251544537;5,034940814;4,465172111
6,005092594;8,832465937;4,604683567;0,422762674;370,0210578;4173,646666;4,234869597;4,248233251;8,70016006;4,51853268
8,933281933;11,16559666;7,334239997;0,419391191;3631,761046;3164,632666;8,108144604;8,426261404;16,74198877;6,745550469
6,635211237;9,661454998;4,774390965;0,387273406;825,6501761;2904,92595;11,85417409;12,15823021;20,90271628;6,015662672
5,862259884;8,770673866;4,459963122;0,403883081;2698,81366;2872,34297;15,04829599;15,33159953;26,23632457;5,53971116
6,867247227;9,149395176;6,042945663;0,405940447;515,1647457;3154,048618;17,9734706;18,26110454;33,59596303;5,435267093
6,209879747;8,592670164;5,891893484;0,424202319;225,6023587;3325,569781;12,13367113;11,54159064;18,96553985;4,44352783
8,326872372;9,248757663;10,74075709;0,426949258;340,8620888;7691,263953;8,543007572;8,234786199;12,0592728;4,314751513
7,00066118;8,909724935;7,152609513;0,384333874;250,1214896;8536,305943;6,946980733;6,778108235;9,873388714;4,111804893
9,073834652;9,198985187;14,15648036;0,467162251;189,6040853;18752,80137;3,254694159;2,838951357;3,157829596;5,399255301
13,08875371;12,60432528;15,46213262;0,38248512;184,8712354;6763,181667;5,36050455;5,53868413;8,882583417;5,267913343
7,098996036;9,979493798;5,598950797;0,432006009;183,5971083;3743,891545;2,36826684;1,969414496;1,768571032;5,452834554
8,435829772;10,90243424;6,70045263;0,377835217;256,353449;6330,696994;1,607470225;1,48156305;1,411213642;4,467503362
7,100325684;10,41317601;4,789118179;0,611433912;539,7946081;3194,317759;2,374881593;2,372848471;5,693401592;11,67195301
8,671241804;10,96355396;7,142736652;0,296793826;4339,19868;2966,393581;3,906046219;3,97754217;9,485938397;5,305897963
6,135668501;8,903589247;4,681975983;0,459179221;1087,515692;2851,691166;3,966411785;3,891352906;8,840636841;4,23214245
6,766717576;8,935735168;6,327248411;0,36542464;10172,38316;2893,777178;3,965026021;3,901649332;9,491292429;4,197927489
6,053592961;8,696652509;4,719848082;0,411213385;1420,818424;2923,31031;3,901200719;3,829878851;9,334483394;4,18875393
5,771384104;8,761871021;4,863710073;0,391981465;490,972136;3589,956582;2,752489599;2,567760085;5,933091196;4,173096276
5,799487021;8,52333749;5,428973083;0,418272622;307,0875997;8808,347121;1,669292248;1,492195457;2,78602345;4,469246983
7,622782815;9,207407888;8,28330373;0,384940331;214,6515728;13952,14121;1,494781578;1,400170998;2,431608334;4,100460575
8,713033192;8,834270028;15,49907822;0,41065994;186,6614519;8441,02571;1,177528618;1,055228615;1,2960262;4,41673019
6,822041537;8,858365169;6,693729506;0,394759927;184,5684437;3388,892717;1,352839042;1,282792403;2,060430878;4,406876861
10,30372541;9,91479547;15,12562101;0,437611895;296,8664557;14668,235;1,16525041;1,051740727;1,319769678;4,39898597
6,695036028;9,292964813;5,584765779;0,380319943;199,6040657;4171,336179;1,327555535;1,252573989;1,849053793;4,432846437
7,079073995;9,589388799;5,651999859;0,448170273;1036,350932;3074,896616;3,005488536;3,081976323;3,318118127;6,400579118
7,112020109;9,596355475;5,698764688;0,379225557;1184,798189;2888,045106;4,376449607;4,417896187;5,466621463;4,836769662
5,912406697;8,650124536;4,555791792;0,420562686;1890,176218;2852,52431;3,370617333;3,183674398;3,521739225;4,149127228
6,613465262;8,952321541;5,666422204;0,383512994;5626,048204;2842,38254;2,686210545;2,550939561;2,89277763;4,14693566
6,219578792;9,119040894;4,551293655;0,516001907;933,9154089;2843,781426;1,155272012;0,923432725;1,443966747;8,275173767
5,951927128;8,824888833;4,403118461;0,337460618;481,2163261;3757,225778;1,185322468;1,112181185;1,364303635;4,085358694
7,150139143;10,5193803;4,666320676;0,454389667;222,1091269;3388,427475;2,054757977;2,052457556;2,171271858;5,948465341
5,96346921;8,832715827;4,512149817;0,447000702;195,4474583;9003,401415;5,88088098;6,189009574;5,882424083;8,772796517
5,759593183;8,632561265;5,187256152;0,37037307;192,7040202;3547,662637;6,172064264;6,113449688;6,000501204;4,375469352
5,744140444;8,624664782;5,634115525;0,427124978;220,9604867;5204,258803;7,059912634;7,110408835;7,885573063;4,617633799
13,03010208;12,85985402;14,74985066;0,383282031;864,7146222;16824,95024;4,572238168;4,266267701;3,868056062;4,298426819
8,551734988;11,19299592;6,49967117;0,415871122;294,8319311;5413,023719;6,640359412;6,82716424;7,785729583;5,320140209
6,729338942;9,012845692;6,927792197;0,407182721;1634,906541;3489,313918;4,30192642;3,990884153;3,907848105;4,278438165
6,457027844;9,192302953;4,959207376;0,411119597;1936,491565;2922,374428;6,038056723;6,188008021;6,884876795;5,109435304
5,876381268;8,600140085;4,520407008;0,40047037;448,7448422;2846,906132;4,350114997;4,10519588;4,137304255;4,151893568
5,86305332;8,612855192;4,424374991;0,393538946;534,8408208;2866,66635;3,956217652;3,876103015;3,902049114;4,12715611
7,713371882;9,958245342;6,435638269;0,456446868;1553,508932;2906,610425;1,257953195;0,911365918;1,241555081;7,0644655
6,00864635;8,714231998;4,642355067;0,365751321;327,3360843;2847,409238;1,249247432;1,187256474;1,429975839;4,089795063
6,088663902;8,684291753;4,874848715;0,447734039;208,6365006;3395,011779;1,501560537;1,430050685;1,75314431;5,668912707
5,767930968;8,531098621;4,66469327;0,440585072;185,335354;3998,728352;4,410974081;4,615240131;4,790116478;8,02020759
11,52876146;10,9264471;15,71723695;0,396117243;208,4879029;16880,62888;3,544891527;3,353169519;3,750661192;4,10586291
8,127155878;9,252085329;10,33122461;0,459918861;196,4072347;5170,274601;1,633720895;1,374934027;1,792826232;5,387915694
8,705133562;12,12419609;5,763862817;0,410356716;632,2363781;4542,593311;1,32645724;1,226983294;2,058193611;7,067607505
8,380800159;10,70178972;7,178730983;0,401459018;254,4732211;5593,185229;1,309120897;1,21543135;1,4983534;5,327978409
8,220884413;9,8488339;8,629439063;0,394840572;3261,116513;5926,096093;24,59640836;1,915213031;3,678276951;4,732524805
6,080213703;8,693983999;4,870524362;0,396742911;2613,107943;3207,400762;20,52976723;1,868912804;2,553759611;4,111075243
6,960436616;9,067454077;6,485048332;0,397074335;2178,16123;2888,073922;19,20933255;2,337245809;3,378459806;4,269926541
7,063712527;9,490694543;5,687643867;0,400085197;5601,369699;2908,704928;21,50940919;4,103658014;7,750958905;5,22892417
7,389127803;9,728725625;6,147768122;0,393748306;2665,379046;3333,62433;20,85553288;4,763160991;10,82051246;4,407243654
6,267077879;8,717987473;5,650290825;0,411975781;713,6171865;3312,169523;10,17114686;3,20598899;5,684448426;4,231532027
9,507144376;10,31689903;10,83541652;0,396452033;391,0779441;9228,850771;9,013273015;3,112256452;5,186019313;4,102698257
6,777396172;9,82618728;5,094416032;0,399319982;255,2886115;7392,255509;9,476603043;3,90528593;6,869423418;4,362822388
6,230951724;8,688731699;6,827946593;0,397894199;190,8429306;7131,743403;10,14272178;4,786859109;5,142922353;4,474707685
5,913380237;9,518152775;5,365525808;0,539052407;220,7689839;3337,950083;17,38627603;10,93051392;14,16062366;8,30604239
6,208866533;9,653418757;4,479645383;0,404118011;195,30956;3897,18222;23,9524298;16,76350723;26,31306197;7,259955209
5,830581907;8,655931135;4,746966305;0,398451909;661,1168938;3007,435407;17,53417391;11,23132418;16,37186906;4,221742434
7,133007826;9,238716714;6,570305823;0,400829076;2008,789847;3197,192997;1,446953762;6,369152452;6,804050154;4,909746753
5,919155806;8,576686987;4,649945312;0,393327014;533,7944049;2951,406002;1,685449433;5,740153762;6,396751232;4,096907763
6,098202368;8,653440659;4,897822379;0,402738427;460,552161;2852,057058;1,613613508;4,607896771;5,021401147;4,11019132
6,084400401;8,61188963;4,960081254;0,393392324;1213,712222;2875,403968;1,164844388;3,726612294;4,020188728;4,119280834
10,87340439;10,5400576;14,69915206;0,397031776;4014,405747;3271,04827;1,337220863;1,914352118;1,424252335;4,740142129
6,484905417;9,278244502;8,220259209;0,539481155;596,1279971;3170,580871;3,527108706;11,46660515;7,596880585;7,148920124
8,140193847;13,69470889;4,795755476;0,428560345;230,3975445;5611,273904;9,273900775;19,7774864;15,26147712;9,291264016
6,116517933;9,558962819;4,416544571;0,388453783;217,0603487;3898,751809;15,68415656;27,28775166;20,40332411;7,870567125
5,786468012;8,649782665;4,39446434;0,471507505;191,3921597;3371,171936;30,31106042;45,1341967;42,97390412;13,53719123
5,738800233;8,48255415;4,377963279;0,361217527;183,5609421;2910,020342;34,24277497;46,91710152;39,31478349;6,104765822
8,093971096;9,781248968;7,989037168;0,417728875;458,2425306;14442,43105;28,45953888;37,98498682;25,45425502;4,097055545
6,28111078;9,334829052;4,795584119;0,407060624;402,1574233;4040,633261;29,60689932;39,05204378;30,50258523;5,007997998
7,938556732;9,885448941;7,481460148;0,394747602;2130,389377;3444,371439;30,30150495;38,66522896;30,3657359;4,957886572
6,134760328;8,868949778;4,728177727;0,397848228;434,2606554;2906,424802;24,76531154;30,83273717;22,45703777;4,094736404
5,82637351;8,506554476;4,729183745;0,400490733;6596,223184;2865,344948;24,51972866;30,61099924;26,12887154;4,587143848
6,009626101;8,664823051;4,679155558;0,40458;842,6066297;2843,371851;19,69357781;32,49892804;23,8634033;5,238477083
6,077768949;8,618152311;5,02213399;0,399869511;287,8343059;2883,876853;20,30497466;31,4527434;24,11399087;4,670597422
5,786217462;8,852262607;6,53680393;0,429237596;235,4719756;3181,790969;12,8607304;10,82694391;12,10173368;4,770648566
29,57748184;30,85738938;22,23558418;0,502635015;280,797089;24231,7021;2,979807528;2,201834535;1,527770109;11,42576254
22,8963947;22,03413467;23,26851299;0,342733159;194,2548328;33500,7163;1,271166255;1,098972724;1,469010633;6,278207809
9,333687383;12,01770883;7,419218252;0,428308156;213,3413282;7258,275703;1,334780117;1,259950451;1,489262822;5,641879378
14,17420924;14,90024006;13,476022;0,380295123;194,5452675;6848,912196;4,423722367;4,655960052;5,807970204;9,467031796
11,82118214;14,03962865;9,317616945;0,404829903;405,1364574;17708,50536;5,744255462;5,787152717;7,602713222;4,882775904
6,622919301;9,504682289;5,535833396;0,39482633;359,3358273;4849,011454;3,765922609;3,500312583;3,507131283;4,243300799
5,873810374;8,62749044;4,723959822;0,397417289;525,6407927;3035,885236;3,687949501;3,637199546;3,669264086;4,160863823
5,743484126;8,478336663;4,40859336;0,40293923;218,6616878;2858,622709;2,390731896;2,185625407;1,789722082;4,291105815
5,793104263;8,434542496;4,746466698;0,405466876;497,7845436;2845,370353;2,691174827;2,658124183;2,715624663;4,279547673
5,735541342;8,424500875;4,474946408;0,409678305;1129,380669;2865,588411;3,804892332;3,839740744;3,814460936;4,84779884
5,719295038;8,434366231;4,464598968;0,394412865;604,8770333;2841,828456;4,033312026;3,979151366;3,987781083;4,295102515
5,8513418;8,434379823;5,575427154;0,399392136;231,2978048;3036,846454;3,162255173;3,00601492;3,022579251;4,107940517
26,01297046;23,85385844;25,83917519;0,402448626;368,5725861;26175,36053;1,291367899;1,032129524;1,281207001;5,835662483
22,14610777;18,57736604;28,70404999;0,423980213;287,4087762;49640,3426;1,259703095;1,185272795;1,399584621;4,092362732
10,24956361;11,976624;9,506366687;0,383766315;244,621239;18233,47861;1,18064847;1,078360267;1,365969997;4,137749638
7,656813303;11,1308661;5,127187597;0,459986643;231,0254281;5348,852134;2,086221669;2,085554158;3,19338601;6,6983569
6,914595514;8,973599977;8,612646958;0,363950791;224,9036912;3639,751274;1,626989904;1,482059832;2,004130226;4,183220471
5,915122446;8,553275739;4,871615269;0,413609579;397,24053;3055,423746;1,450442783;1,348091946;1,667004372;4,128801615
8,716247847;10,1860559;8,734082753;0,388364344;1078,726882;5609,416333;1,202263036;1,086683972;1,403329575;4,364970126
6,715919968;9,211270588;5,461706023;0,422475271;586,2837179;3129,008672;1,896626105;1,876139145;2,6453443;5,104782613
6,264769384;8,906729253;4,901046128;0,383580272;4163,174079;2893,339394;2,491359026;2,454994801;2,978172054;4,413283678
6,305180407;8,8073366;5,172912703;0,401902153;665,8448207;2849,164587;2,328349242;2,221178548;2,558186105;4,096956026
6,082344322;8,562427868;5,282307184;0,398278732;3912,377898;3327,798943;6,51440605;1,795063483;2,151568126;4,138609346
7,308982242;11,57911503;4,48138339;0,461629784;695,30171;3717,330357;10,69166413;1,035542077;3,022383695;6,737673899
12,93932582;14,07395286;12,17385244;0,377885737;328,1127484;16356,28978;10,41968101;1,32276408;3,274954101;4,34579138
7,008348906;9,723205494;5,482733048;0,435234646;239,6165555;11369,80859;14,81564159;3,175356038;9,708589007;6,561628466
6,581377042;9,052481396;5,52199298;0,410121491;207,7089227;17623,01454;14,50348822;3,64244079;8,557050149;4,463698336
8,927898368;12,28965106;5,679306039;0,504617065;193,965703;13637,92786;22,86927658;9,501932486;21,76440487;9,085018747
9,38040744;10,4284031;11,11611955;0,342577867;251,1233561;5146,63943;14,74270728;4,766002689;10,17878494;4,509188843
6,861543947;9,181512519;5,992118077;0,432537858;731,1142041;5369,31579;15,87040706;6,767464413;14,89611792;4,812820428
6,50653759;8,627800468;7,145052693;0,407122593;628,9797333;3281,616131;15,33396383;16,4148159;14,71386214;4,433944621
7,72260304;10,00920797;6,44543361;0,449053941;3341,370209;3059,66249;21,19043127;21,71509165;20,56116624;7,263189686
6,040080517;8,725017387;4,780972113;0,369482199;1444,807197;2862,648801;22,80492919;23,01292443;21,90496871;5,287992754
6,477611769;8,730425175;6,031896301;0,410859673;522,7664247;2845,764263;10,61478261;21,02152282;16,63013203;4,366179785
6,693259975;8,900649485;6,043721011;0,389113714;2269,813886;3154,628792;0,970624949;19,76872407;18,9177053;4,401514262
10,91756131;14,80772916;6,511847022;0,501567477;464,7244312;3873,547583;3,653677557;5,843687625;0,370499833;8,725698755
6,475362477;9,631312725;4,840089016;0,370965099;365,4673235;6163,163703;2,632532768;7,142635413;1,819283455;4,198987542
5,828410253;8,685147222;4,428920516;0,436332987;201,4729659;3502,634194;4,283147633;0,701169671;2,429357717;5,095357814
7,202079052;9,602540997;5,836728999;0,40617795;200,6355139;3145,191192;3,729381851;1,372611576;1,92910761;4,094264646
6,05048238;8,686594549;4,847735035;0,391682386;184,5120667;3571,983549;3,680854553;1,126231592;2,195057451;4,13195161
9,60786353;10,71595305;10,00699003;0,414011418;208,4031881;6566,199323;6,515951774;1,513420785;5,987324942;5,888599291
6,393572712;8,992772552;5,067068243;0,38796891;190,5013533;4403,085703;6,406819907;1,721623051;6,27717376;4,18466988
5,997054223;8,680197384;4,610099293;0,400105494;975,2682227;4819,608382;2,137189221;6,113325607;4,165636021;4,100800858
5,754523123;8,476260916;4,408769247;0,393972008;741,3732489;3037,231876;1,975605045;1,386341133;2,094662068;4,106053001
7,311000559;9,971722207;5,440302181;0,409307863;1761,600994;2867,120643;1,236838803;1,133308295;1,429820375;4,865788059
10,74591458;11,7957275;10,70938663;0,406313118;8710,724915;2965,004956;6,150712694;1,898291941;2,878325959;7,496746605
6,524905169;9,076813337;5,422378615;0,392549405;1450,067442;2956,869978;5,072622246;2,018694968;2,172755582;4,220929842
6,183721057;10,00713124;4,829705502;0,50606793;338,6265787;2869,485316;11,81536503;5,790554088;9,784785968;7,935405287
6,37313839;8,866655359;6,115328512;0,370567563;209,7982723;2877,109137;16,60701459;9,723254315;14,07547321;6,889266066
5,825160136;8,506139329;4,667130038;0,411246684;189,0706543;2909,089923;21,50522674;22,89432254;20,94908229;6,712046144
7,832017061;9,146315981;9,293412923;0,427793109;208,8722587;9546,946698;28,17775114;28,81208085;27,25947932;7,639231422
10,36701997;10,91046908;11,83168317;0,391006789;188,9753691;8097,54051;0,564378704;16,6107948;10,73453157;4,798415114
12,53012073;12,5591986;13,75052179;0,406377835;436,8777776;15943,27395;1,665352658;21,59721757;16,70830008;5,812756407
6,724935455;9,213719219;5,55097794;0,390953608;219,9081454;4134,805841;1,653350672;17,4727038;12,77516521;4,130719375
7,202736134;9,313380318;6,536395326;0,42286486;3183,308273;6033,271185;1,677143488;12,31811921;6,09116166;4,206577007
6,193836186;8,727418501;5,084609511;0,392341497;2325,598612;3205,060833;1,85368626;2,651553118;2,265749157;4,586760047
7,084232442;9,754460983;5,339912021;0,406459764;5923,955315;2887,844985;3,45725755;1,422281518;1,304870647;5,450124583
7,995807435;10,09703512;7,092401107;0,39068981;11091,93366;2934,685656;5,355854464;1,042651824;1,63118672;5,193248267
6,68207891;9,520772003;4,940876688;0,477875577;3050,617272;2901,897303;12,94082742;3,107054248;8,267511871;7,943135704
5,851369723;8,761457334;4,863958794;0,387929251;640,9965885;2966,419596;15,31022217;4,922454662;10,48694376;5,195185221
5,955332309;9,583316363;4,794064007;0,467457764;238,5502309;3163,253012;24,45916963;11,76329097;22,3874467;9,139852492
7,09408484;9,626605462;5,906633805;0,361135276;189,1205811;5035,739917;31,25442932;33,58116278;31,3532357;7,25709384
12,9365477;14,32051946;11,29803082;0,413621077;199,3644756;17687,48698;37,26471676;37,77946346;37,00999244;6,951497367
9,049870227;9,827744524;13,47989782;0,408301317;189,5712859;5767,268973;2,761065966;33,91917656;31,96761083;4,353046222
6,20189906;8,695046381;5,594531984;0,389663712;268,9898617;4129,166546;3,294594336;27,87644223;22,99263247;4,100859339
7,80212234;9,788703713;7,120599708;0,398929285;1306,08924;3833,51579;4,069088847;27,06984342;21,43421262;4,422392608
7,674902644;10,16337532;6,067932359;0,410408667;1090,060226;4187,38233;6,462990585;29,92299139;23,16627756;5,462325683
6,511740731;9,571418646;4,641018662;0,413192895;390,0399449;2989,877819;11,15461996;32,69915065;27,26538021;5,590049744
6,086366253;8,771039219;4,858123426;0,391340784;515,4190605;2853,988848;15,13580262;36,74913339;29,43170984;5,99202328
5,772745965;8,489919167;4,436237375;0,400635086;438,1537983;2845,314556;16,8132267;36,14011659;31,51144204;4,926915821
9,662325989;11,60317127;8,14976449;0,448389055;6430,021446;3896,420225;5,531332086;16,91909685;6,151729072;7,243766494
8,141655297;10,02998101;7,698157919;0,390634118;899,0993712;5539,108361;2,782474223;10,33013645;1,541875791;5,255472728
6,278313853;8,961552067;4,850413839;0,402738772;285,8685739;3111,90256;1,721855712;6,578970884;1,505904099;4,565408207
9,199358537;10,81068684;8,64115734;0,398272962;260,5799975;18775,63174;1,221848268;0,490116282;3,092082836;4,646194632
19,73408608;17,53856868;22,36694313;0,405682551;201,7674184;17489,68787;1,191705628;1,172762413;4,747514861;4,527264046
9,10732807;12,01945685;6,770289608;0,395257534;188,2442937;11606,54359;1,344468784;1,259843909;4,81390125;4,33841123
12,00021199;14,00693009;9,853512445;0,396093297;312,0950052;9466,258201;1,185369124;1,076060381;1,500326687;4,666130842
11,88448947;13,53528558;10,35175011;0,395843436;1198,436245;8938,709373;1,293347726;1,214614297;2,713298015;4,75436515
6,585703282;9,393805498;5,050732068;0,411610316;372,8002664;3774,191721;1,661890492;1,608619997;3,059286019;4,533474232
6,036550534;8,795472308;4,574077707;0,397147303;203,7217957;2932,557861;2,37363231;2,357669871;4,16899827;4,730745598
6,47647051;9,10037835;5,006845835;0,408346297;6241,497916;2853,001696;4,365692526;4,487065966;6,776108197;5,865696083
6,154710539;8,760587886;4,932086758;0,392465215;1991,802925;2842,164196;3,553677023;3,386196717;4,637131057;4,091406911
7,99192472;10,01237866;7,166252744;0,426564015;3439,88464;3542,335591;1,398681394;1,11544275;1,137435929;5,835719221
9,8442068;11,0094937;10,09311021;0,382854529;1852,432759;11959,91909;1,166333864;1,073951446;2,620845054;4,699266923
6,300709121;8,923817237;5,115649543;0,484866151;370,5163317;4988,825411;2,42169539;2,455538782;8,350508506;6,744930247
8,478781701;10,71321207;6,867854792;0,363518154;205,6082559;9290,074224;2,829098119;2,771459339;9,728069281;4,269278715
6,399179359;8,914951961;5,567618958;0,411875913;190,2137598;4625,112413;3,982778127;4,016324276;13,09625825;4,666368083
6,98447516;9,703347674;5,250751704;0,425344937;234,6200452;9475,396892;2,258365634;1,734576249;4,185498246;4,944601491
13,84255136;13,22150909;16,13641936;0,384473687;351,235497;10448,16541;4,036435211;1,013883832;1,278852517;5,609389265
6,870062477;9,371270518;5,979042597;0,401658186;267,3061373;4834,555212;3,56123552;1,088364174;1,382263226;4,106156651
7,992440064;9,953469179;7,334935227;0,397624046;782,7053619;5783,485362;5,0187063;1,357257076;2,152975516;5,002588098
6,059254664;8,72693026;4,723143766;0,395549542;1289,997829;3129,145803;4,690884833;1,416291138;2,316364653;4,160807635
5,86608007;8,506023735;4,688772349;0,396390451;921,1749233;2867,136505;4,918101446;5,268458371;3,010991015;4,297460049
7,081484357;9,2869986;6,238516221;0,410662254;7512,359082;2861,501008;7,85623848;8,059001524;6,030683647;6,030083952
6,2797444;8,860371184;4,976392959;0,40784545;1224,956792;2854,893951;9,90952435;10,06759284;9,741736574;5,270450148
7,547266523;9,134982494;8,209585534;0,411172636;1359,905599;8511,965536;7,256534465;6,94993406;5,117497597;4,139946315
5,977590707;8,689747379;5,028109826;0,410739458;322,9846669;3486,668673;4,287781381;9,344188718;5,437179533;5,08001185
6,204339672;8,496736443;6,444021361;0,389595546;216,2873526;3361,956349;5,002027567;9,420201656;7,677253262;4,481099342
5,909623192;8,712740757;4,599086396;0,42616607;186,8297707;5266,098411;4,137149671;3,457553073;3,849749909;4,096041497
6,696729109;9,22168651;5,380105916;0,442908078;194,1786516;3703,395226;3,125677827;1,202850239;1,198909465;6,165765069
6,070162683;8,637181884;5,034791585;0,374866449;187,4634232;3478,760874;1,395897019;2,935818161;1,379328199;4,115284786
5,817427727;8,464159031;4,86157685;0,412554444;183,1566821;2946,042889;1,23937836;2,896244086;1,574095019;4,221749647
6,902344431;8,919641002;6,846948344;0,394712265;860,8246781;4318,084636;1,248265475;2,420105513;1,350792285;4,09710245
6,166246157;9,085768737;4,647554587;0,396375576;2029,339422;3091,109746;1,193298792;2,403109423;1,364626424;4,13660695
6,298203457;8,945192783;4,897557612;0,401026236;2520,993793;2908,115363;1,225829265;0,981422472;1,400807637;4,529012788
5,840985471;8,540861185;4,499955235;0,402662929;996,5019183;2845,989264;1,169047637;1,088799657;1,361459246;4,153885393
6,027191787;8,542501602;5,091117952;0,393806404;267,8995831;2866,576645;1,212574803;1,121883832;1,508026516;4,196823389
8,649473047;12,9415041;4,872668216;0,726538028;191,4334195;4205,991996;4,706470833;4,98167469;4,750710019;15,16026738
6,947384162;10,09701544;4,960692762;0,238842445;220,8297442;7183,215338;10,38261146;5,050214905;8,072152739;4,37000848
7,092594965;10,44089075;4,708695492;0,478201083;186,590017;4418,978753;15,38772728;9,691018196;10,76256916;7,105617817
5,951137023;9,491579059;5,275524756;0,432111541;194,1539813;3255,409616;21,44694159;22,80291585;21,09189051;7,507488579
11,5993777;15,52992418;6,961556507;0,393579847;213,3309507;10213,87135;22,3550461;22,39275372;21,42444412;5,000434059
6,645395674;9,772433917;5,106939577;0,40859554;323,3347564;3926,655582;9,747368307;8,543720205;9,779674054;4,577077792
7,050794124;9,583105244;5,788232867;0,404251391;234,4021564;5034,086259;4,990056695;4,624682365;1,808356191;5,185801892
6,669491409;9,260503956;5,250379797;0,391633257;316,8445669;3067,458235;5,099266498;5,092862269;3,496938888;4,240092547
6,685402297;9,06534992;5,79012967;0,415099941;4403,237912;2938,71284;5,211742254;5,163932376;4,791312154;4,279722734
6,815701448;8,879122385;6,801096684;0,390941559;9497,366554;2892,01222;5,018423515;4,944769831;4,921555216;4,197764209
6,91136532;9,102480582;6,224921481;0,400564017;3764,674097;2857,216519;3,085517396;2,830862859;2,855952747;4,362496153
5,884594173;8,631789617;4,731613845;0,397802183;1343,044223;2894,317775;3,184012937;3,143192877;3,56712381;4,194333388
13,02386775;17,53848472;7,14405081;0,791592415;353,2442435;7751,913418;2,551117961;2,402099958;3,99200913;19,05662662
9,7198487;11,94257119;8,737654577;0,225000226;211,302404;6809,479779;2,634523835;2,566575607;4,599975451;4,078774627
8,085419134;10,21508206;7,333186602;0,50981822;204,795447;3752,529618;7,458801135;7,870255815;12,08510035;8,834768663
6,284190945;8,761406463;6,114722772;0,408283461;193,6659115;3326,852289;14,03055136;14,60954728;25,11673551;8,373368226
6,12756483;9,776962584;4,788070549;0,389672589;234,9752655;5326,268434;11,84362846;11,55792773;20,32375501;4,085840068
5,841959062;8,773046886;4,429340981;0,426592965;537,5948312;3607,413215;6,417203866;5,880264709;7,748709498;5,171237649
6,140899653;8,995587528;4,518677649;0,460819664;609,066935;3923,546312;2,117236426;1,678604258;1,052341169;7,17249994
5,921747738;8,627413861;4,572796186;0,364435367;720,2214222;3085,310474;1,708333236;1,621080533;1,477271544;4,187837123
5,859411275;8,461519202;5,189814113;0,472248941;779,3835584;2889,991671;12,9592418;3,362369788;5,17284149;5,498340398
6,181695647;8,852099521;4,762602512;0,414694188;1222,905643;2844,34858;19,22021974;7,722615718;15,07022328;7,468231603
5,971332062;8,776253254;4,462320385;0,388500776;291,1961225;2839,272135;22,03139658;23,75352061;21,80506224;5,428649028
5,79688417;8,510950623;4,458418664;0,405987137;598,6683292;2852,719093;21,01438455;20,78739008;20,90055407;4,373919527
6,005061717;8,80145609;4,472199166;0,392959079;244,6547097;3037,911987;15,92865191;15,50415573;12,5931129;4,179307001
6,208729008;8,678813342;5,29513874;0,401948754;214,5917588;4442,372989;13,49600235;13,32230375;9,491611962;4,09920904
7,721679868;9,953394124;6,497402481;0,395361398;271,5644237;20042,30742;14,0292673;14,10973225;9,536045716;4,48177388
15,42627427;15,75792791;14,92322994;0,410512502;242,9908834;24581,36811;12,41692706;12,25015631;5,562752533;4,127009687
11,64278855;11,43415676;15,77859967;0,389708375;214,4205541;11788,70348;12,64827455;12,68672785;6,482564364;4,394481707
18,93609507;18,06866719;19,34811768;0,398954983;864,0416748;25918,47994;15,9729441;16,30884221;10,25891657;5,58152965
9,246778417;11,68698511;7,479970985;0,49842208;282,2611995;5358,90639;24,90754394;25,81930618;23,30015508;8,894986435
10,46668683;12,69938215;8,402126182;0,408349397;2925,033946;4976,764629;34,14659487;35,10494646;34,24508855;8,603560657
6,491677535;9,489500056;4,817342749;0,397995578;1219,167392;3074,122597;14,46527942;33,15133258;26,69962023;4,689768577
5,904088549;8,750443851;4,43038298;0,395120797;294,5071869;2866,454717;16,60183923;33,62495762;21,17794191;4,922286332
6,101844132;8,616996153;5,152519761;0,397459409;687,8537852;2841,913215;13,75227875;11,45736112;13,39909531;4,094516676
5,776470538;8,503070858;4,47269035;0,396393303;236,1402408;2844,133084;12,68275856;12,85330914;12,77562152;4,17619638
6,083827234;8,839438181;4,542398402;0,396161398;225,4299963;2859,250368;9,559120913;9,213046476;8,973973388;4,174339089
5,777564267;8,576077707;4,42681049;0,492911029;206,2491511;5513,383117;14,46606547;14,98287523;14,80744422;6,571087414
5,776119169;8,458547228;4,575331075;0,376181131;185,7968576;3439,060097;12,47149767;12,21712279;12,47879554;4,104765884
9,289135212;11,49700812;7,470176174;0,411475932;199,0224704;5419,69878;10,18928644;9,978959464;10,25501783;4,102003181
8,0235915;9,899247993;7,790773907;0,390230358;185,8403704;9216,187361;7,673092844;7,412490383;7,772091272;4,174593697
27,23876488;21,81429482;33,70232157;0,495859609;1704,437652;47089,32287;7,438983292;7,397089649;7,643643616;4,167740777
14,67495063;14,95540798;14,97608931;0,379499552;560,5016904;8879,410804;11,94848756;1,676833379;1,164419627;7,666789233
8,607085025;10,92071544;7,1092228;0,457629306;3572,866661;4218,504131;17,13470266;1,009917802;2,62758468;7,094304321
6,131810437;9,096909602;4,96197889;0,454899137;685,2896148;2986,999598;23,25647358;2,645451655;7,822578979;7,415883411
7,352120655;10,16939215;5,344940346;0,417654883;4627,935628;2853,839771;36,56243588;9,562188377;25,07303742;11,96693859
6,115771442;9,285342473;4,524151069;0,385591333;2416,968419;2845,299971;39,51303888;12,83185588;30,4658682;6,173833638
5,856560488;8,700707436;6,113217929;0,431403856;428,6060441;2839,843449;39,80254938;14,97986134;35,49501711;5,358248417
5,791608284;8,556781417;4,573404928;0,378123373;211,5855837;2847,278189;33,50417346;12,68849745;30,59748178;4,154538014
7,11610551;9,986955956;5,075149117;0,443185097;211,1890047;3434,698073;39,82122814;19,32444919;38,29122009;7,353552542
11,50995246;11,10769326;15,26311397;0,405175413;194,3237972;12537,3772;38,25912884;40,83308037;36,57772172;4,88110777
7,232958049;8,943600116;9,162697601;0,464660836;240,5528383;15563,31658;30,85998205;30,05504292;19,56644509;4,097514622
7,606039521;9,30566321;7,893689073;0,365585791;192,2352442;6680,589674;29,68095757;29,8533761;24,35502612;4,670232434
6,027669453;8,590032962;5,079757171;0,442306348;209,1978893;3584,407341;30,63861945;30,904901;23,37076253;5,253541601
6,657677187;9,204606639;5,305351543;0,37272519;201,4303948;3150,408782;0,559296744;21,62035601;13,69859315;4,219842915
5,880574898;8,603115673;4,497192516;0,42863246;394,8251697;2903,534295;1,286856278;13,2355927;4,086053493;4,768639484
5,908021057;8,648983145;4,45239351;0,387672461;209,6838427;2845,673582;1,168301053;13,85846499;5,790949943;4,434096236
5,958460685;8,524418552;4,928595812;0,440038395;1789,838691;2853,345406;1,572495732;6,762452467;1,197523585;5,074711531
5,892316602;8,630992176;4,471994108;0,398051547;364,0755138;2842,462875;1,170855137;8,779106718;1,672994463;4,689759143
5,890374439;8,581780635;4,518855291;0,403115092;226,8799465;2841,133085;1,298680008;5,523168378;1,365060984;4,228973705
8,501684891;10,47848025;7,493427563;0,394926458;536,7618373;3581,916418;1,418417385;4,10890611;1,678259775;4,147928878
7,453574667;9,446758459;7,074963858;0,396890632;261,0861745;3968,488857;1,279705016;3,982962664;1,486125527;4,149190552
13,53463033;10,39750042;26,11743984;0,405536596;195,9223386;11178,73814;1,21003453;0,776138521;1,420620561;4,138430094
8,244499026;8,870848963;13,2555337;0,406791421;192,7528845;7134,155956;2,217239091;1,149199977;1,974734105;4,509561019
6,226517983;8,727036251;5,392687354;0,409380876;202,8867345;6086,405486;3,16975168;1,194695855;1,636111979;4,63582001
11,22749645;11,45536041;13,08655984;0,393235906;426,502352;8379,287667;5,017928622;5,355077249;3,359830975;5,1960427
7,02027262;9,18397254;6,535379238;0,397263971;519,1709772;3719,458276;2,333277405;5,024980327;3,578765592;4,202921158
5,951388664;8,895410325;4,767843012;0,592007683;398,1942221;2968,39983;1,378361634;0,866177647;2,335960729;9,824554169
6,456944343;8,906965704;5,47235789;0,29929826;385,7459298;2856,110873;1,188112676;1,127837005;1,307936113;4,226342198
5,899184975;8,515068776;4,894488792;0,473361852;1615,924916;2848,869783;1,677758738;1,633863132;1,816089244;5,011693903
5,840651936;8,719953217;4,438433355;0,395288779;954,7122391;2841,759932;1,157858143;1,009846574;1,352384195;5,024001837
6,958453468;9,59787224;5,326525616;0,41585649;2187,246282;3205,373146;1,730356917;1,700972312;4,677456667;5,323901914
5,906636316;8,659654541;4,771109277;0,403057508;397,6565662;2909,972177;1,272544069;1,128779492;1,952477407;4,426405796
12,29138654;11,45486412;16,4753091;0,502642975;594,6675371;18942,56977;1,342613041;1,26509824;1,47011027;5,514513414
7,401589134;9,887952125;6,060941858;0,505097185;500,5446659;13188,0199;4,321538094;4,542670184;4,377529893;9,26129421
6,143223073;8,97035987;4,592646288;0,34482534;216,8664665;4046,592896;12,39980952;5,800686661;7,082379083;4,956641248
15,41193537;13,60443052;20,01272729;0,423904855;211,7323982;35092,55095;0,95879143;3,963674943;4,800427588;4,13478371
8,076325522;9,746143882;8,339781918;0,428260861;222,9184729;16204,92152;1,298549089;11,3214967;6,823171174;4,919065639
6,050148936;8,686007311;4,819220905;0,381885832;300,8126053;4213,074147;1,167844848;9,245022561;5,642808248;4,1717898
5,833587397;8,473138423;4,774500824;0,540882925;1068,80462;3568,326633;2,643139274;0,537434557;1,14551355;7,327720204
5,759199624;8,619763163;4,499951163;0,407873111;585,2627349;2918,552495;7,26906929;1,396797612;4,033615162;6,639357643
6,087664167;8,910166063;4,552234371;0,39680315;2847,634512;2847,010426;10,60015907;2,925243502;8,151716836;5,840155606
5,834010693;8,514446436;4,84829076;0,478740054;3080,428532;2852,813574;5,673960518;1,210441982;2,244502687;5,124257351
6,230641436;8,926652474;4,728907162;0,382313615;491,9248025;2867,24433;2,754438466;1,080633896;1,523148242;5,23060752
5,831606529;8,585001351;4,419324461;0,421549869;320,6216232;3362,715649;3,920728806;1,232914684;1,758770065;4,633345609
8,304327033;10,76095503;6,4700441;0,571543548;207,9455945;3228,640235;12,01291629;13,08665491;12,66351957;11,79729101
13,78597171;12,64040245;17,81067337;0,44060078;258,8588648;26221,55833;24,44268643;25,59095695;24,79428724;12,59665299
7,250664271;9,313705317;6,980147481;0,480395172;296,6395539;11237,37962;20,70304909;20,28541789;15,17638717;4,091002831
6,576880836;8,794491102;6,244750963;0,361454912;323,2486841;7316,176532;1,325134672;15,07738229;9,370049122;4,208150804
6,288946457;8,863694936;4,977083442;0,420817708;208,2159144;8301,199437;1,994246733;14,1288118;10,05929957;4,167625619
5,870111729;8,513584826;4,712949432;0,402046732;395,5233876;5599,16835;1,187046524;3,367328668;2,971559789;4,496746041
5,745480528;8,501434601;4,441093089;0,399041931;290,1819656;3117,778789;1,307055523;3,184443974;2,738903533;4,242457166
6,204603873;8,812586835;4,874692455;0,42015432;1196,181433;2875,001299;3,012672342;1,267540618;1,408517029;5,342504726
5,827930589;8,540074843;4,459865664;0,384734118;780,6344567;2842,271177;3,158533376;1,195174464;2,052654185;4,243398442
6,300270469;8,761490247;5,188178835;0,401490583;5978,663732;2883,769164;3,349032959;1,075889011;1,536411073;4,251063649
5,983554106;8,545703877;4,899349982;0,408452067;2141,217987;2863,128336;1,300877005;1,266692659;1,461988666;4,295215636
6,754117479;8,727613001;6,977665183;0,392871875;440,8847775;2854,390539;1,227979645;1,053954613;1,644391146;4,490025464
7,934192045;9,975574019;6,962281648;0,398478306;217,9590825;5907,996211;1,225033124;1,142596514;1,381467;4,32881086
6,418467912;9,288247389;4,733197395;0,488397915;215,7804532;3316,625755;1,277768815;1,188475203;1,506643344;4,75201003
6,306361355;8,598972248;8,182652159;0,492001609;259,6650578;12817,80574;3,470478427;3,601151617;6,159574179;7,600336804
13,39715039;12,30062452;17,3474149;0,378502632;194,2018575;7305,123286;1,927806937;1,667505571;1,850015964;4,688818271
9,59237145;11,02848528;9,234536084;0,405274893;276,5504674;5797,951809;1,519710729;1,409823308;1,390677655;4,230565753
11,65600494;11,02808281;16,04521142;0,470624692;733,7306085;18690,70728;5,283868925;5,580943165;3,165960201;4,493795553
12,15268475;12,16604989;13,91421847;0,367035792;5605,34693;7129,752661;8,70025301;8,946862856;8,568819748;6,178774892
6,928834893;9,221803697;6,217688424;0,410626899;1654,939728;3260,863693;8,005636363;7,864949151;7,787900854;4,126678961
5,906261472;8,592205586;4,587668019;0,388741356;544,3886873;2882,06914;8,585431048;8,616263504;8,615335586;4,394482842
6,234581906;8,785511231;4,993071013;0,413468064;4426,651796;2886,470239;4,046250371;12,06664483;11,06316527;5,605948609
6,131780534;8,527810004;5,818030139;0,512392034;3032,355412;2869,609596;1,835564052;4,015050682;0,763511139;6,668183598
6,727351102;10,58603145;4,532474513;0,389072638;549,4855969;5007,010042;2,94930051;0,835444167;1,583030514;5,980551153
11,82623001;13,46455048;10,33955436;0,487359896;313,1085305;9060,855933;9,630221078;10,49771755;9,659723761;9,605559332
6,898947425;9,377453427;7,341665872;0,554520382;196,7924972;6035,249013;23,60904963;24,94781026;23,19721294;15,8838725
5,91123606;8,708695349;5,720290859;0,354430103;187,7323832;3894,426578;35,87500147;37,11825479;34,85957839;11,36063549
8,953159165;11,65720349;6,678099378;0,427776184;202,3701339;8071,571085;38,7015567;39,09581777;30,53426079;6,089983847
7,619913819;9,936282222;6,508434805;0,384090791;189,8805628;3692,664635;30,74498399;30,14683052;22,57431639;4,090637227
9,282784386;9,820496136;12,44524823;0,443487955;289,5418097;11558,289;27,47027423;27,39875411;19,50754463;4,28452726
14,80492957;15,95094823;12,7541044;0,528000301;2540,888511;6759,579797;45,1239454;47,13436187;42,96137105;14,70022269
8,920819094;10,98472205;8,004849455;0,333760689;2383,520256;3257,713372;43,08626272;42,97447477;40,71776091;4,928657452
6,345285167;9,08430226;4,884379253;0,427366745;410,6212959;2882,025966;42,02074747;42,24343887;40,25521093;5,057621656
5,811678663;8,562936352;4,427487857;0,383009314;530,9179759;2851,935401;19,31341582;34,67974536;31,5683979;4,141616995
5,89860761;8,624644945;4,481713729;0,494429755;372,2785212;2848,991361;8,817437945;16,69730937;5,437148094;6,828673289
6,416749369;8,467430842;8,061152645;0,350954371;239,4383825;2839,726382;7,09260379;5,949199962;7,009125776;4,090604227
6,07295553;8,976396817;4,778222421;0,461627871;189,9990957;2843,521549;3,287135237;2,986221848;3,109424958;5,250872327
5,943549056;8,7211797;4,509040484;0,397000259;192,1433934;2960,708151;1,329626438;1,080026668;1,412899049;5,898138758
7,765648916;9,390982063;8,119835566;0,397689242;234,8186011;11080,13755;1,318249752;1,245393506;1,479599586;4,091178671
10,29747053;12,25143859;8,637843861;0,446693437;207,2152217;6232,814172;1,511038698;1,435288035;1,761780661;6,094654477
14,09627657;12,63184732;19,14743467;0,399157927;863,3002589;15740,68647;20,97511351;1,289537368;1,535516385;4,109611878
7,851765421;9,430324364;8,712896733;0,429065149;253,4062446;7087,587074;19,36273342;1,869858189;2,46905044;4,475576622
6,45654876;9,400922724;4,874570658;0,519455886;781,2750877;3254,427743;28,70065958;6,231845421;6,740902354;8,876940353
6,36082296;9,007078158;5,015489709;0,364365829;721,4117014;2922,901555;32,75331485;8,753812681;11,74855059;5,458725923
6,031818669;8,730124392;4,645982914;0,413913252;916,2101595;2847,435936;30,2292752;8,977609889;12,69026235;4,363334951
5,954409509;8,738552456;4,460788341;0,395735496;782,233692;2844,275846;31,96825796;11,8180096;20,92383765;5,239245124
7,302925703;8,916099827;8,343310431;0,395859256;4499,927395;3016,87341;24,35437637;8,259708543;14,12431544;4,173489375
7,050203997;9,441463876;5,868333049;0,470773471;694,1991333;2869,432854;30,73376303;14,41231514;25,25986012;6,945215666
12,08771203;13,05914436;11,64507912;0,358551007;510,7862896;18938,60343;33,68386245;36,1046127;33,77473047;5,696862248
6,750424331;9,326223715;6,606730946;0,433363305;245,9118505;5083,246084;41,83724218;42,58559181;41,5509529;7,84414718
6,105162236;8,755899432;4,88467927;0,408115466;208,3566973;5434,508244;55,47359405;57,06671501;55,06572992;10,64161404
13,13127628;13,63598901;13,0879109;0,401963855;185,3065627;14550,26034;53,61918498;53,63571229;52,56517754;5,04356425
6,843985704;9,569852905;7,285477049;0,400678932;404,1858112;4274,131414;8,287487719;46,61698794;43,41572529;4,254513784
6,090952124;8,821147678;4,875992696;0,408187084;234,9428514;4563,323869;11,47815216;45,04305059;42,38887586;4,744211904
