"YM_L1";"YM_L2";"YM_L3";"YM_L4";"YM_L5";"YM_L6";"YM_L7";"YM_L8";"YM_L9";"YM_L10";"YM_L11"
-1,50858336;-1,414480411;-1,672418012;0,413893246;4,29333414;-1,76516325;-18,381451194;-22,108087238;0,0515775549999987;20,18612188;9,577205685
3,922289832;-1,50858336;-1,414480411;-1,672418012;0,413893246;4,29333414;-1,76516325;-18,381451194;-22,108087238;0,0515775549999987;20,18612188
15,398548814;3,922289832;-1,50858336;-1,414480411;-1,672418012;0,413893246;4,29333414;-1,76516325;-18,381451194;-22,108087238;0,0515775549999987
17,815364714;15,398548814;3,922289832;-1,50858336;-1,414480411;-1,672418012;0,413893246;4,29333414;-1,76516325;-18,381451194;-22,108087238
4,06076901;17,815364714;15,398548814;3,922289832;-1,50858336;-1,414480411;-1,672418012;0,413893246;4,29333414;-1,76516325;-18,381451194
-10,683494638;4,06076901;17,815364714;15,398548814;3,922289832;-1,50858336;-1,414480411;-1,672418012;0,413893246;4,29333414;-1,76516325
-10,321196952;-10,683494638;4,06076901;17,815364714;15,398548814;3,922289832;-1,50858336;-1,414480411;-1,672418012;0,413893246;4,29333414
-1,015910733;-10,321196952;-10,683494638;4,06076901;17,815364714;15,398548814;3,922289832;-1,50858336;-1,414480411;-1,672418012;0,413893246
2,890509076;-1,015910733;-10,321196952;-10,683494638;4,06076901;17,815364714;15,398548814;3,922289832;-1,50858336;-1,414480411;-1,672418012
2,159905222;2,890509076;-1,015910733;-10,321196952;-10,683494638;4,06076901;17,815364714;15,398548814;3,922289832;-1,50858336;-1,414480411
2,88324144;2,159905222;2,890509076;-1,015910733;-10,321196952;-10,683494638;4,06076901;17,815364714;15,398548814;3,922289832;-1,50858336
1,24006234;2,88324144;2,159905222;2,890509076;-1,015910733;-10,321196952;-10,683494638;4,06076901;17,815364714;15,398548814;3,922289832
-3,817837597;1,24006234;2,88324144;2,159905222;2,890509076;-1,015910733;-10,321196952;-10,683494638;4,06076901;17,815364714;15,398548814
0,946701822000001;-3,817837597;1,24006234;2,88324144;2,159905222;2,890509076;-1,015910733;-10,321196952;-10,683494638;4,06076901;17,815364714
17,506103211;0,946701822000001;-3,817837597;1,24006234;2,88324144;2,159905222;2,890509076;-1,015910733;-10,321196952;-10,683494638;4,06076901
20,43074495;17,506103211;0,946701822000001;-3,817837597;1,24006234;2,88324144;2,159905222;2,890509076;-1,015910733;-10,321196952;-10,683494638
-1,48187179;20,43074495;17,506103211;0,946701822000001;-3,817837597;1,24006234;2,88324144;2,159905222;2,890509076;-1,015910733;-10,321196952
-19,576010041;-1,48187179;20,43074495;17,506103211;0,946701822000001;-3,817837597;1,24006234;2,88324144;2,159905222;2,890509076;-1,015910733
-8,937701447;-19,576010041;-1,48187179;20,43074495;17,506103211;0,946701822000001;-3,817837597;1,24006234;2,88324144;2,159905222;2,890509076
11,484488775;-8,937701447;-19,576010041;-1,48187179;20,43074495;17,506103211;0,946701822000001;-3,817837597;1,24006234;2,88324144;2,159905222
12,898963258;11,484488775;-8,937701447;-19,576010041;-1,48187179;20,43074495;17,506103211;0,946701822000001;-3,817837597;1,24006234;2,88324144
1,477639707;12,898963258;11,484488775;-8,937701447;-19,576010041;-1,48187179;20,43074495;17,506103211;0,946701822000001;-3,817837597;1,24006234
-3,70750513;1,477639707;12,898963258;11,484488775;-8,937701447;-19,576010041;-1,48187179;20,43074495;17,506103211;0,946701822000001;-3,817837597
-3,39600953;-3,70750513;1,477639707;12,898963258;11,484488775;-8,937701447;-19,576010041;-1,48187179;20,43074495;17,506103211;0,946701822000001
-3,583569164;-3,39600953;-3,70750513;1,477639707;12,898963258;11,484488775;-8,937701447;-19,576010041;-1,48187179;20,43074495;17,506103211
3,774621451;-3,583569164;-3,39600953;-3,70750513;1,477639707;12,898963258;11,484488775;-8,937701447;-19,576010041;-1,48187179;20,43074495
19,503340989;3,774621451;-3,583569164;-3,39600953;-3,70750513;1,477639707;12,898963258;11,484488775;-8,937701447;-19,576010041;-1,48187179
21,328845303;19,503340989;3,774621451;-3,583569164;-3,39600953;-3,70750513;1,477639707;12,898963258;11,484488775;-8,937701447;-19,576010041
0,429097143;21,328845303;19,503340989;3,774621451;-3,583569164;-3,39600953;-3,70750513;1,477639707;12,898963258;11,484488775;-8,937701447
-18,119414288;0,429097143;21,328845303;19,503340989;3,774621451;-3,583569164;-3,39600953;-3,70750513;1,477639707;12,898963258;11,484488775
-11,870433195;-18,119414288;0,429097143;21,328845303;19,503340989;3,774621451;-3,583569164;-3,39600953;-3,70750513;1,477639707;12,898963258
5,303815367;-11,870433195;-18,119414288;0,429097143;21,328845303;19,503340989;3,774621451;-3,583569164;-3,39600953;-3,70750513;1,477639707
8,681726916;5,303815367;-11,870433195;-18,119414288;0,429097143;21,328845303;19,503340989;3,774621451;-3,583569164;-3,39600953;-3,70750513
-0,10627115;8,681726916;5,303815367;-11,870433195;-18,119414288;0,429097143;21,328845303;19,503340989;3,774621451;-3,583569164;-3,39600953
-6,930480877;-0,10627115;8,681726916;5,303815367;-11,870433195;-18,119414288;0,429097143;21,328845303;19,503340989;3,774621451;-3,583569164
-8,321093058;-6,930480877;-0,10627115;8,681726916;5,303815367;-11,870433195;-18,119414288;0,429097143;21,328845303;19,503340989;3,774621451
-5,583704823;-8,321093058;-6,930480877;-0,10627115;8,681726916;5,303815367;-11,870433195;-18,119414288;0,429097143;21,328845303;19,503340989
3,51952183;-5,583704823;-8,321093058;-6,930480877;-0,10627115;8,681726916;5,303815367;-11,870433195;-18,119414288;0,429097143;21,328845303
14,880735747;3,51952183;-5,583704823;-8,321093058;-6,930480877;-0,10627115;8,681726916;5,303815367;-11,870433195;-18,119414288;0,429097143
14,447169447;14,880735747;3,51952183;-5,583704823;-8,321093058;-6,930480877;-0,10627115;8,681726916;5,303815367;-11,870433195;-18,119414288
-0,267230464;14,447169447;14,880735747;3,51952183;-5,583704823;-8,321093058;-6,930480877;-0,10627115;8,681726916;5,303815367;-11,870433195
-13,226002701;-0,267230464;14,447169447;14,880735747;3,51952183;-5,583704823;-8,321093058;-6,930480877;-0,10627115;8,681726916;5,303815367
-11,163736072;-13,226002701;-0,267230464;14,447169447;14,880735747;3,51952183;-5,583704823;-8,321093058;-6,930480877;-0,10627115;8,681726916
-0,455744343;-11,163736072;-13,226002701;-0,267230464;14,447169447;14,880735747;3,51952183;-5,583704823;-8,321093058;-6,930480877;-0,10627115
5,085183398;-0,455744343;-11,163736072;-13,226002701;-0,267230464;14,447169447;14,880735747;3,51952183;-5,583704823;-8,321093058;-6,930480877
3,105824555;5,085183398;-0,455744343;-11,163736072;-13,226002701;-0,267230464;14,447169447;14,880735747;3,51952183;-5,583704823;-8,321093058
-1,505703621;3,105824555;5,085183398;-0,455744343;-11,163736072;-13,226002701;-0,267230464;14,447169447;14,880735747;3,51952183;-5,583704823
-6,155922966;-1,505703621;3,105824555;5,085183398;-0,455744343;-11,163736072;-13,226002701;-0,267230464;14,447169447;14,880735747;3,51952183
-8,050786883;-6,155922966;-1,505703621;3,105824555;5,085183398;-0,455744343;-11,163736072;-13,226002701;-0,267230464;14,447169447;14,880735747
-1,633836101;-8,050786883;-6,155922966;-1,505703621;3,105824555;5,085183398;-0,455744343;-11,163736072;-13,226002701;-0,267230464;14,447169447
10,845808188;-1,633836101;-8,050786883;-6,155922966;-1,505703621;3,105824555;5,085183398;-0,455744343;-11,163736072;-13,226002701;-0,267230464
13,955137844;10,845808188;-1,633836101;-8,050786883;-6,155922966;-1,505703621;3,105824555;5,085183398;-0,455744343;-11,163736072;-13,226002701
-0,787104888;13,955137844;10,845808188;-1,633836101;-8,050786883;-6,155922966;-1,505703621;3,105824555;5,085183398;-0,455744343;-11,163736072
-18,999794137;-0,787104888;13,955137844;10,845808188;-1,633836101;-8,050786883;-6,155922966;-1,505703621;3,105824555;5,085183398;-0,455744343
-20,457898069;-18,999794137;-0,787104888;13,955137844;10,845808188;-1,633836101;-8,050786883;-6,155922966;-1,505703621;3,105824555;5,085183398
-7,715860219;-20,457898069;-18,999794137;-0,787104888;13,955137844;10,845808188;-1,633836101;-8,050786883;-6,155922966;-1,505703621;3,105824555
1,276760019;-7,715860219;-20,457898069;-18,999794137;-0,787104888;13,955137844;10,845808188;-1,633836101;-8,050786883;-6,155922966;-1,505703621
0,791866573;1,276760019;-7,715860219;-20,457898069;-18,999794137;-0,787104888;13,955137844;10,845808188;-1,633836101;-8,050786883;-6,155922966
-1,817505728;0,791866573;1,276760019;-7,715860219;-20,457898069;-18,999794137;-0,787104888;13,955137844;10,845808188;-1,633836101;-8,050786883
-2,935564009;-1,817505728;0,791866573;1,276760019;-7,715860219;-20,457898069;-18,999794137;-0,787104888;13,955137844;10,845808188;-1,633836101
-4,050091594;-2,935564009;-1,817505728;0,791866573;1,276760019;-7,715860219;-20,457898069;-18,999794137;-0,787104888;13,955137844;10,845808188
-4,01097718;-4,050091594;-2,935564009;-1,817505728;0,791866573;1,276760019;-7,715860219;-20,457898069;-18,999794137;-0,787104888;13,955137844
-1,284351548;-4,01097718;-4,050091594;-2,935564009;-1,817505728;0,791866573;1,276760019;-7,715860219;-20,457898069;-18,999794137;-0,787104888
0,792657893;-1,284351548;-4,01097718;-4,050091594;-2,935564009;-1,817505728;0,791866573;1,276760019;-7,715860219;-20,457898069;-18,999794137
-0,94530933;0,792657893;-1,284351548;-4,01097718;-4,050091594;-2,935564009;-1,817505728;0,791866573;1,276760019;-7,715860219;-20,457898069
-3,631256498;-0,94530933;0,792657893;-1,284351548;-4,01097718;-4,050091594;-2,935564009;-1,817505728;0,791866573;1,276760019;-7,715860219
-2,922211638;-3,631256498;-0,94530933;0,792657893;-1,284351548;-4,01097718;-4,050091594;-2,935564009;-1,817505728;0,791866573;1,276760019
-0,475010811;-2,922211638;-3,631256498;-0,94530933;0,792657893;-1,284351548;-4,01097718;-4,050091594;-2,935564009;-1,817505728;0,791866573
-0,179649856;-0,475010811;-2,922211638;-3,631256498;-0,94530933;0,792657893;-1,284351548;-4,01097718;-4,050091594;-2,935564009;-1,817505728
-1,958464298;-0,179649856;-0,475010811;-2,922211638;-3,631256498;-0,94530933;0,792657893;-1,284351548;-4,01097718;-4,050091594;-2,935564009
-2,691182281;-1,958464298;-0,179649856;-0,475010811;-2,922211638;-3,631256498;-0,94530933;0,792657893;-1,284351548;-4,01097718;-4,050091594
-1,599244596;-2,691182281;-1,958464298;-0,179649856;-0,475010811;-2,922211638;-3,631256498;-0,94530933;0,792657893;-1,284351548;-4,01097718
-0,449252608;-1,599244596;-2,691182281;-1,958464298;-0,179649856;-0,475010811;-2,922211638;-3,631256498;-0,94530933;0,792657893;-1,284351548
-0,771252788;-0,449252608;-1,599244596;-2,691182281;-1,958464298;-0,179649856;-0,475010811;-2,922211638;-3,631256498;-0,94530933;0,792657893
-2,772797558;-0,771252788;-0,449252608;-1,599244596;-2,691182281;-1,958464298;-0,179649856;-0,475010811;-2,922211638;-3,631256498;-0,94530933
-5,549199974;-2,772797558;-0,771252788;-0,449252608;-1,599244596;-2,691182281;-1,958464298;-0,179649856;-0,475010811;-2,922211638;-3,631256498
-6,155796936;-5,549199974;-2,772797558;-0,771252788;-0,449252608;-1,599244596;-2,691182281;-1,958464298;-0,179649856;-0,475010811;-2,922211638
-2,557172156;-6,155796936;-5,549199974;-2,772797558;-0,771252788;-0,449252608;-1,599244596;-2,691182281;-1,958464298;-0,179649856;-0,475010811
2,582234529;-2,557172156;-6,155796936;-5,549199974;-2,772797558;-0,771252788;-0,449252608;-1,599244596;-2,691182281;-1,958464298;-0,179649856
3,68568719;2,582234529;-2,557172156;-6,155796936;-5,549199974;-2,772797558;-0,771252788;-0,449252608;-1,599244596;-2,691182281;-1,958464298
-0,19206039;3,68568719;2,582234529;-2,557172156;-6,155796936;-5,549199974;-2,772797558;-0,771252788;-0,449252608;-1,599244596;-2,691182281
-4,595050769;-0,19206039;3,68568719;2,582234529;-2,557172156;-6,155796936;-5,549199974;-2,772797558;-0,771252788;-0,449252608;-1,599244596
-5,839258766;-4,595050769;-0,19206039;3,68568719;2,582234529;-2,557172156;-6,155796936;-5,549199974;-2,772797558;-0,771252788;-0,449252608
-4,065587628;-5,839258766;-4,595050769;-0,19206039;3,68568719;2,582234529;-2,557172156;-6,155796936;-5,549199974;-2,772797558;-0,771252788
-1,664733467;-4,065587628;-5,839258766;-4,595050769;-0,19206039;3,68568719;2,582234529;-2,557172156;-6,155796936;-5,549199974;-2,772797558
-0,320119013;-1,664733467;-4,065587628;-5,839258766;-4,595050769;-0,19206039;3,68568719;2,582234529;-2,557172156;-6,155796936;-5,549199974
0,153454203;-0,320119013;-1,664733467;-4,065587628;-5,839258766;-4,595050769;-0,19206039;3,68568719;2,582234529;-2,557172156;-6,155796936
0,332625679;0,153454203;-0,320119013;-1,664733467;-4,065587628;-5,839258766;-4,595050769;-0,19206039;3,68568719;2,582234529;-2,557172156
-0,477921777;0,332625679;0,153454203;-0,320119013;-1,664733467;-4,065587628;-5,839258766;-4,595050769;-0,19206039;3,68568719;2,582234529
-2,54715417;-0,477921777;0,332625679;0,153454203;-0,320119013;-1,664733467;-4,065587628;-5,839258766;-4,595050769;-0,19206039;3,68568719
-3,69631663;-2,54715417;-0,477921777;0,332625679;0,153454203;-0,320119013;-1,664733467;-4,065587628;-5,839258766;-4,595050769;-0,19206039
-2,702896559;-3,69631663;-2,54715417;-0,477921777;0,332625679;0,153454203;-0,320119013;-1,664733467;-4,065587628;-5,839258766;-4,595050769
-1,694904883;-2,702896559;-3,69631663;-2,54715417;-0,477921777;0,332625679;0,153454203;-0,320119013;-1,664733467;-4,065587628;-5,839258766
-2,400145538;-1,694904883;-2,702896559;-3,69631663;-2,54715417;-0,477921777;0,332625679;0,153454203;-0,320119013;-1,664733467;-4,065587628
-3,279082671;-2,400145538;-1,694904883;-2,702896559;-3,69631663;-2,54715417;-0,477921777;0,332625679;0,153454203;-0,320119013;-1,664733467
-3,597856176;-3,279082671;-2,400145538;-1,694904883;-2,702896559;-3,69631663;-2,54715417;-0,477921777;0,332625679;0,153454203;-0,320119013
-4,233280392;-3,597856176;-3,279082671;-2,400145538;-1,694904883;-2,702896559;-3,69631663;-2,54715417;-0,477921777;0,332625679;0,153454203
-4,283112519;-4,233280392;-3,597856176;-3,279082671;-2,400145538;-1,694904883;-2,702896559;-3,69631663;-2,54715417;-0,477921777;0,332625679
-1,309101755;-4,283112519;-4,233280392;-3,597856176;-3,279082671;-2,400145538;-1,694904883;-2,702896559;-3,69631663;-2,54715417;-0,477921777
3,341143163;-1,309101755;-4,283112519;-4,233280392;-3,597856176;-3,279082671;-2,400145538;-1,694904883;-2,702896559;-3,69631663;-2,54715417
4,469296694;3,341143163;-1,309101755;-4,283112519;-4,233280392;-3,597856176;-3,279082671;-2,400145538;-1,694904883;-2,702896559;-3,69631663
0,636603716;4,469296694;3,341143163;-1,309101755;-4,283112519;-4,233280392;-3,597856176;-3,279082671;-2,400145538;-1,694904883;-2,702896559
-2,818599291;0,636603716;4,469296694;3,341143163;-1,309101755;-4,283112519;-4,233280392;-3,597856176;-3,279082671;-2,400145538;-1,694904883
-1,902039674;-2,818599291;0,636603716;4,469296694;3,341143163;-1,309101755;-4,283112519;-4,233280392;-3,597856176;-3,279082671;-2,400145538
0,760983667;-1,902039674;-2,818599291;0,636603716;4,469296694;3,341143163;-1,309101755;-4,283112519;-4,233280392;-3,597856176;-3,279082671
0,925177199;0,760983667;-1,902039674;-2,818599291;0,636603716;4,469296694;3,341143163;-1,309101755;-4,283112519;-4,233280392;-3,597856176
-0,931219593;0,925177199;0,760983667;-1,902039674;-2,818599291;0,636603716;4,469296694;3,341143163;-1,309101755;-4,283112519;-4,233280392
-2,058910927;-0,931219593;0,925177199;0,760983667;-1,902039674;-2,818599291;0,636603716;4,469296694;3,341143163;-1,309101755;-4,283112519
-1,842533628;-2,058910927;-0,931219593;0,925177199;0,760983667;-1,902039674;-2,818599291;0,636603716;4,469296694;3,341143163;-1,309101755
-0,758012614;-1,842533628;-2,058910927;-0,931219593;0,925177199;0,760983667;-1,902039674;-2,818599291;0,636603716;4,469296694;3,341143163
-0,286791505;-0,758012614;-1,842533628;-2,058910927;-0,931219593;0,925177199;0,760983667;-1,902039674;-2,818599291;0,636603716;4,469296694
-4,26709823;-0,286791505;-0,758012614;-1,842533628;-2,058910927;-0,931219593;0,925177199;0,760983667;-1,902039674;-2,818599291;0,636603716
-12,015473113;-4,26709823;-0,286791505;-0,758012614;-1,842533628;-2,058910927;-0,931219593;0,925177199;0,760983667;-1,902039674;-2,818599291
-13,596451166;-12,015473113;-4,26709823;-0,286791505;-0,758012614;-1,842533628;-2,058910927;-0,931219593;0,925177199;0,760983667;-1,902039674
-2,774778317;-13,596451166;-12,015473113;-4,26709823;-0,286791505;-0,758012614;-1,842533628;-2,058910927;-0,931219593;0,925177199;0,760983667
10,181833778;-2,774778317;-13,596451166;-12,015473113;-4,26709823;-0,286791505;-0,758012614;-1,842533628;-2,058910927;-0,931219593;0,925177199
11,195581425;10,181833778;-2,774778317;-13,596451166;-12,015473113;-4,26709823;-0,286791505;-0,758012614;-1,842533628;-2,058910927;-0,931219593
1,922143424;11,195581425;10,181833778;-2,774778317;-13,596451166;-12,015473113;-4,26709823;-0,286791505;-0,758012614;-1,842533628;-2,058910927
-4,617339519;1,922143424;11,195581425;10,181833778;-2,774778317;-13,596451166;-12,015473113;-4,26709823;-0,286791505;-0,758012614;-1,842533628
-4,16426104;-4,617339519;1,922143424;11,195581425;10,181833778;-2,774778317;-13,596451166;-12,015473113;-4,26709823;-0,286791505;-0,758012614
-3,198509134;-4,16426104;-4,617339519;1,922143424;11,195581425;10,181833778;-2,774778317;-13,596451166;-12,015473113;-4,26709823;-0,286791505
-5,06077289;-3,198509134;-4,16426104;-4,617339519;1,922143424;11,195581425;10,181833778;-2,774778317;-13,596451166;-12,015473113;-4,26709823
-5,910353924;-5,06077289;-3,198509134;-4,16426104;-4,617339519;1,922143424;11,195581425;10,181833778;-2,774778317;-13,596451166;-12,015473113
-2,356826288;-5,910353924;-5,06077289;-3,198509134;-4,16426104;-4,617339519;1,922143424;11,195581425;10,181833778;-2,774778317;-13,596451166
3,754591676;-2,356826288;-5,910353924;-5,06077289;-3,198509134;-4,16426104;-4,617339519;1,922143424;11,195581425;10,181833778;-2,774778317
6,552481773;3,754591676;-2,356826288;-5,910353924;-5,06077289;-3,198509134;-4,16426104;-4,617339519;1,922143424;11,195581425;10,181833778
2,212145313;6,552481773;3,754591676;-2,356826288;-5,910353924;-5,06077289;-3,198509134;-4,16426104;-4,617339519;1,922143424;11,195581425
-4,762349716;2,212145313;6,552481773;3,754591676;-2,356826288;-5,910353924;-5,06077289;-3,198509134;-4,16426104;-4,617339519;1,922143424
-5,974913085;-4,762349716;2,212145313;6,552481773;3,754591676;-2,356826288;-5,910353924;-5,06077289;-3,198509134;-4,16426104;-4,617339519
-0,959868844;-5,974913085;-4,762349716;2,212145313;6,552481773;3,754591676;-2,356826288;-5,910353924;-5,06077289;-3,198509134;-4,16426104
2,120258419;-0,959868844;-5,974913085;-4,762349716;2,212145313;6,552481773;3,754591676;-2,356826288;-5,910353924;-5,06077289;-3,198509134
-0,288676866;2,120258419;-0,959868844;-5,974913085;-4,762349716;2,212145313;6,552481773;3,754591676;-2,356826288;-5,910353924;-5,06077289
-2,19257338;-0,288676866;2,120258419;-0,959868844;-5,974913085;-4,762349716;2,212145313;6,552481773;3,754591676;-2,356826288;-5,910353924
-0,0841835460000001;-2,19257338;-0,288676866;2,120258419;-0,959868844;-5,974913085;-4,762349716;2,212145313;6,552481773;3,754591676;-2,356826288
2,204300654;-0,0841835460000001;-2,19257338;-0,288676866;2,120258419;-0,959868844;-5,974913085;-4,762349716;2,212145313;6,552481773;3,754591676
1,413240714;2,204300654;-0,0841835460000001;-2,19257338;-0,288676866;2,120258419;-0,959868844;-5,974913085;-4,762349716;2,212145313;6,552481773
-0,801761395;1,413240714;2,204300654;-0,0841835460000001;-2,19257338;-0,288676866;2,120258419;-0,959868844;-5,974913085;-4,762349716;2,212145313
-1,879991607;-0,801761395;1,413240714;2,204300654;-0,0841835460000001;-2,19257338;-0,288676866;2,120258419;-0,959868844;-5,974913085;-4,762349716
-1,582115437;-1,879991607;-0,801761395;1,413240714;2,204300654;-0,0841835460000001;-2,19257338;-0,288676866;2,120258419;-0,959868844;-5,974913085
-0,749480362;-1,582115437;-1,879991607;-0,801761395;1,413240714;2,204300654;-0,0841835460000001;-2,19257338;-0,288676866;2,120258419;-0,959868844
0,263087814;-0,749480362;-1,582115437;-1,879991607;-0,801761395;1,413240714;2,204300654;-0,0841835460000001;-2,19257338;-0,288676866;2,120258419
0,845815841;0,263087814;-0,749480362;-1,582115437;-1,879991607;-0,801761395;1,413240714;2,204300654;-0,0841835460000001;-2,19257338;-0,288676866
0,511331869;0,845815841;0,263087814;-0,749480362;-1,582115437;-1,879991607;-0,801761395;1,413240714;2,204300654;-0,0841835460000001;-2,19257338
-0,69291759;0,511331869;0,845815841;0,263087814;-0,749480362;-1,582115437;-1,879991607;-0,801761395;1,413240714;2,204300654;-0,0841835460000001
-2,07076301;-0,69291759;0,511331869;0,845815841;0,263087814;-0,749480362;-1,582115437;-1,879991607;-0,801761395;1,413240714;2,204300654
-2,253011369;-2,07076301;-0,69291759;0,511331869;0,845815841;0,263087814;-0,749480362;-1,582115437;-1,879991607;-0,801761395;1,413240714
-0,720556214;-2,253011369;-2,07076301;-0,69291759;0,511331869;0,845815841;0,263087814;-0,749480362;-1,582115437;-1,879991607;-0,801761395
0,754914431;-0,720556214;-2,253011369;-2,07076301;-0,69291759;0,511331869;0,845815841;0,263087814;-0,749480362;-1,582115437;-1,879991607
0,181635705;0,754914431;-0,720556214;-2,253011369;-2,07076301;-0,69291759;0,511331869;0,845815841;0,263087814;-0,749480362;-1,582115437
-1,100624136;0,181635705;0,754914431;-0,720556214;-2,253011369;-2,07076301;-0,69291759;0,511331869;0,845815841;0,263087814;-0,749480362
-0,357965526;-1,100624136;0,181635705;0,754914431;-0,720556214;-2,253011369;-2,07076301;-0,69291759;0,511331869;0,845815841;0,263087814
1,535768323;-0,357965526;-1,100624136;0,181635705;0,754914431;-0,720556214;-2,253011369;-2,07076301;-0,69291759;0,511331869;0,845815841
1,557884987;1,535768323;-0,357965526;-1,100624136;0,181635705;0,754914431;-0,720556214;-2,253011369;-2,07076301;-0,69291759;0,511331869
-0,796946809;1,557884987;1,535768323;-0,357965526;-1,100624136;0,181635705;0,754914431;-0,720556214;-2,253011369;-2,07076301;-0,69291759
-2,581279422;-0,796946809;1,557884987;1,535768323;-0,357965526;-1,100624136;0,181635705;0,754914431;-0,720556214;-2,253011369;-2,07076301
-2,317940629;-2,581279422;-0,796946809;1,557884987;1,535768323;-0,357965526;-1,100624136;0,181635705;0,754914431;-0,720556214;-2,253011369
-0,572264107;-2,317940629;-2,581279422;-0,796946809;1,557884987;1,535768323;-0,357965526;-1,100624136;0,181635705;0,754914431;-0,720556214
1,350484222;-0,572264107;-2,317940629;-2,581279422;-0,796946809;1,557884987;1,535768323;-0,357965526;-1,100624136;0,181635705;0,754914431
2,487959556;1,350484222;-0,572264107;-2,317940629;-2,581279422;-0,796946809;1,557884987;1,535768323;-0,357965526;-1,100624136;0,181635705
2,776329081;2,487959556;1,350484222;-0,572264107;-2,317940629;-2,581279422;-0,796946809;1,557884987;1,535768323;-0,357965526;-1,100624136
2,351340356;2,776329081;2,487959556;1,350484222;-0,572264107;-2,317940629;-2,581279422;-0,796946809;1,557884987;1,535768323;-0,357965526
1,514760948;2,351340356;2,776329081;2,487959556;1,350484222;-0,572264107;-2,317940629;-2,581279422;-0,796946809;1,557884987;1,535768323
1,291966675;1,514760948;2,351340356;2,776329081;2,487959556;1,350484222;-0,572264107;-2,317940629;-2,581279422;-0,796946809;1,557884987
1,818474741;1,291966675;1,514760948;2,351340356;2,776329081;2,487959556;1,350484222;-0,572264107;-2,317940629;-2,581279422;-0,796946809
2,135144902;1,818474741;1,291966675;1,514760948;2,351340356;2,776329081;2,487959556;1,350484222;-0,572264107;-2,317940629;-2,581279422
1,79263274;2,135144902;1,818474741;1,291966675;1,514760948;2,351340356;2,776329081;2,487959556;1,350484222;-0,572264107;-2,317940629
1,35592262;1,79263274;2,135144902;1,818474741;1,291966675;1,514760948;2,351340356;2,776329081;2,487959556;1,350484222;-0,572264107
0,372081526;1,35592262;1,79263274;2,135144902;1,818474741;1,291966675;1,514760948;2,351340356;2,776329081;2,487959556;1,350484222
-1,046821511;0,372081526;1,35592262;1,79263274;2,135144902;1,818474741;1,291966675;1,514760948;2,351340356;2,776329081;2,487959556
-0,73133052;-1,046821511;0,372081526;1,35592262;1,79263274;2,135144902;1,818474741;1,291966675;1,514760948;2,351340356;2,776329081
1,988339916;-0,73133052;-1,046821511;0,372081526;1,35592262;1,79263274;2,135144902;1,818474741;1,291966675;1,514760948;2,351340356
3,335660372;1,988339916;-0,73133052;-1,046821511;0,372081526;1,35592262;1,79263274;2,135144902;1,818474741;1,291966675;1,514760948
1,059107521;3,335660372;1,988339916;-0,73133052;-1,046821511;0,372081526;1,35592262;1,79263274;2,135144902;1,818474741;1,291966675
-1,190578476;1,059107521;3,335660372;1,988339916;-0,73133052;-1,046821511;0,372081526;1,35592262;1,79263274;2,135144902;1,818474741
-0,119358376;-1,190578476;1,059107521;3,335660372;1,988339916;-0,73133052;-1,046821511;0,372081526;1,35592262;1,79263274;2,135144902
1,709906519;-0,119358376;-1,190578476;1,059107521;3,335660372;1,988339916;-0,73133052;-1,046821511;0,372081526;1,35592262;1,79263274
1,806082168;1,709906519;-0,119358376;-1,190578476;1,059107521;3,335660372;1,988339916;-0,73133052;-1,046821511;0,372081526;1,35592262
0,761815995;1,806082168;1,709906519;-0,119358376;-1,190578476;1,059107521;3,335660372;1,988339916;-0,73133052;-1,046821511;0,372081526
0,687695635;0,761815995;1,806082168;1,709906519;-0,119358376;-1,190578476;1,059107521;3,335660372;1,988339916;-0,73133052;-1,046821511
1,582106024;0,687695635;0,761815995;1,806082168;1,709906519;-0,119358376;-1,190578476;1,059107521;3,335660372;1,988339916;-0,73133052
2,804044493;1,582106024;0,687695635;0,761815995;1,806082168;1,709906519;-0,119358376;-1,190578476;1,059107521;3,335660372;1,988339916
3,862085416;2,804044493;1,582106024;0,687695635;0,761815995;1,806082168;1,709906519;-0,119358376;-1,190578476;1,059107521;3,335660372
3,343165288;3,862085416;2,804044493;1,582106024;0,687695635;0,761815995;1,806082168;1,709906519;-0,119358376;-1,190578476;1,059107521
0,967446436;3,343165288;3,862085416;2,804044493;1,582106024;0,687695635;0,761815995;1,806082168;1,709906519;-0,119358376;-1,190578476
-0,895907149;0,967446436;3,343165288;3,862085416;2,804044493;1,582106024;0,687695635;0,761815995;1,806082168;1,709906519;-0,119358376
-0,255484732;-0,895907149;0,967446436;3,343165288;3,862085416;2,804044493;1,582106024;0,687695635;0,761815995;1,806082168;1,709906519
1,585836592;-0,255484732;-0,895907149;0,967446436;3,343165288;3,862085416;2,804044493;1,582106024;0,687695635;0,761815995;1,806082168
1,760476693;1,585836592;-0,255484732;-0,895907149;0,967446436;3,343165288;3,862085416;2,804044493;1,582106024;0,687695635;0,761815995
1,198948146;1,760476693;1,585836592;-0,255484732;-0,895907149;0,967446436;3,343165288;3,862085416;2,804044493;1,582106024;0,687695635
1,375096102;1,198948146;1,760476693;1,585836592;-0,255484732;-0,895907149;0,967446436;3,343165288;3,862085416;2,804044493;1,582106024
1,71204279;1,375096102;1,198948146;1,760476693;1,585836592;-0,255484732;-0,895907149;0,967446436;3,343165288;3,862085416;2,804044493
0,600800768;1,71204279;1,375096102;1,198948146;1,760476693;1,585836592;-0,255484732;-0,895907149;0,967446436;3,343165288;3,862085416
-0,906718992;0,600800768;1,71204279;1,375096102;1,198948146;1,760476693;1,585836592;-0,255484732;-0,895907149;0,967446436;3,343165288
-0,574927804;-0,906718992;0,600800768;1,71204279;1,375096102;1,198948146;1,760476693;1,585836592;-0,255484732;-0,895907149;0,967446436
1,163623193;-0,574927804;-0,906718992;0,600800768;1,71204279;1,375096102;1,198948146;1,760476693;1,585836592;-0,255484732;-0,895907149
2,6765412;1,163623193;-0,574927804;-0,906718992;0,600800768;1,71204279;1,375096102;1,198948146;1,760476693;1,585836592;-0,255484732
2,973423277;2,6765412;1,163623193;-0,574927804;-0,906718992;0,600800768;1,71204279;1,375096102;1,198948146;1,760476693;1,585836592
2,160421493;2,973423277;2,6765412;1,163623193;-0,574927804;-0,906718992;0,600800768;1,71204279;1,375096102;1,198948146;1,760476693
1,287578723;2,160421493;2,973423277;2,6765412;1,163623193;-0,574927804;-0,906718992;0,600800768;1,71204279;1,375096102;1,198948146
1,130293924;1,287578723;2,160421493;2,973423277;2,6765412;1,163623193;-0,574927804;-0,906718992;0,600800768;1,71204279;1,375096102
1,525292711;1,130293924;1,287578723;2,160421493;2,973423277;2,6765412;1,163623193;-0,574927804;-0,906718992;0,600800768;1,71204279
1,615385201;1,525292711;1,130293924;1,287578723;2,160421493;2,973423277;2,6765412;1,163623193;-0,574927804;-0,906718992;0,600800768
2,050044542;1,615385201;1,525292711;1,130293924;1,287578723;2,160421493;2,973423277;2,6765412;1,163623193;-0,574927804;-0,906718992
3,002189908;2,050044542;1,615385201;1,525292711;1,130293924;1,287578723;2,160421493;2,973423277;2,6765412;1,163623193;-0,574927804
2,63246478;3,002189908;2,050044542;1,615385201;1,525292711;1,130293924;1,287578723;2,160421493;2,973423277;2,6765412;1,163623193
0,738963471;2,63246478;3,002189908;2,050044542;1,615385201;1,525292711;1,130293924;1,287578723;2,160421493;2,973423277;2,6765412
-0,098335193;0,738963471;2,63246478;3,002189908;2,050044542;1,615385201;1,525292711;1,130293924;1,287578723;2,160421493;2,973423277
1,969913605;-0,098335193;0,738963471;2,63246478;3,002189908;2,050044542;1,615385201;1,525292711;1,130293924;1,287578723;2,160421493
4,610112996;1,969913605;-0,098335193;0,738963471;2,63246478;3,002189908;2,050044542;1,615385201;1,525292711;1,130293924;1,287578723
4,617248179;4,610112996;1,969913605;-0,098335193;0,738963471;2,63246478;3,002189908;2,050044542;1,615385201;1,525292711;1,130293924
3,199482755;4,617248179;4,610112996;1,969913605;-0,098335193;0,738963471;2,63246478;3,002189908;2,050044542;1,615385201;1,525292711
2,399648709;3,199482755;4,617248179;4,610112996;1,969913605;-0,098335193;0,738963471;2,63246478;3,002189908;2,050044542;1,615385201
0,87973924;2,399648709;3,199482755;4,617248179;4,610112996;1,969913605;-0,098335193;0,738963471;2,63246478;3,002189908;2,050044542
-0,924750645;0,87973924;2,399648709;3,199482755;4,617248179;4,610112996;1,969913605;-0,098335193;0,738963471;2,63246478;3,002189908
0,445629665;-0,924750645;0,87973924;2,399648709;3,199482755;4,617248179;4,610112996;1,969913605;-0,098335193;0,738963471;2,63246478
4,696044246;0,445629665;-0,924750645;0,87973924;2,399648709;3,199482755;4,617248179;4,610112996;1,969913605;-0,098335193;0,738963471
5,902385635;4,696044246;0,445629665;-0,924750645;0,87973924;2,399648709;3,199482755;4,617248179;4,610112996;1,969913605;-0,098335193
2,128844922;5,902385635;4,696044246;0,445629665;-0,924750645;0,87973924;2,399648709;3,199482755;4,617248179;4,610112996;1,969913605
-1,450038115;2,128844922;5,902385635;4,696044246;0,445629665;-0,924750645;0,87973924;2,399648709;3,199482755;4,617248179;4,610112996
-1,383477547;-1,450038115;2,128844922;5,902385635;4,696044246;0,445629665;-0,924750645;0,87973924;2,399648709;3,199482755;4,617248179
0,460920067;-1,383477547;-1,450038115;2,128844922;5,902385635;4,696044246;0,445629665;-0,924750645;0,87973924;2,399648709;3,199482755
1,043157866;0,460920067;-1,383477547;-1,450038115;2,128844922;5,902385635;4,696044246;0,445629665;-0,924750645;0,87973924;2,399648709
0,268793468;1,043157866;0,460920067;-1,383477547;-1,450038115;2,128844922;5,902385635;4,696044246;0,445629665;-0,924750645;0,87973924
0,197218819;0,268793468;1,043157866;0,460920067;-1,383477547;-1,450038115;2,128844922;5,902385635;4,696044246;0,445629665;-0,924750645
1,47867825;0,197218819;0,268793468;1,043157866;0,460920067;-1,383477547;-1,450038115;2,128844922;5,902385635;4,696044246;0,445629665
2,630500315;1,47867825;0,197218819;0,268793468;1,043157866;0,460920067;-1,383477547;-1,450038115;2,128844922;5,902385635;4,696044246
1,950845358;2,630500315;1,47867825;0,197218819;0,268793468;1,043157866;0,460920067;-1,383477547;-1,450038115;2,128844922;5,902385635
0,617807054;1,950845358;2,630500315;1,47867825;0,197218819;0,268793468;1,043157866;0,460920067;-1,383477547;-1,450038115;2,128844922
0,569213507;0,617807054;1,950845358;2,630500315;1,47867825;0,197218819;0,268793468;1,043157866;0,460920067;-1,383477547;-1,450038115
1,337887122;0,569213507;0,617807054;1,950845358;2,630500315;1,47867825;0,197218819;0,268793468;1,043157866;0,460920067;-1,383477547
1,956880847;1,337887122;0,569213507;0,617807054;1,950845358;2,630500315;1,47867825;0,197218819;0,268793468;1,043157866;0,460920067
2,056902722;1,956880847;1,337887122;0,569213507;0,617807054;1,950845358;2,630500315;1,47867825;0,197218819;0,268793468;1,043157866
1,760632983;2,056902722;1,956880847;1,337887122;0,569213507;0,617807054;1,950845358;2,630500315;1,47867825;0,197218819;0,268793468
1,610595493;1,760632983;2,056902722;1,956880847;1,337887122;0,569213507;0,617807054;1,950845358;2,630500315;1,47867825;0,197218819
2,288225492;1,610595493;1,760632983;2,056902722;1,956880847;1,337887122;0,569213507;0,617807054;1,950845358;2,630500315;1,47867825
3,019246998;2,288225492;1,610595493;1,760632983;2,056902722;1,956880847;1,337887122;0,569213507;0,617807054;1,950845358;2,630500315
2,295518351;3,019246998;2,288225492;1,610595493;1,760632983;2,056902722;1,956880847;1,337887122;0,569213507;0,617807054;1,950845358
1,246860318;2,295518351;3,019246998;2,288225492;1,610595493;1,760632983;2,056902722;1,956880847;1,337887122;0,569213507;0,617807054
0,666008542;1,246860318;2,295518351;3,019246998;2,288225492;1,610595493;1,760632983;2,056902722;1,956880847;1,337887122;0,569213507
0,221779027;0,666008542;1,246860318;2,295518351;3,019246998;2,288225492;1,610595493;1,760632983;2,056902722;1,956880847;1,337887122
0,166428674;0,221779027;0,666008542;1,246860318;2,295518351;3,019246998;2,288225492;1,610595493;1,760632983;2,056902722;1,956880847
1,668822153;0,166428674;0,221779027;0,666008542;1,246860318;2,295518351;3,019246998;2,288225492;1,610595493;1,760632983;2,056902722
3,681205867;1,668822153;0,166428674;0,221779027;0,666008542;1,246860318;2,295518351;3,019246998;2,288225492;1,610595493;1,760632983
2,935931085;3,681205867;1,668822153;0,166428674;0,221779027;0,666008542;1,246860318;2,295518351;3,019246998;2,288225492;1,610595493
-0,108103759;2,935931085;3,681205867;1,668822153;0,166428674;0,221779027;0,666008542;1,246860318;2,295518351;3,019246998;2,288225492
-1,773379558;-0,108103759;2,935931085;3,681205867;1,668822153;0,166428674;0,221779027;0,666008542;1,246860318;2,295518351;3,019246998
-0,840502496;-1,773379558;-0,108103759;2,935931085;3,681205867;1,668822153;0,166428674;0,221779027;0,666008542;1,246860318;2,295518351
0,593425186;-0,840502496;-1,773379558;-0,108103759;2,935931085;3,681205867;1,668822153;0,166428674;0,221779027;0,666008542;1,246860318
1,183324817;0,593425186;-0,840502496;-1,773379558;-0,108103759;2,935931085;3,681205867;1,668822153;0,166428674;0,221779027;0,666008542
1,496801057;1,183324817;0,593425186;-0,840502496;-1,773379558;-0,108103759;2,935931085;3,681205867;1,668822153;0,166428674;0,221779027
1,966076988;1,496801057;1,183324817;0,593425186;-0,840502496;-1,773379558;-0,108103759;2,935931085;3,681205867;1,668822153;0,166428674
1,972270005;1,966076988;1,496801057;1,183324817;0,593425186;-0,840502496;-1,773379558;-0,108103759;2,935931085;3,681205867;1,668822153
1,116111088;1,972270005;1,966076988;1,496801057;1,183324817;0,593425186;-0,840502496;-1,773379558;-0,108103759;2,935931085;3,681205867
0,291398259;1,116111088;1,972270005;1,966076988;1,496801057;1,183324817;0,593425186;-0,840502496;-1,773379558;-0,108103759;2,935931085
0,462391336;0,291398259;1,116111088;1,972270005;1,966076988;1,496801057;1,183324817;0,593425186;-0,840502496;-1,773379558;-0,108103759
1,30167573;0,462391336;0,291398259;1,116111088;1,972270005;1,966076988;1,496801057;1,183324817;0,593425186;-0,840502496;-1,773379558
1,957285268;1,30167573;0,462391336;0,291398259;1,116111088;1,972270005;1,966076988;1,496801057;1,183324817;0,593425186;-0,840502496
2,148591681;1,957285268;1,30167573;0,462391336;0,291398259;1,116111088;1,972270005;1,966076988;1,496801057;1,183324817;0,593425186
1,735293728;2,148591681;1,957285268;1,30167573;0,462391336;0,291398259;1,116111088;1,972270005;1,966076988;1,496801057;1,183324817
0,40971262;1,735293728;2,148591681;1,957285268;1,30167573;0,462391336;0,291398259;1,116111088;1,972270005;1,966076988;1,496801057
-1,077814339;0,40971262;1,735293728;2,148591681;1,957285268;1,30167573;0,462391336;0,291398259;1,116111088;1,972270005;1,966076988
-1,174670423;-1,077814339;0,40971262;1,735293728;2,148591681;1,957285268;1,30167573;0,462391336;0,291398259;1,116111088;1,972270005
0,557346823;-1,174670423;-1,077814339;0,40971262;1,735293728;2,148591681;1,957285268;1,30167573;0,462391336;0,291398259;1,116111088
1,967272248;0,557346823;-1,174670423;-1,077814339;0,40971262;1,735293728;2,148591681;1,957285268;1,30167573;0,462391336;0,291398259
1,222889994;1,967272248;0,557346823;-1,174670423;-1,077814339;0,40971262;1,735293728;2,148591681;1,957285268;1,30167573;0,462391336
-1,16862418;1,222889994;1,967272248;0,557346823;-1,174670423;-1,077814339;0,40971262;1,735293728;2,148591681;1,957285268;1,30167573
-1,858594506;-1,16862418;1,222889994;1,967272248;0,557346823;-1,174670423;-1,077814339;0,40971262;1,735293728;2,148591681;1,957285268
0,865186824;-1,858594506;-1,16862418;1,222889994;1,967272248;0,557346823;-1,174670423;-1,077814339;0,40971262;1,735293728;2,148591681
3,751525172;0,865186824;-1,858594506;-1,16862418;1,222889994;1,967272248;0,557346823;-1,174670423;-1,077814339;0,40971262;1,735293728
2,940776612;3,751525172;0,865186824;-1,858594506;-1,16862418;1,222889994;1,967272248;0,557346823;-1,174670423;-1,077814339;0,40971262
0,354277415;2,940776612;3,751525172;0,865186824;-1,858594506;-1,16862418;1,222889994;1,967272248;0,557346823;-1,174670423;-1,077814339
-0,126245883;0,354277415;2,940776612;3,751525172;0,865186824;-1,858594506;-1,16862418;1,222889994;1,967272248;0,557346823;-1,174670423
1,620319095;-0,126245883;0,354277415;2,940776612;3,751525172;0,865186824;-1,858594506;-1,16862418;1,222889994;1,967272248;0,557346823
2,194644022;1,620319095;-0,126245883;0,354277415;2,940776612;3,751525172;0,865186824;-1,858594506;-1,16862418;1,222889994;1,967272248
1,116983087;2,194644022;1,620319095;-0,126245883;0,354277415;2,940776612;3,751525172;0,865186824;-1,858594506;-1,16862418;1,222889994
0,828274868;1,116983087;2,194644022;1,620319095;-0,126245883;0,354277415;2,940776612;3,751525172;0,865186824;-1,858594506;-1,16862418
1,67064891;0,828274868;1,116983087;2,194644022;1,620319095;-0,126245883;0,354277415;2,940776612;3,751525172;0,865186824;-1,858594506
1,282099393;1,67064891;0,828274868;1,116983087;2,194644022;1,620319095;-0,126245883;0,354277415;2,940776612;3,751525172;0,865186824
-0,716018038;1,282099393;1,67064891;0,828274868;1,116983087;2,194644022;1,620319095;-0,126245883;0,354277415;2,940776612;3,751525172
-1,329925646;-0,716018038;1,282099393;1,67064891;0,828274868;1,116983087;2,194644022;1,620319095;-0,126245883;0,354277415;2,940776612
0,707393205;-1,329925646;-0,716018038;1,282099393;1,67064891;0,828274868;1,116983087;2,194644022;1,620319095;-0,126245883;0,354277415
2,29306174;0,707393205;-1,329925646;-0,716018038;1,282099393;1,67064891;0,828274868;1,116983087;2,194644022;1,620319095;-0,126245883
1,181912702;2,29306174;0,707393205;-1,329925646;-0,716018038;1,282099393;1,67064891;0,828274868;1,116983087;2,194644022;1,620319095
-0,628741137;1,181912702;2,29306174;0,707393205;-1,329925646;-0,716018038;1,282099393;1,67064891;0,828274868;1,116983087;2,194644022
-0,60806063;-0,628741137;1,181912702;2,29306174;0,707393205;-1,329925646;-0,716018038;1,282099393;1,67064891;0,828274868;1,116983087
0,599222713;-0,60806063;-0,628741137;1,181912702;2,29306174;0,707393205;-1,329925646;-0,716018038;1,282099393;1,67064891;0,828274868
1,212724544;0,599222713;-0,60806063;-0,628741137;1,181912702;2,29306174;0,707393205;-1,329925646;-0,716018038;1,282099393;1,67064891
0,491914997;1,212724544;0,599222713;-0,60806063;-0,628741137;1,181912702;2,29306174;0,707393205;-1,329925646;-0,716018038;1,282099393
-0,581933373;0,491914997;1,212724544;0,599222713;-0,60806063;-0,628741137;1,181912702;2,29306174;0,707393205;-1,329925646;-0,716018038
-0,091449624;-0,581933373;0,491914997;1,212724544;0,599222713;-0,60806063;-0,628741137;1,181912702;2,29306174;0,707393205;-1,329925646
1,928229256;-0,091449624;-0,581933373;0,491914997;1,212724544;0,599222713;-0,60806063;-0,628741137;1,181912702;2,29306174;0,707393205
2,277992378;1,928229256;-0,091449624;-0,581933373;0,491914997;1,212724544;0,599222713;-0,60806063;-0,628741137;1,181912702;2,29306174
0,0643777310000001;2,277992378;1,928229256;-0,091449624;-0,581933373;0,491914997;1,212724544;0,599222713;-0,60806063;-0,628741137;1,181912702
-1,096135572;0,0643777310000001;2,277992378;1,928229256;-0,091449624;-0,581933373;0,491914997;1,212724544;0,599222713;-0,60806063;-0,628741137
0,38701878;-1,096135572;0,0643777310000001;2,277992378;1,928229256;-0,091449624;-0,581933373;0,491914997;1,212724544;0,599222713;-0,60806063
1,313784433;0,38701878;-1,096135572;0,0643777310000001;2,277992378;1,928229256;-0,091449624;-0,581933373;0,491914997;1,212724544;0,599222713
0,1408787;1,313784433;0,38701878;-1,096135572;0,0643777310000001;2,277992378;1,928229256;-0,091449624;-0,581933373;0,491914997;1,212724544
-0,661807307;0,1408787;1,313784433;0,38701878;-1,096135572;0,0643777310000001;2,277992378;1,928229256;-0,091449624;-0,581933373;0,491914997
-0,084021415;-0,661807307;0,1408787;1,313784433;0,38701878;-1,096135572;0,0643777310000001;2,277992378;1,928229256;-0,091449624;-0,581933373
-0,405413519;-0,084021415;-0,661807307;0,1408787;1,313784433;0,38701878;-1,096135572;0,0643777310000001;2,277992378;1,928229256;-0,091449624
-1,461503457;-0,405413519;-0,084021415;-0,661807307;0,1408787;1,313784433;0,38701878;-1,096135572;0,0643777310000001;2,277992378;1,928229256
-1,101276622;-1,461503457;-0,405413519;-0,084021415;-0,661807307;0,1408787;1,313784433;0,38701878;-1,096135572;0,0643777310000001;2,277992378
0,646103085;-1,101276622;-1,461503457;-0,405413519;-0,084021415;-0,661807307;0,1408787;1,313784433;0,38701878;-1,096135572;0,0643777310000001
1,496970873;0,646103085;-1,101276622;-1,461503457;-0,405413519;-0,084021415;-0,661807307;0,1408787;1,313784433;0,38701878;-1,096135572
0,523326666;1,496970873;0,646103085;-1,101276622;-1,461503457;-0,405413519;-0,084021415;-0,661807307;0,1408787;1,313784433;0,38701878
-1,051925243;0,523326666;1,496970873;0,646103085;-1,101276622;-1,461503457;-0,405413519;-0,084021415;-0,661807307;0,1408787;1,313784433
-1,074190507;-1,051925243;0,523326666;1,496970873;0,646103085;-1,101276622;-1,461503457;-0,405413519;-0,084021415;-0,661807307;0,1408787
0,826417292;-1,074190507;-1,051925243;0,523326666;1,496970873;0,646103085;-1,101276622;-1,461503457;-0,405413519;-0,084021415;-0,661807307
1,853944718;0,826417292;-1,074190507;-1,051925243;0,523326666;1,496970873;0,646103085;-1,101276622;-1,461503457;-0,405413519;-0,084021415
0,541169418;1,853944718;0,826417292;-1,074190507;-1,051925243;0,523326666;1,496970873;0,646103085;-1,101276622;-1,461503457;-0,405413519
-0,938948041;0,541169418;1,853944718;0,826417292;-1,074190507;-1,051925243;0,523326666;1,496970873;0,646103085;-1,101276622;-1,461503457
-0,0629253729999999;-0,938948041;0,541169418;1,853944718;0,826417292;-1,074190507;-1,051925243;0,523326666;1,496970873;0,646103085;-1,101276622
1,510984306;-0,0629253729999999;-0,938948041;0,541169418;1,853944718;0,826417292;-1,074190507;-1,051925243;0,523326666;1,496970873;0,646103085
0,630731674;1,510984306;-0,0629253729999999;-0,938948041;0,541169418;1,853944718;0,826417292;-1,074190507;-1,051925243;0,523326666;1,496970873
-2,116295088;0,630731674;1,510984306;-0,0629253729999999;-0,938948041;0,541169418;1,853944718;0,826417292;-1,074190507;-1,051925243;0,523326666
-3,449914704;-2,116295088;0,630731674;1,510984306;-0,0629253729999999;-0,938948041;0,541169418;1,853944718;0,826417292;-1,074190507;-1,051925243
-2,098295126;-3,449914704;-2,116295088;0,630731674;1,510984306;-0,0629253729999999;-0,938948041;0,541169418;1,853944718;0,826417292;-1,074190507
-0,033432212;-2,098295126;-3,449914704;-2,116295088;0,630731674;1,510984306;-0,0629253729999999;-0,938948041;0,541169418;1,853944718;0,826417292
0,158082454;-0,033432212;-2,098295126;-3,449914704;-2,116295088;0,630731674;1,510984306;-0,0629253729999999;-0,938948041;0,541169418;1,853944718
-1,251979049;0,158082454;-0,033432212;-2,098295126;-3,449914704;-2,116295088;0,630731674;1,510984306;-0,0629253729999999;-0,938948041;0,541169418
-1,775070355;-1,251979049;0,158082454;-0,033432212;-2,098295126;-3,449914704;-2,116295088;0,630731674;1,510984306;-0,0629253729999999;-0,938948041
-0,39712606;-1,775070355;-1,251979049;0,158082454;-0,033432212;-2,098295126;-3,449914704;-2,116295088;0,630731674;1,510984306;-0,0629253729999999
1,127145375;-0,39712606;-1,775070355;-1,251979049;0,158082454;-0,033432212;-2,098295126;-3,449914704;-2,116295088;0,630731674;1,510984306
0,614601894;1,127145375;-0,39712606;-1,775070355;-1,251979049;0,158082454;-0,033432212;-2,098295126;-3,449914704;-2,116295088;0,630731674
-1,401758077;0,614601894;1,127145375;-0,39712606;-1,775070355;-1,251979049;0,158082454;-0,033432212;-2,098295126;-3,449914704;-2,116295088
-2,219346768;-1,401758077;0,614601894;1,127145375;-0,39712606;-1,775070355;-1,251979049;0,158082454;-0,033432212;-2,098295126;-3,449914704
-0,773852225;-2,219346768;-1,401758077;0,614601894;1,127145375;-0,39712606;-1,775070355;-1,251979049;0,158082454;-0,033432212;-2,098295126
0,588785461;-0,773852225;-2,219346768;-1,401758077;0,614601894;1,127145375;-0,39712606;-1,775070355;-1,251979049;0,158082454;-0,033432212
-0,14710175;0,588785461;-0,773852225;-2,219346768;-1,401758077;0,614601894;1,127145375;-0,39712606;-1,775070355;-1,251979049;0,158082454
-1,514258742;-0,14710175;0,588785461;-0,773852225;-2,219346768;-1,401758077;0,614601894;1,127145375;-0,39712606;-1,775070355;-1,251979049
-1,660173435;-1,514258742;-0,14710175;0,588785461;-0,773852225;-2,219346768;-1,401758077;0,614601894;1,127145375;-0,39712606;-1,775070355
-0,980050075;-1,660173435;-1,514258742;-0,14710175;0,588785461;-0,773852225;-2,219346768;-1,401758077;0,614601894;1,127145375;-0,39712606
-0,805020503;-0,980050075;-1,660173435;-1,514258742;-0,14710175;0,588785461;-0,773852225;-2,219346768;-1,401758077;0,614601894;1,127145375
-1,341815728;-0,805020503;-0,980050075;-1,660173435;-1,514258742;-0,14710175;0,588785461;-0,773852225;-2,219346768;-1,401758077;0,614601894
-1,931877;-1,341815728;-0,805020503;-0,980050075;-1,660173435;-1,514258742;-0,14710175;0,588785461;-0,773852225;-2,219346768;-1,401758077
-2,12249827;-1,931877;-1,341815728;-0,805020503;-0,980050075;-1,660173435;-1,514258742;-0,14710175;0,588785461;-0,773852225;-2,219346768
-1,257287487;-2,12249827;-1,931877;-1,341815728;-0,805020503;-0,980050075;-1,660173435;-1,514258742;-0,14710175;0,588785461;-0,773852225
-0,144701477;-1,257287487;-2,12249827;-1,931877;-1,341815728;-0,805020503;-0,980050075;-1,660173435;-1,514258742;-0,14710175;0,588785461
-0,400941428;-0,144701477;-1,257287487;-2,12249827;-1,931877;-1,341815728;-0,805020503;-0,980050075;-1,660173435;-1,514258742;-0,14710175
-1,768832182;-0,400941428;-0,144701477;-1,257287487;-2,12249827;-1,931877;-1,341815728;-0,805020503;-0,980050075;-1,660173435;-1,514258742
-2,670522843;-1,768832182;-0,400941428;-0,144701477;-1,257287487;-2,12249827;-1,931877;-1,341815728;-0,805020503;-0,980050075;-1,660173435
-2,531213167;-2,670522843;-1,768832182;-0,400941428;-0,144701477;-1,257287487;-2,12249827;-1,931877;-1,341815728;-0,805020503;-0,980050075
-2,60623965;-2,531213167;-2,670522843;-1,768832182;-0,400941428;-0,144701477;-1,257287487;-2,12249827;-1,931877;-1,341815728;-0,805020503
-3,366544576;-2,60623965;-2,531213167;-2,670522843;-1,768832182;-0,400941428;-0,144701477;-1,257287487;-2,12249827;-1,931877;-1,341815728
-3,503461735;-3,366544576;-2,60623965;-2,531213167;-2,670522843;-1,768832182;-0,400941428;-0,144701477;-1,257287487;-2,12249827;-1,931877
-2,18905201;-3,503461735;-3,366544576;-2,60623965;-2,531213167;-2,670522843;-1,768832182;-0,400941428;-0,144701477;-1,257287487;-2,12249827
-0,585259416;-2,18905201;-3,503461735;-3,366544576;-2,60623965;-2,531213167;-2,670522843;-1,768832182;-0,400941428;-0,144701477;-1,257287487
-0,788292181;-0,585259416;-2,18905201;-3,503461735;-3,366544576;-2,60623965;-2,531213167;-2,670522843;-1,768832182;-0,400941428;-0,144701477
-2,330626014;-0,788292181;-0,585259416;-2,18905201;-3,503461735;-3,366544576;-2,60623965;-2,531213167;-2,670522843;-1,768832182;-0,400941428
-3,01325317;-2,330626014;-0,788292181;-0,585259416;-2,18905201;-3,503461735;-3,366544576;-2,60623965;-2,531213167;-2,670522843;-1,768832182
-2,504358076;-3,01325317;-2,330626014;-0,788292181;-0,585259416;-2,18905201;-3,503461735;-3,366544576;-2,60623965;-2,531213167;-2,670522843
-2,197093036;-2,504358076;-3,01325317;-2,330626014;-0,788292181;-0,585259416;-2,18905201;-3,503461735;-3,366544576;-2,60623965;-2,531213167
-2,520204138;-2,197093036;-2,504358076;-3,01325317;-2,330626014;-0,788292181;-0,585259416;-2,18905201;-3,503461735;-3,366544576;-2,60623965
-2,434889945;-2,520204138;-2,197093036;-2,504358076;-3,01325317;-2,330626014;-0,788292181;-0,585259416;-2,18905201;-3,503461735;-3,366544576
-2,628690516;-2,434889945;-2,520204138;-2,197093036;-2,504358076;-3,01325317;-2,330626014;-0,788292181;-0,585259416;-2,18905201;-3,503461735
-3,662862777;-2,628690516;-2,434889945;-2,520204138;-2,197093036;-2,504358076;-3,01325317;-2,330626014;-0,788292181;-0,585259416;-2,18905201
-3,467970826;-3,662862777;-2,628690516;-2,434889945;-2,520204138;-2,197093036;-2,504358076;-3,01325317;-2,330626014;-0,788292181;-0,585259416
-1,100789828;-3,467970826;-3,662862777;-2,628690516;-2,434889945;-2,520204138;-2,197093036;-2,504358076;-3,01325317;-2,330626014;-0,788292181
1,166194836;-1,100789828;-3,467970826;-3,662862777;-2,628690516;-2,434889945;-2,520204138;-2,197093036;-2,504358076;-3,01325317;-2,330626014
1,126453022;1,166194836;-1,100789828;-3,467970826;-3,662862777;-2,628690516;-2,434889945;-2,520204138;-2,197093036;-2,504358076;-3,01325317
0,1380836;1,126453022;1,166194836;-1,100789828;-3,467970826;-3,662862777;-2,628690516;-2,434889945;-2,520204138;-2,197093036;-2,504358076
-0,474119231;0,1380836;1,126453022;1,166194836;-1,100789828;-3,467970826;-3,662862777;-2,628690516;-2,434889945;-2,520204138;-2,197093036
-1,240177667;-0,474119231;0,1380836;1,126453022;1,166194836;-1,100789828;-3,467970826;-3,662862777;-2,628690516;-2,434889945;-2,520204138
-1,545131515;-1,240177667;-0,474119231;0,1380836;1,126453022;1,166194836;-1,100789828;-3,467970826;-3,662862777;-2,628690516;-2,434889945
-1,003267235;-1,545131515;-1,240177667;-0,474119231;0,1380836;1,126453022;1,166194836;-1,100789828;-3,467970826;-3,662862777;-2,628690516
-0,663150044;-1,003267235;-1,545131515;-1,240177667;-0,474119231;0,1380836;1,126453022;1,166194836;-1,100789828;-3,467970826;-3,662862777
-1,29489835;-0,663150044;-1,003267235;-1,545131515;-1,240177667;-0,474119231;0,1380836;1,126453022;1,166194836;-1,100789828;-3,467970826
-1,02602823;-1,29489835;-0,663150044;-1,003267235;-1,545131515;-1,240177667;-0,474119231;0,1380836;1,126453022;1,166194836;-1,100789828
0,561010447;-1,02602823;-1,29489835;-0,663150044;-1,003267235;-1,545131515;-1,240177667;-0,474119231;0,1380836;1,126453022;1,166194836
0,84997314;0,561010447;-1,02602823;-1,29489835;-0,663150044;-1,003267235;-1,545131515;-1,240177667;-0,474119231;0,1380836;1,126453022
-0,588308335;0,84997314;0,561010447;-1,02602823;-1,29489835;-0,663150044;-1,003267235;-1,545131515;-1,240177667;-0,474119231;0,1380836
-1,136872702;-0,588308335;0,84997314;0,561010447;-1,02602823;-1,29489835;-0,663150044;-1,003267235;-1,545131515;-1,240177667;-0,474119231
-0,00662967899999994;-1,136872702;-0,588308335;0,84997314;0,561010447;-1,02602823;-1,29489835;-0,663150044;-1,003267235;-1,545131515;-1,240177667
0,567928459;-0,00662967899999994;-1,136872702;-0,588308335;0,84997314;0,561010447;-1,02602823;-1,29489835;-0,663150044;-1,003267235;-1,545131515
-0,869908175;0,567928459;-0,00662967899999994;-1,136872702;-0,588308335;0,84997314;0,561010447;-1,02602823;-1,29489835;-0,663150044;-1,003267235
-2,574077036;-0,869908175;0,567928459;-0,00662967899999994;-1,136872702;-0,588308335;0,84997314;0,561010447;-1,02602823;-1,29489835;-0,663150044
-2,704944083;-2,574077036;-0,869908175;0,567928459;-0,00662967899999994;-1,136872702;-0,588308335;0,84997314;0,561010447;-1,02602823;-1,29489835
-1,366952467;-2,704944083;-2,574077036;-0,869908175;0,567928459;-0,00662967899999994;-1,136872702;-0,588308335;0,84997314;0,561010447;-1,02602823
-0,362390671;-1,366952467;-2,704944083;-2,574077036;-0,869908175;0,567928459;-0,00662967899999994;-1,136872702;-0,588308335;0,84997314;0,561010447
-1,166608225;-0,362390671;-1,366952467;-2,704944083;-2,574077036;-0,869908175;0,567928459;-0,00662967899999994;-1,136872702;-0,588308335;0,84997314
-2,67989736;-1,166608225;-0,362390671;-1,366952467;-2,704944083;-2,574077036;-0,869908175;0,567928459;-0,00662967899999994;-1,136872702;-0,588308335
-2,774996202;-2,67989736;-1,166608225;-0,362390671;-1,366952467;-2,704944083;-2,574077036;-0,869908175;0,567928459;-0,00662967899999994;-1,136872702
-1,576675541;-2,774996202;-2,67989736;-1,166608225;-0,362390671;-1,366952467;-2,704944083;-2,574077036;-0,869908175;0,567928459;-0,00662967899999994
-1,801567638;-1,576675541;-2,774996202;-2,67989736;-1,166608225;-0,362390671;-1,366952467;-2,704944083;-2,574077036;-0,869908175;0,567928459
-3,313309336;-1,801567638;-1,576675541;-2,774996202;-2,67989736;-1,166608225;-0,362390671;-1,366952467;-2,704944083;-2,574077036;-0,869908175
-3,168056853;-3,313309336;-1,801567638;-1,576675541;-2,774996202;-2,67989736;-1,166608225;-0,362390671;-1,366952467;-2,704944083;-2,574077036
-1,07414544;-3,168056853;-3,313309336;-1,801567638;-1,576675541;-2,774996202;-2,67989736;-1,166608225;-0,362390671;-1,366952467;-2,704944083
-0,39486625;-1,07414544;-3,168056853;-3,313309336;-1,801567638;-1,576675541;-2,774996202;-2,67989736;-1,166608225;-0,362390671;-1,366952467
-2,19200082;-0,39486625;-1,07414544;-3,168056853;-3,313309336;-1,801567638;-1,576675541;-2,774996202;-2,67989736;-1,166608225;-0,362390671
-2,595440145;-2,19200082;-0,39486625;-1,07414544;-3,168056853;-3,313309336;-1,801567638;-1,576675541;-2,774996202;-2,67989736;-1,166608225
-1,088276297;-2,595440145;-2,19200082;-0,39486625;-1,07414544;-3,168056853;-3,313309336;-1,801567638;-1,576675541;-2,774996202;-2,67989736
-1,048023661;-1,088276297;-2,595440145;-2,19200082;-0,39486625;-1,07414544;-3,168056853;-3,313309336;-1,801567638;-1,576675541;-2,774996202
-2,366048102;-1,048023661;-1,088276297;-2,595440145;-2,19200082;-0,39486625;-1,07414544;-3,168056853;-3,313309336;-1,801567638;-1,576675541
-2,181458722;-2,366048102;-1,048023661;-1,088276297;-2,595440145;-2,19200082;-0,39486625;-1,07414544;-3,168056853;-3,313309336;-1,801567638
-0,810738276;-2,181458722;-2,366048102;-1,048023661;-1,088276297;-2,595440145;-2,19200082;-0,39486625;-1,07414544;-3,168056853;-3,313309336
-1,619837852;-0,810738276;-2,181458722;-2,366048102;-1,048023661;-1,088276297;-2,595440145;-2,19200082;-0,39486625;-1,07414544;-3,168056853
-3,496064325;-1,619837852;-0,810738276;-2,181458722;-2,366048102;-1,048023661;-1,088276297;-2,595440145;-2,19200082;-0,39486625;-1,07414544
-3,034597141;-3,496064325;-1,619837852;-0,810738276;-2,181458722;-2,366048102;-1,048023661;-1,088276297;-2,595440145;-2,19200082;-0,39486625
-1,037644448;-3,034597141;-3,496064325;-1,619837852;-0,810738276;-2,181458722;-2,366048102;-1,048023661;-1,088276297;-2,595440145;-2,19200082
-0,04574954;-1,037644448;-3,034597141;-3,496064325;-1,619837852;-0,810738276;-2,181458722;-2,366048102;-1,048023661;-1,088276297;-2,595440145
-0,533156386;-0,04574954;-1,037644448;-3,034597141;-3,496064325;-1,619837852;-0,810738276;-2,181458722;-2,366048102;-1,048023661;-1,088276297
-0,495491296;-0,533156386;-0,04574954;-1,037644448;-3,034597141;-3,496064325;-1,619837852;-0,810738276;-2,181458722;-2,366048102;-1,048023661
-0,111758535;-0,495491296;-0,533156386;-0,04574954;-1,037644448;-3,034597141;-3,496064325;-1,619837852;-0,810738276;-2,181458722;-2,366048102
-0,094577418;-0,111758535;-0,495491296;-0,533156386;-0,04574954;-1,037644448;-3,034597141;-3,496064325;-1,619837852;-0,810738276;-2,181458722
-0,49651232;-0,094577418;-0,111758535;-0,495491296;-0,533156386;-0,04574954;-1,037644448;-3,034597141;-3,496064325;-1,619837852;-0,810738276
-0,166455903;-0,49651232;-0,094577418;-0,111758535;-0,495491296;-0,533156386;-0,04574954;-1,037644448;-3,034597141;-3,496064325;-1,619837852
0,520964793;-0,166455903;-0,49651232;-0,094577418;-0,111758535;-0,495491296;-0,533156386;-0,04574954;-1,037644448;-3,034597141;-3,496064325
-0,381847494;0,520964793;-0,166455903;-0,49651232;-0,094577418;-0,111758535;-0,495491296;-0,533156386;-0,04574954;-1,037644448;-3,034597141
-1,831696705;-0,381847494;0,520964793;-0,166455903;-0,49651232;-0,094577418;-0,111758535;-0,495491296;-0,533156386;-0,04574954;-1,037644448
-0,980583223;-1,831696705;-0,381847494;0,520964793;-0,166455903;-0,49651232;-0,094577418;-0,111758535;-0,495491296;-0,533156386;-0,04574954
2,497401904;-0,980583223;-1,831696705;-0,381847494;0,520964793;-0,166455903;-0,49651232;-0,094577418;-0,111758535;-0,495491296;-0,533156386
3,729064271;2,497401904;-0,980583223;-1,831696705;-0,381847494;0,520964793;-0,166455903;-0,49651232;-0,094577418;-0,111758535;-0,495491296
-1,319096435;3,729064271;2,497401904;-0,980583223;-1,831696705;-0,381847494;0,520964793;-0,166455903;-0,49651232;-0,094577418;-0,111758535
-7,979096174;-1,319096435;3,729064271;2,497401904;-0,980583223;-1,831696705;-0,381847494;0,520964793;-0,166455903;-0,49651232;-0,094577418
-9,129372228;-7,979096174;-1,319096435;3,729064271;2,497401904;-0,980583223;-1,831696705;-0,381847494;0,520964793;-0,166455903;-0,49651232
-4,760202784;-9,129372228;-7,979096174;-1,319096435;3,729064271;2,497401904;-0,980583223;-1,831696705;-0,381847494;0,520964793;-0,166455903
-1,772968663;-4,760202784;-9,129372228;-7,979096174;-1,319096435;3,729064271;2,497401904;-0,980583223;-1,831696705;-0,381847494;0,520964793
-2,843797722;-1,772968663;-4,760202784;-9,129372228;-7,979096174;-1,319096435;3,729064271;2,497401904;-0,980583223;-1,831696705;-0,381847494
-3,66634879;-2,843797722;-1,772968663;-4,760202784;-9,129372228;-7,979096174;-1,319096435;3,729064271;2,497401904;-0,980583223;-1,831696705
-2,230188213;-3,66634879;-2,843797722;-1,772968663;-4,760202784;-9,129372228;-7,979096174;-1,319096435;3,729064271;2,497401904;-0,980583223
-1,050296607;-2,230188213;-3,66634879;-2,843797722;-1,772968663;-4,760202784;-9,129372228;-7,979096174;-1,319096435;3,729064271;2,497401904
-2,338375119;-1,050296607;-2,230188213;-3,66634879;-2,843797722;-1,772968663;-4,760202784;-9,129372228;-7,979096174;-1,319096435;3,729064271
-4,48672902;-2,338375119;-1,050296607;-2,230188213;-3,66634879;-2,843797722;-1,772968663;-4,760202784;-9,129372228;-7,979096174;-1,319096435
-4,922642833;-4,48672902;-2,338375119;-1,050296607;-2,230188213;-3,66634879;-2,843797722;-1,772968663;-4,760202784;-9,129372228;-7,979096174
-2,382536216;-4,922642833;-4,48672902;-2,338375119;-1,050296607;-2,230188213;-3,66634879;-2,843797722;-1,772968663;-4,760202784;-9,129372228
1,544103219;-2,382536216;-4,922642833;-4,48672902;-2,338375119;-1,050296607;-2,230188213;-3,66634879;-2,843797722;-1,772968663;-4,760202784
2,502878392;1,544103219;-2,382536216;-4,922642833;-4,48672902;-2,338375119;-1,050296607;-2,230188213;-3,66634879;-2,843797722;-1,772968663
-0,51750739;2,502878392;1,544103219;-2,382536216;-4,922642833;-4,48672902;-2,338375119;-1,050296607;-2,230188213;-3,66634879;-2,843797722
-3,473943669;-0,51750739;2,502878392;1,544103219;-2,382536216;-4,922642833;-4,48672902;-2,338375119;-1,050296607;-2,230188213;-3,66634879
-2,653013203;-3,473943669;-0,51750739;2,502878392;1,544103219;-2,382536216;-4,922642833;-4,48672902;-2,338375119;-1,050296607;-2,230188213
0,123261836;-2,653013203;-3,473943669;-0,51750739;2,502878392;1,544103219;-2,382536216;-4,922642833;-4,48672902;-2,338375119;-1,050296607
0,32855947;0,123261836;-2,653013203;-3,473943669;-0,51750739;2,502878392;1,544103219;-2,382536216;-4,922642833;-4,48672902;-2,338375119
-2,116848577;0,32855947;0,123261836;-2,653013203;-3,473943669;-0,51750739;2,502878392;1,544103219;-2,382536216;-4,922642833;-4,48672902
-3,854646189;-2,116848577;0,32855947;0,123261836;-2,653013203;-3,473943669;-0,51750739;2,502878392;1,544103219;-2,382536216;-4,922642833
-1,761984765;-3,854646189;-2,116848577;0,32855947;0,123261836;-2,653013203;-3,473943669;-0,51750739;2,502878392;1,544103219;-2,382536216
2,55089451;-1,761984765;-3,854646189;-2,116848577;0,32855947;0,123261836;-2,653013203;-3,473943669;-0,51750739;2,502878392;1,544103219
4,161335498;2,55089451;-1,761984765;-3,854646189;-2,116848577;0,32855947;0,123261836;-2,653013203;-3,473943669;-0,51750739;2,502878392
1,576789281;4,161335498;2,55089451;-1,761984765;-3,854646189;-2,116848577;0,32855947;0,123261836;-2,653013203;-3,473943669;-0,51750739
-1,92552955;1,576789281;4,161335498;2,55089451;-1,761984765;-3,854646189;-2,116848577;0,32855947;0,123261836;-2,653013203;-3,473943669
-2,326184625;-1,92552955;1,576789281;4,161335498;2,55089451;-1,761984765;-3,854646189;-2,116848577;0,32855947;0,123261836;-2,653013203
-0,234656619;-2,326184625;-1,92552955;1,576789281;4,161335498;2,55089451;-1,761984765;-3,854646189;-2,116848577;0,32855947;0,123261836
1,215751505;-0,234656619;-2,326184625;-1,92552955;1,576789281;4,161335498;2,55089451;-1,761984765;-3,854646189;-2,116848577;0,32855947
0,961238246;1,215751505;-0,234656619;-2,326184625;-1,92552955;1,576789281;4,161335498;2,55089451;-1,761984765;-3,854646189;-2,116848577
-0,041218842;0,961238246;1,215751505;-0,234656619;-2,326184625;-1,92552955;1,576789281;4,161335498;2,55089451;-1,761984765;-3,854646189
-0,276446995;-0,041218842;0,961238246;1,215751505;-0,234656619;-2,326184625;-1,92552955;1,576789281;4,161335498;2,55089451;-1,761984765
0,98364589;-0,276446995;-0,041218842;0,961238246;1,215751505;-0,234656619;-2,326184625;-1,92552955;1,576789281;4,161335498;2,55089451
2,62255308;0,98364589;-0,276446995;-0,041218842;0,961238246;1,215751505;-0,234656619;-2,326184625;-1,92552955;1,576789281;4,161335498
2,924683521;2,62255308;0,98364589;-0,276446995;-0,041218842;0,961238246;1,215751505;-0,234656619;-2,326184625;-1,92552955;1,576789281
2,052785118;2,924683521;2,62255308;0,98364589;-0,276446995;-0,041218842;0,961238246;1,215751505;-0,234656619;-2,326184625;-1,92552955
2,25048858;2,052785118;2,924683521;2,62255308;0,98364589;-0,276446995;-0,041218842;0,961238246;1,215751505;-0,234656619;-2,326184625
3,547580642;2,25048858;2,052785118;2,924683521;2,62255308;0,98364589;-0,276446995;-0,041218842;0,961238246;1,215751505;-0,234656619
3,275629076;3,547580642;2,25048858;2,052785118;2,924683521;2,62255308;0,98364589;-0,276446995;-0,041218842;0,961238246;1,215751505
1,117744476;3,275629076;3,547580642;2,25048858;2,052785118;2,924683521;2,62255308;0,98364589;-0,276446995;-0,041218842;0,961238246
-0,078082975;1,117744476;3,275629076;3,547580642;2,25048858;2,052785118;2,924683521;2,62255308;0,98364589;-0,276446995;-0,041218842
0,531501125;-0,078082975;1,117744476;3,275629076;3,547580642;2,25048858;2,052785118;2,924683521;2,62255308;0,98364589;-0,276446995
0,710262364;0,531501125;-0,078082975;1,117744476;3,275629076;3,547580642;2,25048858;2,052785118;2,924683521;2,62255308;0,98364589
0,00441699100000001;0,710262364;0,531501125;-0,078082975;1,117744476;3,275629076;3,547580642;2,25048858;2,052785118;2,924683521;2,62255308
0,508382456;0,00441699100000001;0,710262364;0,531501125;-0,078082975;1,117744476;3,275629076;3,547580642;2,25048858;2,052785118;2,924683521
1,522285041;0,508382456;0,00441699100000001;0,710262364;0,531501125;-0,078082975;1,117744476;3,275629076;3,547580642;2,25048858;2,052785118
0,735888978;1,522285041;0,508382456;0,00441699100000001;0,710262364;0,531501125;-0,078082975;1,117744476;3,275629076;3,547580642;2,25048858
-0,828199669;0,735888978;1,522285041;0,508382456;0,00441699100000001;0,710262364;0,531501125;-0,078082975;1,117744476;3,275629076;3,547580642
-0,410166346;-0,828199669;0,735888978;1,522285041;0,508382456;0,00441699100000001;0,710262364;0,531501125;-0,078082975;1,117744476;3,275629076
1,129075725;-0,410166346;-0,828199669;0,735888978;1,522285041;0,508382456;0,00441699100000001;0,710262364;0,531501125;-0,078082975;1,117744476
1,384975146;1,129075725;-0,410166346;-0,828199669;0,735888978;1,522285041;0,508382456;0,00441699100000001;0,710262364;0,531501125;-0,078082975
0,950091483;1,384975146;1,129075725;-0,410166346;-0,828199669;0,735888978;1,522285041;0,508382456;0,00441699100000001;0,710262364;0,531501125
1,548490568;0,950091483;1,384975146;1,129075725;-0,410166346;-0,828199669;0,735888978;1,522285041;0,508382456;0,00441699100000001;0,710262364
2,656177982;1,548490568;0,950091483;1,384975146;1,129075725;-0,410166346;-0,828199669;0,735888978;1,522285041;0,508382456;0,00441699100000001
1,741131087;2,656177982;1,548490568;0,950091483;1,384975146;1,129075725;-0,410166346;-0,828199669;0,735888978;1,522285041;0,508382456
-0,919707325;1,741131087;2,656177982;1,548490568;0,950091483;1,384975146;1,129075725;-0,410166346;-0,828199669;0,735888978;1,522285041
-1,373988029;-0,919707325;1,741131087;2,656177982;1,548490568;0,950091483;1,384975146;1,129075725;-0,410166346;-0,828199669;0,735888978
0,884976466;-1,373988029;-0,919707325;1,741131087;2,656177982;1,548490568;0,950091483;1,384975146;1,129075725;-0,410166346;-0,828199669
2,65443901;0,884976466;-1,373988029;-0,919707325;1,741131087;2,656177982;1,548490568;0,950091483;1,384975146;1,129075725;-0,410166346
1,447229779;2,65443901;0,884976466;-1,373988029;-0,919707325;1,741131087;2,656177982;1,548490568;0,950091483;1,384975146;1,129075725
-0,516650851;1,447229779;2,65443901;0,884976466;-1,373988029;-0,919707325;1,741131087;2,656177982;1,548490568;0,950091483;1,384975146
-0,126925569;-0,516650851;1,447229779;2,65443901;0,884976466;-1,373988029;-0,919707325;1,741131087;2,656177982;1,548490568;0,950091483
1,78767762;-0,126925569;-0,516650851;1,447229779;2,65443901;0,884976466;-1,373988029;-0,919707325;1,741131087;2,656177982;1,548490568
2,167883831;1,78767762;-0,126925569;-0,516650851;1,447229779;2,65443901;0,884976466;-1,373988029;-0,919707325;1,741131087;2,656177982
0,597119117;2,167883831;1,78767762;-0,126925569;-0,516650851;1,447229779;2,65443901;0,884976466;-1,373988029;-0,919707325;1,741131087
0,347605334;0,597119117;2,167883831;1,78767762;-0,126925569;-0,516650851;1,447229779;2,65443901;0,884976466;-1,373988029;-0,919707325
3,232408729;0,347605334;0,597119117;2,167883831;1,78767762;-0,126925569;-0,516650851;1,447229779;2,65443901;0,884976466;-1,373988029
5,216332065;3,232408729;0,347605334;0,597119117;2,167883831;1,78767762;-0,126925569;-0,516650851;1,447229779;2,65443901;0,884976466
2,451745271;5,216332065;3,232408729;0,347605334;0,597119117;2,167883831;1,78767762;-0,126925569;-0,516650851;1,447229779;2,65443901
-1,675812465;2,451745271;5,216332065;3,232408729;0,347605334;0,597119117;2,167883831;1,78767762;-0,126925569;-0,516650851;1,447229779
-1,868589557;-1,675812465;2,451745271;5,216332065;3,232408729;0,347605334;0,597119117;2,167883831;1,78767762;-0,126925569;-0,516650851
0,846137041;-1,868589557;-1,675812465;2,451745271;5,216332065;3,232408729;0,347605334;0,597119117;2,167883831;1,78767762;-0,126925569
2,499324964;0,846137041;-1,868589557;-1,675812465;2,451745271;5,216332065;3,232408729;0,347605334;0,597119117;2,167883831;1,78767762
2,070290259;2,499324964;0,846137041;-1,868589557;-1,675812465;2,451745271;5,216332065;3,232408729;0,347605334;0,597119117;2,167883831
1,308680579;2,070290259;2,499324964;0,846137041;-1,868589557;-1,675812465;2,451745271;5,216332065;3,232408729;0,347605334;0,597119117
1,319390051;1,308680579;2,070290259;2,499324964;0,846137041;-1,868589557;-1,675812465;2,451745271;5,216332065;3,232408729;0,347605334
1,84739125;1,319390051;1,308680579;2,070290259;2,499324964;0,846137041;-1,868589557;-1,675812465;2,451745271;5,216332065;3,232408729
1,501141234;1,84739125;1,319390051;1,308680579;2,070290259;2,499324964;0,846137041;-1,868589557;-1,675812465;2,451745271;5,216332065
-0,116219537;1,501141234;1,84739125;1,319390051;1,308680579;2,070290259;2,499324964;0,846137041;-1,868589557;-1,675812465;2,451745271
-0,857268829;-0,116219537;1,501141234;1,84739125;1,319390051;1,308680579;2,070290259;2,499324964;0,846137041;-1,868589557;-1,675812465
0,644176421;-0,857268829;-0,116219537;1,501141234;1,84739125;1,319390051;1,308680579;2,070290259;2,499324964;0,846137041;-1,868589557
2,133923134;0,644176421;-0,857268829;-0,116219537;1,501141234;1,84739125;1,319390051;1,308680579;2,070290259;2,499324964;0,846137041
1,764791003;2,133923134;0,644176421;-0,857268829;-0,116219537;1,501141234;1,84739125;1,319390051;1,308680579;2,070290259;2,499324964
0,523204588;1,764791003;2,133923134;0,644176421;-0,857268829;-0,116219537;1,501141234;1,84739125;1,319390051;1,308680579;2,070290259
0,394664314;0,523204588;1,764791003;2,133923134;0,644176421;-0,857268829;-0,116219537;1,501141234;1,84739125;1,319390051;1,308680579
0,518623688;0,394664314;0,523204588;1,764791003;2,133923134;0,644176421;-0,857268829;-0,116219537;1,501141234;1,84739125;1,319390051
0,170915394;0,518623688;0,394664314;0,523204588;1,764791003;2,133923134;0,644176421;-0,857268829;-0,116219537;1,501141234;1,84739125
0,144994308;0,170915394;0,518623688;0,394664314;0,523204588;1,764791003;2,133923134;0,644176421;-0,857268829;-0,116219537;1,501141234
0,619054145;0,144994308;0,170915394;0,518623688;0,394664314;0,523204588;1,764791003;2,133923134;0,644176421;-0,857268829;-0,116219537
1,145403641;0,619054145;0,144994308;0,170915394;0,518623688;0,394664314;0,523204588;1,764791003;2,133923134;0,644176421;-0,857268829
1,465613946;1,145403641;0,619054145;0,144994308;0,170915394;0,518623688;0,394664314;0,523204588;1,764791003;2,133923134;0,644176421
1,906142938;1,465613946;1,145403641;0,619054145;0,144994308;0,170915394;0,518623688;0,394664314;0,523204588;1,764791003;2,133923134
1,745314506;1,906142938;1,465613946;1,145403641;0,619054145;0,144994308;0,170915394;0,518623688;0,394664314;0,523204588;1,764791003
-0,00100628299999991;1,745314506;1,906142938;1,465613946;1,145403641;0,619054145;0,144994308;0,170915394;0,518623688;0,394664314;0,523204588
-1,412013062;-0,00100628299999991;1,745314506;1,906142938;1,465613946;1,145403641;0,619054145;0,144994308;0,170915394;0,518623688;0,394664314
-0,705010658;-1,412013062;-0,00100628299999991;1,745314506;1,906142938;1,465613946;1,145403641;0,619054145;0,144994308;0,170915394;0,518623688
1,237527757;-0,705010658;-1,412013062;-0,00100628299999991;1,745314506;1,906142938;1,465613946;1,145403641;0,619054145;0,144994308;0,170915394
2,058570397;1,237527757;-0,705010658;-1,412013062;-0,00100628299999991;1,745314506;1,906142938;1,465613946;1,145403641;0,619054145;0,144994308
1,312555729;2,058570397;1,237527757;-0,705010658;-1,412013062;-0,00100628299999991;1,745314506;1,906142938;1,465613946;1,145403641;0,619054145
0,416776449;1,312555729;2,058570397;1,237527757;-0,705010658;-1,412013062;-0,00100628299999991;1,745314506;1,906142938;1,465613946;1,145403641
0,245072663;0,416776449;1,312555729;2,058570397;1,237527757;-0,705010658;-1,412013062;-0,00100628299999991;1,745314506;1,906142938;1,465613946
0,599267068;0,245072663;0,416776449;1,312555729;2,058570397;1,237527757;-0,705010658;-1,412013062;-0,00100628299999991;1,745314506;1,906142938
1,181294288;0,599267068;0,245072663;0,416776449;1,312555729;2,058570397;1,237527757;-0,705010658;-1,412013062;-0,00100628299999991;1,745314506
1,146342303;1,181294288;0,599267068;0,245072663;0,416776449;1,312555729;2,058570397;1,237527757;-0,705010658;-1,412013062;-0,00100628299999991
0,30849925;1,146342303;1,181294288;0,599267068;0,245072663;0,416776449;1,312555729;2,058570397;1,237527757;-0,705010658;-1,412013062
-0,2471774;0,30849925;1,146342303;1,181294288;0,599267068;0,245072663;0,416776449;1,312555729;2,058570397;1,237527757;-0,705010658
0,362686642;-0,2471774;0,30849925;1,146342303;1,181294288;0,599267068;0,245072663;0,416776449;1,312555729;2,058570397;1,237527757
0,594084185;0,362686642;-0,2471774;0,30849925;1,146342303;1,181294288;0,599267068;0,245072663;0,416776449;1,312555729;2,058570397
-0,4715229;0,594084185;0,362686642;-0,2471774;0,30849925;1,146342303;1,181294288;0,599267068;0,245072663;0,416776449;1,312555729
-0,96794511;-0,4715229;0,594084185;0,362686642;-0,2471774;0,30849925;1,146342303;1,181294288;0,599267068;0,245072663;0,416776449
0,881834864;-0,96794511;-0,4715229;0,594084185;0,362686642;-0,2471774;0,30849925;1,146342303;1,181294288;0,599267068;0,245072663
2,758325371;0,881834864;-0,96794511;-0,4715229;0,594084185;0,362686642;-0,2471774;0,30849925;1,146342303;1,181294288;0,599267068
2,404345458;2,758325371;0,881834864;-0,96794511;-0,4715229;0,594084185;0,362686642;-0,2471774;0,30849925;1,146342303;1,181294288
0,912320448;2,404345458;2,758325371;0,881834864;-0,96794511;-0,4715229;0,594084185;0,362686642;-0,2471774;0,30849925;1,146342303
0,083275116;0,912320448;2,404345458;2,758325371;0,881834864;-0,96794511;-0,4715229;0,594084185;0,362686642;-0,2471774;0,30849925
0,128324178;0,083275116;0,912320448;2,404345458;2,758325371;0,881834864;-0,96794511;-0,4715229;0,594084185;0,362686642;-0,2471774
1,799487174;0,128324178;0,083275116;0,912320448;2,404345458;2,758325371;0,881834864;-0,96794511;-0,4715229;0,594084185;0,362686642
3,310067586;1,799487174;0,128324178;0,083275116;0,912320448;2,404345458;2,758325371;0,881834864;-0,96794511;-0,4715229;0,594084185
1,486022437;3,310067586;1,799487174;0,128324178;0,083275116;0,912320448;2,404345458;2,758325371;0,881834864;-0,96794511;-0,4715229
-1,865882505;1,486022437;3,310067586;1,799487174;0,128324178;0,083275116;0,912320448;2,404345458;2,758325371;0,881834864;-0,96794511
-1,163760619;-1,865882505;1,486022437;3,310067586;1,799487174;0,128324178;0,083275116;0,912320448;2,404345458;2,758325371;0,881834864
3,356702167;-1,163760619;-1,865882505;1,486022437;3,310067586;1,799487174;0,128324178;0,083275116;0,912320448;2,404345458;2,758325371
5,011825159;3,356702167;-1,163760619;-1,865882505;1,486022437;3,310067586;1,799487174;0,128324178;0,083275116;0,912320448;2,404345458
1,383119994;5,011825159;3,356702167;-1,163760619;-1,865882505;1,486022437;3,310067586;1,799487174;0,128324178;0,083275116;0,912320448
-1,858728235;1,383119994;5,011825159;3,356702167;-1,163760619;-1,865882505;1,486022437;3,310067586;1,799487174;0,128324178;0,083275116
-1,466627329;-1,858728235;1,383119994;5,011825159;3,356702167;-1,163760619;-1,865882505;1,486022437;3,310067586;1,799487174;0,128324178
1,007759193;-1,466627329;-1,858728235;1,383119994;5,011825159;3,356702167;-1,163760619;-1,865882505;1,486022437;3,310067586;1,799487174
2,268771073;1,007759193;-1,466627329;-1,858728235;1,383119994;5,011825159;3,356702167;-1,163760619;-1,865882505;1,486022437;3,310067586
2,297724172;2,268771073;1,007759193;-1,466627329;-1,858728235;1,383119994;5,011825159;3,356702167;-1,163760619;-1,865882505;1,486022437
2,32144892;2,297724172;2,268771073;1,007759193;-1,466627329;-1,858728235;1,383119994;5,011825159;3,356702167;-1,163760619;-1,865882505
