"YS_L1";"YS_L2";"YS_L3";"YS_L4";"YS_L5";"YS_L6";"YS_L7";"YS_L8";"YS_L9";"YS_L10";"YS_L11"
4,584735745;0,747442681;1,58929482;3,02794792;0,0666818959999998;2,247705497;15,129021779;17,036186232;-4,48658338;-15,195155232;-2,341988472
3,983996507;4,584735745;0,747442681;1,58929482;3,02794792;0,0666818959999998;2,247705497;15,129021779;17,036186232;-4,48658338;-15,195155232
-5,808561496;3,983996507;4,584735745;0,747442681;1,58929482;3,02794792;0,0666818959999998;2,247705497;15,129021779;17,036186232;-4,48658338
-10,555418537;-5,808561496;3,983996507;4,584735745;0,747442681;1,58929482;3,02794792;0,0666818959999998;2,247705497;15,129021779;17,036186232
-1,713452761;-10,555418537;-5,808561496;3,983996507;4,584735745;0,747442681;1,58929482;3,02794792;0,0666818959999998;2,247705497;15,129021779
8,480117634;-1,713452761;-10,555418537;-5,808561496;3,983996507;4,584735745;0,747442681;1,58929482;3,02794792;0,0666818959999998;2,247705497
6,335199977;8,480117634;-1,713452761;-10,555418537;-5,808561496;3,983996507;4,584735745;0,747442681;1,58929482;3,02794792;0,0666818959999998
-1,528422387;6,335199977;8,480117634;-1,713452761;-10,555418537;-5,808561496;3,983996507;4,584735745;0,747442681;1,58929482;3,02794792
-1,929638471;-1,528422387;6,335199977;8,480117634;-1,713452761;-10,555418537;-5,808561496;3,983996507;4,584735745;0,747442681;1,58929482
1,254398051;-1,929638471;-1,528422387;6,335199977;8,480117634;-1,713452761;-10,555418537;-5,808561496;3,983996507;4,584735745;0,747442681
0,530486537;1,254398051;-1,929638471;-1,528422387;6,335199977;8,480117634;-1,713452761;-10,555418537;-5,808561496;3,983996507;4,584735745
1,464212274;0,530486537;1,254398051;-1,929638471;-1,528422387;6,335199977;8,480117634;-1,713452761;-10,555418537;-5,808561496;3,983996507
9,763313422;1,464212274;0,530486537;1,254398051;-1,929638471;-1,528422387;6,335199977;8,480117634;-1,713452761;-10,555418537;-5,808561496
11,210205225;9,763313422;1,464212274;0,530486537;1,254398051;-1,929638471;-1,528422387;6,335199977;8,480117634;-1,713452761;-10,555418537
-4,776311422;11,210205225;9,763313422;1,464212274;0,530486537;1,254398051;-1,929638471;-1,528422387;6,335199977;8,480117634;-1,713452761
-17,591520607;-4,776311422;11,210205225;9,763313422;1,464212274;0,530486537;1,254398051;-1,929638471;-1,528422387;6,335199977;8,480117634
-7,857983535;-17,591520607;-4,776311422;11,210205225;9,763313422;1,464212274;0,530486537;1,254398051;-1,929638471;-1,528422387;6,335199977
9,8746803;-7,857983535;-17,591520607;-4,776311422;11,210205225;9,763313422;1,464212274;0,530486537;1,254398051;-1,929638471;-1,528422387
11,70413705;9,8746803;-7,857983535;-17,591520607;-4,776311422;11,210205225;9,763313422;1,464212274;0,530486537;1,254398051;-1,929638471
1,686957887;11,70413705;9,8746803;-7,857983535;-17,591520607;-4,776311422;11,210205225;9,763313422;1,464212274;0,530486537;1,254398051
-1,614417612;1,686957887;11,70413705;9,8746803;-7,857983535;-17,591520607;-4,776311422;11,210205225;9,763313422;1,464212274;0,530486537
-0,320961783;-1,614417612;1,686957887;11,70413705;9,8746803;-7,857983535;-17,591520607;-4,776311422;11,210205225;9,763313422;1,464212274
-2,31154845;-0,320961783;-1,614417612;1,686957887;11,70413705;9,8746803;-7,857983535;-17,591520607;-4,776311422;11,210205225;9,763313422
-3,822344089;-2,31154845;-0,320961783;-1,614417612;1,686957887;11,70413705;9,8746803;-7,857983535;-17,591520607;-4,776311422;11,210205225
-1,017210726;-3,822344089;-2,31154845;-0,320961783;-1,614417612;1,686957887;11,70413705;9,8746803;-7,857983535;-17,591520607;-4,776311422
0,602819799;-1,017210726;-3,822344089;-2,31154845;-0,320961783;-1,614417612;1,686957887;11,70413705;9,8746803;-7,857983535;-17,591520607
-3,212668919;0,602819799;-1,017210726;-3,822344089;-2,31154845;-0,320961783;-1,614417612;1,686957887;11,70413705;9,8746803;-7,857983535
-4,39352306;-3,212668919;0,602819799;-1,017210726;-3,822344089;-2,31154845;-0,320961783;-1,614417612;1,686957887;11,70413705;9,8746803
0,855871130999999;-4,39352306;-3,212668919;0,602819799;-1,017210726;-3,822344089;-2,31154845;-0,320961783;-1,614417612;1,686957887;11,70413705
4,526020097;0,855871130999999;-4,39352306;-3,212668919;0,602819799;-1,017210726;-3,822344089;-2,31154845;-0,320961783;-1,614417612;1,686957887
0,644729812;4,526020097;0,855871130999999;-4,39352306;-3,212668919;0,602819799;-1,017210726;-3,822344089;-2,31154845;-0,320961783;-1,614417612
-4,001670784;0,644729812;4,526020097;0,855871130999999;-4,39352306;-3,212668919;0,602819799;-1,017210726;-3,822344089;-2,31154845;-0,320961783
-2,338138495;-4,001670784;0,644729812;4,526020097;0,855871130999999;-4,39352306;-3,212668919;0,602819799;-1,017210726;-3,822344089;-2,31154845
-0,365185746;-2,338138495;-4,001670784;0,644729812;4,526020097;0,855871130999999;-4,39352306;-3,212668919;0,602819799;-1,017210726;-3,822344089
-2,496275243;-0,365185746;-2,338138495;-4,001670784;0,644729812;4,526020097;0,855871130999999;-4,39352306;-3,212668919;0,602819799;-1,017210726
-3,852526056;-2,496275243;-0,365185746;-2,338138495;-4,001670784;0,644729812;4,526020097;0,855871130999999;-4,39352306;-3,212668919;0,602819799
-1,257827834;-3,852526056;-2,496275243;-0,365185746;-2,338138495;-4,001670784;0,644729812;4,526020097;0,855871130999999;-4,39352306;-3,212668919
-0,457400377;-1,257827834;-3,852526056;-2,496275243;-0,365185746;-2,338138495;-4,001670784;0,644729812;4,526020097;0,855871130999999;-4,39352306
-5,434604305;-0,457400377;-1,257827834;-3,852526056;-2,496275243;-0,365185746;-2,338138495;-4,001670784;0,644729812;4,526020097;0,855871130999999
-7,309166042;-5,434604305;-0,457400377;-1,257827834;-3,852526056;-2,496275243;-0,365185746;-2,338138495;-4,001670784;0,644729812;4,526020097
-1,618175451;-7,309166042;-5,434604305;-0,457400377;-1,257827834;-3,852526056;-2,496275243;-0,365185746;-2,338138495;-4,001670784;0,644729812
3,24342587;-1,618175451;-7,309166042;-5,434604305;-0,457400377;-1,257827834;-3,852526056;-2,496275243;-0,365185746;-2,338138495;-4,001670784
-0,50814493;3,24342587;-1,618175451;-7,309166042;-5,434604305;-0,457400377;-1,257827834;-3,852526056;-2,496275243;-0,365185746;-2,338138495
-6,214211007;-0,50814493;3,24342587;-1,618175451;-7,309166042;-5,434604305;-0,457400377;-1,257827834;-3,852526056;-2,496275243;-0,365185746
-4,32490718;-6,214211007;-0,50814493;3,24342587;-1,618175451;-7,309166042;-5,434604305;-0,457400377;-1,257827834;-3,852526056;-2,496275243
0,263641999;-4,32490718;-6,214211007;-0,50814493;3,24342587;-1,618175451;-7,309166042;-5,434604305;-0,457400377;-1,257827834;-3,852526056
0,256897018;0,263641999;-4,32490718;-6,214211007;-0,50814493;3,24342587;-1,618175451;-7,309166042;-5,434604305;-0,457400377;-1,257827834
-0,636835505;0,256897018;0,263641999;-4,32490718;-6,214211007;-0,50814493;3,24342587;-1,618175451;-7,309166042;-5,434604305;-0,457400377
2,699511091;-0,636835505;0,256897018;0,263641999;-4,32490718;-6,214211007;-0,50814493;3,24342587;-1,618175451;-7,309166042;-5,434604305
3,966577309;2,699511091;-0,636835505;0,256897018;0,263641999;-4,32490718;-6,214211007;-0,50814493;3,24342587;-1,618175451;-7,309166042
-2,229938883;3,966577309;2,699511091;-0,636835505;0,256897018;0,263641999;-4,32490718;-6,214211007;-0,50814493;3,24342587;-1,618175451
-6,055651327;-2,229938883;3,966577309;2,699511091;-0,636835505;0,256897018;0,263641999;-4,32490718;-6,214211007;-0,50814493;3,24342587
-0,981838509;-6,055651327;-2,229938883;3,966577309;2,699511091;-0,636835505;0,256897018;0,263641999;-4,32490718;-6,214211007;-0,50814493
5,025379101;-0,981838509;-6,055651327;-2,229938883;3,966577309;2,699511091;-0,636835505;0,256897018;0,263641999;-4,32490718;-6,214211007
1,441177212;5,025379101;-0,981838509;-6,055651327;-2,229938883;3,966577309;2,699511091;-0,636835505;0,256897018;0,263641999;-4,32490718
-6,166499547;1,441177212;5,025379101;-0,981838509;-6,055651327;-2,229938883;3,966577309;2,699511091;-0,636835505;0,256897018;0,263641999
-6,316863626;-6,166499547;1,441177212;5,025379101;-0,981838509;-6,055651327;-2,229938883;3,966577309;2,699511091;-0,636835505;0,256897018
-1,488072458;-6,316863626;-6,166499547;1,441177212;5,025379101;-0,981838509;-6,055651327;-2,229938883;3,966577309;2,699511091;-0,636835505
1,109497213;-1,488072458;-6,316863626;-6,166499547;1,441177212;5,025379101;-0,981838509;-6,055651327;-2,229938883;3,966577309;2,699511091
1,855849023;1,109497213;-1,488072458;-6,316863626;-6,166499547;1,441177212;5,025379101;-0,981838509;-6,055651327;-2,229938883;3,966577309
2,765697242;1,855849023;1,109497213;-1,488072458;-6,316863626;-6,166499547;1,441177212;5,025379101;-0,981838509;-6,055651327;-2,229938883
1,479655769;2,765697242;1,855849023;1,109497213;-1,488072458;-6,316863626;-6,166499547;1,441177212;5,025379101;-0,981838509;-6,055651327
-3,433921861;1,479655769;2,765697242;1,855849023;1,109497213;-1,488072458;-6,316863626;-6,166499547;1,441177212;5,025379101;-0,981838509
-5,767383825;-3,433921861;1,479655769;2,765697242;1,855849023;1,109497213;-1,488072458;-6,316863626;-6,166499547;1,441177212;5,025379101
-1,67851481;-5,767383825;-3,433921861;1,479655769;2,765697242;1,855849023;1,109497213;-1,488072458;-6,316863626;-6,166499547;1,441177212
3,68415569;-1,67851481;-5,767383825;-3,433921861;1,479655769;2,765697242;1,855849023;1,109497213;-1,488072458;-6,316863626;-6,166499547
3,731724981;3,68415569;-1,67851481;-5,767383825;-3,433921861;1,479655769;2,765697242;1,855849023;1,109497213;-1,488072458;-6,316863626
0,108828415;3,731724981;3,68415569;-1,67851481;-5,767383825;-3,433921861;1,479655769;2,765697242;1,855849023;1,109497213;-1,488072458
-1,645642666;0,108828415;3,731724981;3,68415569;-1,67851481;-5,767383825;-3,433921861;1,479655769;2,765697242;1,855849023;1,109497213
-1,283169468;-1,645642666;0,108828415;3,731724981;3,68415569;-1,67851481;-5,767383825;-3,433921861;1,479655769;2,765697242;1,855849023
-1,336459504;-1,283169468;-1,645642666;0,108828415;3,731724981;3,68415569;-1,67851481;-5,767383825;-3,433921861;1,479655769;2,765697242
-2,024506068;-1,336459504;-1,283169468;-1,645642666;0,108828415;3,731724981;3,68415569;-1,67851481;-5,767383825;-3,433921861;1,479655769
-2,787681462;-2,024506068;-1,336459504;-1,283169468;-1,645642666;0,108828415;3,731724981;3,68415569;-1,67851481;-5,767383825;-3,433921861
-3,733535701;-2,787681462;-2,024506068;-1,336459504;-1,283169468;-1,645642666;0,108828415;3,731724981;3,68415569;-1,67851481;-5,767383825
-5,218687206;-3,733535701;-2,787681462;-2,024506068;-1,336459504;-1,283169468;-1,645642666;0,108828415;3,731724981;3,68415569;-1,67851481
-4,085414538;-5,218687206;-3,733535701;-2,787681462;-2,024506068;-1,336459504;-1,283169468;-1,645642666;0,108828415;3,731724981;3,68415569
-0,320741658;-4,085414538;-5,218687206;-3,733535701;-2,787681462;-2,024506068;-1,336459504;-1,283169468;-1,645642666;0,108828415;3,731724981
1,461554539;-0,320741658;-4,085414538;-5,218687206;-3,733535701;-2,787681462;-2,024506068;-1,336459504;-1,283169468;-1,645642666;0,108828415
-1,37639214;1,461554539;-0,320741658;-4,085414538;-5,218687206;-3,733535701;-2,787681462;-2,024506068;-1,336459504;-1,283169468;-1,645642666
-3,480363642;-1,37639214;1,461554539;-0,320741658;-4,085414538;-5,218687206;-3,733535701;-2,787681462;-2,024506068;-1,336459504;-1,283169468
-0,0782786540000001;-3,480363642;-1,37639214;1,461554539;-0,320741658;-4,085414538;-5,218687206;-3,733535701;-2,787681462;-2,024506068;-1,336459504
4,165982645;-0,0782786540000001;-3,480363642;-1,37639214;1,461554539;-0,320741658;-4,085414538;-5,218687206;-3,733535701;-2,787681462;-2,024506068
4,787811265;4,165982645;-0,0782786540000001;-3,480363642;-1,37639214;1,461554539;-0,320741658;-4,085414538;-5,218687206;-3,733535701;-2,787681462
3,03994843;4,787811265;4,165982645;-0,0782786540000001;-3,480363642;-1,37639214;1,461554539;-0,320741658;-4,085414538;-5,218687206;-3,733535701
1,373762034;3,03994843;4,787811265;4,165982645;-0,0782786540000001;-3,480363642;-1,37639214;1,461554539;-0,320741658;-4,085414538;-5,218687206
0,0829629429999999;1,373762034;3,03994843;4,787811265;4,165982645;-0,0782786540000001;-3,480363642;-1,37639214;1,461554539;-0,320741658;-4,085414538
-0,477246131;0,0829629429999999;1,373762034;3,03994843;4,787811265;4,165982645;-0,0782786540000001;-3,480363642;-1,37639214;1,461554539;-0,320741658
1,342922376;-0,477246131;0,0829629429999999;1,373762034;3,03994843;4,787811265;4,165982645;-0,0782786540000001;-3,480363642;-1,37639214;1,461554539
4,128584885;1,342922376;-0,477246131;0,0829629429999999;1,373762034;3,03994843;4,787811265;4,165982645;-0,0782786540000001;-3,480363642;-1,37639214
4,569999778;4,128584885;1,342922376;-0,477246131;0,0829629429999999;1,373762034;3,03994843;4,787811265;4,165982645;-0,0782786540000001;-3,480363642
2,769543144;4,569999778;4,128584885;1,342922376;-0,477246131;0,0829629429999999;1,373762034;3,03994843;4,787811265;4,165982645;-0,0782786540000001
1,265155745;2,769543144;4,569999778;4,128584885;1,342922376;-0,477246131;0,0829629429999999;1,373762034;3,03994843;4,787811265;4,165982645
1,413883275;1,265155745;2,769543144;4,569999778;4,128584885;1,342922376;-0,477246131;0,0829629429999999;1,373762034;3,03994843;4,787811265
1,971065511;1,413883275;1,265155745;2,769543144;4,569999778;4,128584885;1,342922376;-0,477246131;0,0829629429999999;1,373762034;3,03994843
1,526010191;1,971065511;1,413883275;1,265155745;2,769543144;4,569999778;4,128584885;1,342922376;-0,477246131;0,0829629429999999;1,373762034
1,705954206;1,526010191;1,971065511;1,413883275;1,265155745;2,769543144;4,569999778;4,128584885;1,342922376;-0,477246131;0,0829629429999999
3,4583066;1,705954206;1,526010191;1,971065511;1,413883275;1,265155745;2,769543144;4,569999778;4,128584885;1,342922376;-0,477246131
4,767121008;3,4583066;1,705954206;1,526010191;1,971065511;1,413883275;1,265155745;2,769543144;4,569999778;4,128584885;1,342922376
3,745355576;4,767121008;3,4583066;1,705954206;1,526010191;1,971065511;1,413883275;1,265155745;2,769543144;4,569999778;4,128584885
2,581680249;3,745355576;4,767121008;3,4583066;1,705954206;1,526010191;1,971065511;1,413883275;1,265155745;2,769543144;4,569999778
3,520026276;2,581680249;3,745355576;4,767121008;3,4583066;1,705954206;1,526010191;1,971065511;1,413883275;1,265155745;2,769543144
3,600921564;3,520026276;2,581680249;3,745355576;4,767121008;3,4583066;1,705954206;1,526010191;1,971065511;1,413883275;1,265155745
0,903997683;3,600921564;3,520026276;2,581680249;3,745355576;4,767121008;3,4583066;1,705954206;1,526010191;1,971065511;1,413883275
-0,608166645;0,903997683;3,600921564;3,520026276;2,581680249;3,745355576;4,767121008;3,4583066;1,705954206;1,526010191;1,971065511
2,399365252;-0,608166645;0,903997683;3,600921564;3,520026276;2,581680249;3,745355576;4,767121008;3,4583066;1,705954206;1,526010191
4,982563842;2,399365252;-0,608166645;0,903997683;3,600921564;3,520026276;2,581680249;3,745355576;4,767121008;3,4583066;1,705954206
2,553074722;4,982563842;2,399365252;-0,608166645;0,903997683;3,600921564;3,520026276;2,581680249;3,745355576;4,767121008;3,4583066
-1,506049167;2,553074722;4,982563842;2,399365252;-0,608166645;0,903997683;3,600921564;3,520026276;2,581680249;3,745355576;4,767121008
-1,503550099;-1,506049167;2,553074722;4,982563842;2,399365252;-0,608166645;0,903997683;3,600921564;3,520026276;2,581680249;3,745355576
1,820524735;-1,503550099;-1,506049167;2,553074722;4,982563842;2,399365252;-0,608166645;0,903997683;3,600921564;3,520026276;2,581680249
3,560854837;1,820524735;-1,503550099;-1,506049167;2,553074722;4,982563842;2,399365252;-0,608166645;0,903997683;3,600921564;3,520026276
3,365076645;3,560854837;1,820524735;-1,503550099;-1,506049167;2,553074722;4,982563842;2,399365252;-0,608166645;0,903997683;3,600921564
3,340944687;3,365076645;3,560854837;1,820524735;-1,503550099;-1,506049167;2,553074722;4,982563842;2,399365252;-0,608166645;0,903997683
3,614314775;3,340944687;3,365076645;3,560854837;1,820524735;-1,503550099;-1,506049167;2,553074722;4,982563842;2,399365252;-0,608166645
2,295562392;3,614314775;3,340944687;3,365076645;3,560854837;1,820524735;-1,503550099;-1,506049167;2,553074722;4,982563842;2,399365252
0,455476561;2,295562392;3,614314775;3,340944687;3,365076645;3,560854837;1,820524735;-1,503550099;-1,506049167;2,553074722;4,982563842
1,612435657;0,455476561;2,295562392;3,614314775;3,340944687;3,365076645;3,560854837;1,820524735;-1,503550099;-1,506049167;2,553074722
5,498618586;1,612435657;0,455476561;2,295562392;3,614314775;3,340944687;3,365076645;3,560854837;1,820524735;-1,503550099;-1,506049167
7,962682209;5,498618586;1,612435657;0,455476561;2,295562392;3,614314775;3,340944687;3,365076645;3,560854837;1,820524735;-1,503550099
6,585490427;7,962682209;5,498618586;1,612435657;0,455476561;2,295562392;3,614314775;3,340944687;3,365076645;3,560854837;1,820524735
3,456597565;6,585490427;7,962682209;5,498618586;1,612435657;0,455476561;2,295562392;3,614314775;3,340944687;3,365076645;3,560854837
0,662301775;3,456597565;6,585490427;7,962682209;5,498618586;1,612435657;0,455476561;2,295562392;3,614314775;3,340944687;3,365076645
-1,465800505;0,662301775;3,456597565;6,585490427;7,962682209;5,498618586;1,612435657;0,455476561;2,295562392;3,614314775;3,340944687
-0,910040048;-1,465800505;0,662301775;3,456597565;6,585490427;7,962682209;5,498618586;1,612435657;0,455476561;2,295562392;3,614314775
2,072280065;-0,910040048;-1,465800505;0,662301775;3,456597565;6,585490427;7,962682209;5,498618586;1,612435657;0,455476561;2,295562392
3,735345993;2,072280065;-0,910040048;-1,465800505;0,662301775;3,456597565;6,585490427;7,962682209;5,498618586;1,612435657;0,455476561
3,022557899;3,735345993;2,072280065;-0,910040048;-1,465800505;0,662301775;3,456597565;6,585490427;7,962682209;5,498618586;1,612435657
2,989966623;3,022557899;3,735345993;2,072280065;-0,910040048;-1,465800505;0,662301775;3,456597565;6,585490427;7,962682209;5,498618586
5,613022708;2,989966623;3,022557899;3,735345993;2,072280065;-0,910040048;-1,465800505;0,662301775;3,456597565;6,585490427;7,962682209
7,116514253;5,613022708;2,989966623;3,022557899;3,735345993;2,072280065;-0,910040048;-1,465800505;0,662301775;3,456597565;6,585490427
5,028586047;7,116514253;5,613022708;2,989966623;3,022557899;3,735345993;2,072280065;-0,910040048;-1,465800505;0,662301775;3,456597565
2,91026667;5,028586047;7,116514253;5,613022708;2,989966623;3,022557899;3,735345993;2,072280065;-0,910040048;-1,465800505;0,662301775
3,39641032;2,91026667;5,028586047;7,116514253;5,613022708;2,989966623;3,022557899;3,735345993;2,072280065;-0,910040048;-1,465800505
3,943751533;3,39641032;2,91026667;5,028586047;7,116514253;5,613022708;2,989966623;3,022557899;3,735345993;2,072280065;-0,910040048
3,619172716;3,943751533;3,39641032;2,91026667;5,028586047;7,116514253;5,613022708;2,989966623;3,022557899;3,735345993;2,072280065
5,606232931;3,619172716;3,943751533;3,39641032;2,91026667;5,028586047;7,116514253;5,613022708;2,989966623;3,022557899;3,735345993
7,951967997;5,606232931;3,619172716;3,943751533;3,39641032;2,91026667;5,028586047;7,116514253;5,613022708;2,989966623;3,022557899
5,73869839;7,951967997;5,606232931;3,619172716;3,943751533;3,39641032;2,91026667;5,028586047;7,116514253;5,613022708;2,989966623
0,853545767;5,73869839;7,951967997;5,606232931;3,619172716;3,943751533;3,39641032;2,91026667;5,028586047;7,116514253;5,613022708
0,234986119;0,853545767;5,73869839;7,951967997;5,606232931;3,619172716;3,943751533;3,39641032;2,91026667;5,028586047;7,116514253
4,466523603;0,234986119;0,853545767;5,73869839;7,951967997;5,606232931;3,619172716;3,943751533;3,39641032;2,91026667;5,028586047
5,966937749;4,466523603;0,234986119;0,853545767;5,73869839;7,951967997;5,606232931;3,619172716;3,943751533;3,39641032;2,91026667
3,394702957;5,966937749;4,466523603;0,234986119;0,853545767;5,73869839;7,951967997;5,606232931;3,619172716;3,943751533;3,39641032
1,138265769;3,394702957;5,966937749;4,466523603;0,234986119;0,853545767;5,73869839;7,951967997;5,606232931;3,619172716;3,943751533
1,307673347;1,138265769;3,394702957;5,966937749;4,466523603;0,234986119;0,853545767;5,73869839;7,951967997;5,606232931;3,619172716
2,924940192;1,307673347;1,138265769;3,394702957;5,966937749;4,466523603;0,234986119;0,853545767;5,73869839;7,951967997;5,606232931
3,286372935;2,924940192;1,307673347;1,138265769;3,394702957;5,966937749;4,466523603;0,234986119;0,853545767;5,73869839;7,951967997
2,371323147;3,286372935;2,924940192;1,307673347;1,138265769;3,394702957;5,966937749;4,466523603;0,234986119;0,853545767;5,73869839
1,761593514;2,371323147;3,286372935;2,924940192;1,307673347;1,138265769;3,394702957;5,966937749;4,466523603;0,234986119;0,853545767
2,21513861;1,761593514;2,371323147;3,286372935;2,924940192;1,307673347;1,138265769;3,394702957;5,966937749;4,466523603;0,234986119
3,184213607;2,21513861;1,761593514;2,371323147;3,286372935;2,924940192;1,307673347;1,138265769;3,394702957;5,966937749;4,466523603
3,893123039;3,184213607;2,21513861;1,761593514;2,371323147;3,286372935;2,924940192;1,307673347;1,138265769;3,394702957;5,966937749
3,952854674;3,893123039;3,184213607;2,21513861;1,761593514;2,371323147;3,286372935;2,924940192;1,307673347;1,138265769;3,394702957
2,776205909;3,952854674;3,893123039;3,184213607;2,21513861;1,761593514;2,371323147;3,286372935;2,924940192;1,307673347;1,138265769
1,338077019;2,776205909;3,952854674;3,893123039;3,184213607;2,21513861;1,761593514;2,371323147;3,286372935;2,924940192;1,307673347
1,129641797;1,338077019;2,776205909;3,952854674;3,893123039;3,184213607;2,21513861;1,761593514;2,371323147;3,286372935;2,924940192
1,191824181;1,129641797;1,338077019;2,776205909;3,952854674;3,893123039;3,184213607;2,21513861;1,761593514;2,371323147;3,286372935
0,238394985;1,191824181;1,129641797;1,338077019;2,776205909;3,952854674;3,893123039;3,184213607;2,21513861;1,761593514;2,371323147
-0,91436085;0,238394985;1,191824181;1,129641797;1,338077019;2,776205909;3,952854674;3,893123039;3,184213607;2,21513861;1,761593514
-0,707152887;-0,91436085;0,238394985;1,191824181;1,129641797;1,338077019;2,776205909;3,952854674;3,893123039;3,184213607;2,21513861
-0,518632294;-0,707152887;-0,91436085;0,238394985;1,191824181;1,129641797;1,338077019;2,776205909;3,952854674;3,893123039;3,184213607
-2,161855604;-0,518632294;-0,707152887;-0,91436085;0,238394985;1,191824181;1,129641797;1,338077019;2,776205909;3,952854674;3,893123039
-4,043251116;-2,161855604;-0,518632294;-0,707152887;-0,91436085;0,238394985;1,191824181;1,129641797;1,338077019;2,776205909;3,952854674
-2,906881108;-4,043251116;-2,161855604;-0,518632294;-0,707152887;-0,91436085;0,238394985;1,191824181;1,129641797;1,338077019;2,776205909
1,119211682;-2,906881108;-4,043251116;-2,161855604;-0,518632294;-0,707152887;-0,91436085;0,238394985;1,191824181;1,129641797;1,338077019
3,541674634;1,119211682;-2,906881108;-4,043251116;-2,161855604;-0,518632294;-0,707152887;-0,91436085;0,238394985;1,191824181;1,129641797
2,234241349;3,541674634;1,119211682;-2,906881108;-4,043251116;-2,161855604;-0,518632294;-0,707152887;-0,91436085;0,238394985;1,191824181
0,564687474;2,234241349;3,541674634;1,119211682;-2,906881108;-4,043251116;-2,161855604;-0,518632294;-0,707152887;-0,91436085;0,238394985
1,146945278;0,564687474;2,234241349;3,541674634;1,119211682;-2,906881108;-4,043251116;-2,161855604;-0,518632294;-0,707152887;-0,91436085
1,90336085;1,146945278;0,564687474;2,234241349;3,541674634;1,119211682;-2,906881108;-4,043251116;-2,161855604;-0,518632294;-0,707152887
0,104575801;1,90336085;1,146945278;0,564687474;2,234241349;3,541674634;1,119211682;-2,906881108;-4,043251116;-2,161855604;-0,518632294
-1,048865031;0,104575801;1,90336085;1,146945278;0,564687474;2,234241349;3,541674634;1,119211682;-2,906881108;-4,043251116;-2,161855604
0,0354416630000001;-1,048865031;0,104575801;1,90336085;1,146945278;0,564687474;2,234241349;3,541674634;1,119211682;-2,906881108;-4,043251116
0,961497235;0,0354416630000001;-1,048865031;0,104575801;1,90336085;1,146945278;0,564687474;2,234241349;3,541674634;1,119211682;-2,906881108
0,484693244;0,961497235;0,0354416630000001;-1,048865031;0,104575801;1,90336085;1,146945278;0,564687474;2,234241349;3,541674634;1,119211682
0,59191168;0,484693244;0,961497235;0,0354416630000001;-1,048865031;0,104575801;1,90336085;1,146945278;0,564687474;2,234241349;3,541674634
2,689163351;0,59191168;0,484693244;0,961497235;0,0354416630000001;-1,048865031;0,104575801;1,90336085;1,146945278;0,564687474;2,234241349
2,635766682;2,689163351;0,59191168;0,484693244;0,961497235;0,0354416630000001;-1,048865031;0,104575801;1,90336085;1,146945278;0,564687474
-0,119121734;2,635766682;2,689163351;0,59191168;0,484693244;0,961497235;0,0354416630000001;-1,048865031;0,104575801;1,90336085;1,146945278
-2,039529452;-0,119121734;2,635766682;2,689163351;0,59191168;0,484693244;0,961497235;0,0354416630000001;-1,048865031;0,104575801;1,90336085
-1,720848559;-2,039529452;-0,119121734;2,635766682;2,689163351;0,59191168;0,484693244;0,961497235;0,0354416630000001;-1,048865031;0,104575801
-1,632398278;-1,720848559;-2,039529452;-0,119121734;2,635766682;2,689163351;0,59191168;0,484693244;0,961497235;0,0354416630000001;-1,048865031
-2,710063425;-1,632398278;-1,720848559;-2,039529452;-0,119121734;2,635766682;2,689163351;0,59191168;0,484693244;0,961497235;0,0354416630000001
-2,247830479;-2,710063425;-1,632398278;-1,720848559;-2,039529452;-0,119121734;2,635766682;2,689163351;0,59191168;0,484693244;0,961497235
-0,579954311;-2,247830479;-2,710063425;-1,632398278;-1,720848559;-2,039529452;-0,119121734;2,635766682;2,689163351;0,59191168;0,484693244
0,538034591;-0,579954311;-2,247830479;-2,710063425;-1,632398278;-1,720848559;-2,039529452;-0,119121734;2,635766682;2,689163351;0,59191168
0,833238457;0,538034591;-0,579954311;-2,247830479;-2,710063425;-1,632398278;-1,720848559;-2,039529452;-0,119121734;2,635766682;2,689163351
0,751177178;0,833238457;0,538034591;-0,579954311;-2,247830479;-2,710063425;-1,632398278;-1,720848559;-2,039529452;-0,119121734;2,635766682
0,269796325;0,751177178;0,833238457;0,538034591;-0,579954311;-2,247830479;-2,710063425;-1,632398278;-1,720848559;-2,039529452;-0,119121734
-0,443063185;0,269796325;0,751177178;0,833238457;0,538034591;-0,579954311;-2,247830479;-2,710063425;-1,632398278;-1,720848559;-2,039529452
-1,065124435;-0,443063185;0,269796325;0,751177178;0,833238457;0,538034591;-0,579954311;-2,247830479;-2,710063425;-1,632398278;-1,720848559
-1,787318967;-1,065124435;-0,443063185;0,269796325;0,751177178;0,833238457;0,538034591;-0,579954311;-2,247830479;-2,710063425;-1,632398278
-1,637588682;-1,787318967;-1,065124435;-0,443063185;0,269796325;0,751177178;0,833238457;0,538034591;-0,579954311;-2,247830479;-2,710063425
0,0264941510000002;-1,637588682;-1,787318967;-1,065124435;-0,443063185;0,269796325;0,751177178;0,833238457;0,538034591;-0,579954311;-2,247830479
1,661373654;0,0264941510000002;-1,637588682;-1,787318967;-1,065124435;-0,443063185;0,269796325;0,751177178;0,833238457;0,538034591;-0,579954311
1,664708959;1,661373654;0,0264941510000002;-1,637588682;-1,787318967;-1,065124435;-0,443063185;0,269796325;0,751177178;0,833238457;0,538034591
0,988547794;1,664708959;1,661373654;0,0264941510000002;-1,637588682;-1,787318967;-1,065124435;-0,443063185;0,269796325;0,751177178;0,833238457
0,101379717;0,988547794;1,664708959;1,661373654;0,0264941510000002;-1,637588682;-1,787318967;-1,065124435;-0,443063185;0,269796325;0,751177178
-1,259981169;0,101379717;0,988547794;1,664708959;1,661373654;0,0264941510000002;-1,637588682;-1,787318967;-1,065124435;-0,443063185;0,269796325
-2,079606043;-1,259981169;0,101379717;0,988547794;1,664708959;1,661373654;0,0264941510000002;-1,637588682;-1,787318967;-1,065124435;-0,443063185
-1,56777807;-2,079606043;-1,259981169;0,101379717;0,988547794;1,664708959;1,661373654;0,0264941510000002;-1,637588682;-1,787318967;-1,065124435
-0,691268854;-1,56777807;-2,079606043;-1,259981169;0,101379717;0,988547794;1,664708959;1,661373654;0,0264941510000002;-1,637588682;-1,787318967
0,294358819;-0,691268854;-1,56777807;-2,079606043;-1,259981169;0,101379717;0,988547794;1,664708959;1,661373654;0,0264941510000002;-1,637588682
1,364237814;0,294358819;-0,691268854;-1,56777807;-2,079606043;-1,259981169;0,101379717;0,988547794;1,664708959;1,661373654;0,0264941510000002
1,489000825;1,364237814;0,294358819;-0,691268854;-1,56777807;-2,079606043;-1,259981169;0,101379717;0,988547794;1,664708959;1,661373654
-0,133896012;1,489000825;1,364237814;0,294358819;-0,691268854;-1,56777807;-2,079606043;-1,259981169;0,101379717;0,988547794;1,664708959
-1,427539858;-0,133896012;1,489000825;1,364237814;0,294358819;-0,691268854;-1,56777807;-2,079606043;-1,259981169;0,101379717;0,988547794
-1,056465782;-1,427539858;-0,133896012;1,489000825;1,364237814;0,294358819;-0,691268854;-1,56777807;-2,079606043;-1,259981169;0,101379717
-1,158267344;-1,056465782;-1,427539858;-0,133896012;1,489000825;1,364237814;0,294358819;-0,691268854;-1,56777807;-2,079606043;-1,259981169
-1,630862264;-1,158267344;-1,056465782;-1,427539858;-0,133896012;1,489000825;1,364237814;0,294358819;-0,691268854;-1,56777807;-2,079606043
-1,63373411;-1,630862264;-1,158267344;-1,056465782;-1,427539858;-0,133896012;1,489000825;1,364237814;0,294358819;-0,691268854;-1,56777807
-0,861041674;-1,63373411;-1,630862264;-1,158267344;-1,056465782;-1,427539858;-0,133896012;1,489000825;1,364237814;0,294358819;-0,691268854
0,419209747;-0,861041674;-1,63373411;-1,630862264;-1,158267344;-1,056465782;-1,427539858;-0,133896012;1,489000825;1,364237814;0,294358819
0,935335683;0,419209747;-0,861041674;-1,63373411;-1,630862264;-1,158267344;-1,056465782;-1,427539858;-0,133896012;1,489000825;1,364237814
0,513524965;0,935335683;0,419209747;-0,861041674;-1,63373411;-1,630862264;-1,158267344;-1,056465782;-1,427539858;-0,133896012;1,489000825
-1,043644075;0,513524965;0,935335683;0,419209747;-0,861041674;-1,63373411;-1,630862264;-1,158267344;-1,056465782;-1,427539858;-0,133896012
-2,050005366;-1,043644075;0,513524965;0,935335683;0,419209747;-0,861041674;-1,63373411;-1,630862264;-1,158267344;-1,056465782;-1,427539858
-1,563194332;-2,050005366;-1,043644075;0,513524965;0,935335683;0,419209747;-0,861041674;-1,63373411;-1,630862264;-1,158267344;-1,056465782
-1,287824428;-1,563194332;-2,050005366;-1,043644075;0,513524965;0,935335683;0,419209747;-0,861041674;-1,63373411;-1,630862264;-1,158267344
-1,605515684;-1,287824428;-1,563194332;-2,050005366;-1,043644075;0,513524965;0,935335683;0,419209747;-0,861041674;-1,63373411;-1,630862264
-1,392796715;-1,605515684;-1,287824428;-1,563194332;-2,050005366;-1,043644075;0,513524965;0,935335683;0,419209747;-0,861041674;-1,63373411
-0,153353345;-1,392796715;-1,605515684;-1,287824428;-1,563194332;-2,050005366;-1,043644075;0,513524965;0,935335683;0,419209747;-0,861041674
0,74175987;-0,153353345;-1,392796715;-1,605515684;-1,287824428;-1,563194332;-2,050005366;-1,043644075;0,513524965;0,935335683;0,419209747
0,270326478;0,74175987;-0,153353345;-1,392796715;-1,605515684;-1,287824428;-1,563194332;-2,050005366;-1,043644075;0,513524965;0,935335683
-0,989949649;0,270326478;0,74175987;-0,153353345;-1,392796715;-1,605515684;-1,287824428;-1,563194332;-2,050005366;-1,043644075;0,513524965
-1,823965484;-0,989949649;0,270326478;0,74175987;-0,153353345;-1,392796715;-1,605515684;-1,287824428;-1,563194332;-2,050005366;-1,043644075
-1,75292493;-1,823965484;-0,989949649;0,270326478;0,74175987;-0,153353345;-1,392796715;-1,605515684;-1,287824428;-1,563194332;-2,050005366
-1,207189776;-1,75292493;-1,823965484;-0,989949649;0,270326478;0,74175987;-0,153353345;-1,392796715;-1,605515684;-1,287824428;-1,563194332
-0,411898611;-1,207189776;-1,75292493;-1,823965484;-0,989949649;0,270326478;0,74175987;-0,153353345;-1,392796715;-1,605515684;-1,287824428
0,457888108;-0,411898611;-1,207189776;-1,75292493;-1,823965484;-0,989949649;0,270326478;0,74175987;-0,153353345;-1,392796715;-1,605515684
0,740112226;0,457888108;-0,411898611;-1,207189776;-1,75292493;-1,823965484;-0,989949649;0,270326478;0,74175987;-0,153353345;-1,392796715
0,333136137;0,740112226;0,457888108;-0,411898611;-1,207189776;-1,75292493;-1,823965484;-0,989949649;0,270326478;0,74175987;-0,153353345
-0,61616796;0,333136137;0,740112226;0,457888108;-0,411898611;-1,207189776;-1,75292493;-1,823965484;-0,989949649;0,270326478;0,74175987
-1,47292493;-0,61616796;0,333136137;0,740112226;0,457888108;-0,411898611;-1,207189776;-1,75292493;-1,823965484;-0,989949649;0,270326478
-2,158743693;-1,47292493;-0,61616796;0,333136137;0,740112226;0,457888108;-0,411898611;-1,207189776;-1,75292493;-1,823965484;-0,989949649
-2,118580236;-2,158743693;-1,47292493;-0,61616796;0,333136137;0,740112226;0,457888108;-0,411898611;-1,207189776;-1,75292493;-1,823965484
-1,265066278;-2,118580236;-2,158743693;-1,47292493;-0,61616796;0,333136137;0,740112226;0,457888108;-0,411898611;-1,207189776;-1,75292493
-0,80452976;-1,265066278;-2,118580236;-2,158743693;-1,47292493;-0,61616796;0,333136137;0,740112226;0,457888108;-0,411898611;-1,207189776
-0,804366011;-0,80452976;-1,265066278;-2,118580236;-2,158743693;-1,47292493;-0,61616796;0,333136137;0,740112226;0,457888108;-0,411898611
-0,84174489;-0,804366011;-0,80452976;-1,265066278;-2,118580236;-2,158743693;-1,47292493;-0,61616796;0,333136137;0,740112226;0,457888108
-0,371679437;-0,84174489;-0,804366011;-0,80452976;-1,265066278;-2,118580236;-2,158743693;-1,47292493;-0,61616796;0,333136137;0,740112226
-0,251647168;-0,371679437;-0,84174489;-0,804366011;-0,80452976;-1,265066278;-2,118580236;-2,158743693;-1,47292493;-0,61616796;0,333136137
-0,65599484;-0,251647168;-0,371679437;-0,84174489;-0,804366011;-0,80452976;-1,265066278;-2,118580236;-2,158743693;-1,47292493;-0,61616796
-0,670841791;-0,65599484;-0,251647168;-0,371679437;-0,84174489;-0,804366011;-0,80452976;-1,265066278;-2,118580236;-2,158743693;-1,47292493
-0,746402386;-0,670841791;-0,65599484;-0,251647168;-0,371679437;-0,84174489;-0,804366011;-0,80452976;-1,265066278;-2,118580236;-2,158743693
-0,824605227;-0,746402386;-0,670841791;-0,65599484;-0,251647168;-0,371679437;-0,84174489;-0,804366011;-0,80452976;-1,265066278;-2,118580236
-0,650571262;-0,824605227;-0,746402386;-0,670841791;-0,65599484;-0,251647168;-0,371679437;-0,84174489;-0,804366011;-0,80452976;-1,265066278
-0,104902767;-0,650571262;-0,824605227;-0,746402386;-0,670841791;-0,65599484;-0,251647168;-0,371679437;-0,84174489;-0,804366011;-0,80452976
-0,019015877;-0,104902767;-0,650571262;-0,824605227;-0,746402386;-0,670841791;-0,65599484;-0,251647168;-0,371679437;-0,84174489;-0,804366011
-0,385583494;-0,019015877;-0,104902767;-0,650571262;-0,824605227;-0,746402386;-0,670841791;-0,65599484;-0,251647168;-0,371679437;-0,84174489
-0,61505739;-0,385583494;-0,019015877;-0,104902767;-0,650571262;-0,824605227;-0,746402386;-0,670841791;-0,65599484;-0,251647168;-0,371679437
-0,757112775;-0,61505739;-0,385583494;-0,019015877;-0,104902767;-0,650571262;-0,824605227;-0,746402386;-0,670841791;-0,65599484;-0,251647168
-0,958127053;-0,757112775;-0,61505739;-0,385583494;-0,019015877;-0,104902767;-0,650571262;-0,824605227;-0,746402386;-0,670841791;-0,65599484
-1,294832319;-0,958127053;-0,757112775;-0,61505739;-0,385583494;-0,019015877;-0,104902767;-0,650571262;-0,824605227;-0,746402386;-0,670841791
-1,4502845;-1,294832319;-0,958127053;-0,757112775;-0,61505739;-0,385583494;-0,019015877;-0,104902767;-0,650571262;-0,824605227;-0,746402386
-1,031203886;-1,4502845;-1,294832319;-0,958127053;-0,757112775;-0,61505739;-0,385583494;-0,019015877;-0,104902767;-0,650571262;-0,824605227
-0,081994137;-1,031203886;-1,4502845;-1,294832319;-0,958127053;-0,757112775;-0,61505739;-0,385583494;-0,019015877;-0,104902767;-0,650571262
0,120015178;-0,081994137;-1,031203886;-1,4502845;-1,294832319;-0,958127053;-0,757112775;-0,61505739;-0,385583494;-0,019015877;-0,104902767
-0,776568512;0,120015178;-0,081994137;-1,031203886;-1,4502845;-1,294832319;-0,958127053;-0,757112775;-0,61505739;-0,385583494;-0,019015877
-1,382141484;-0,776568512;0,120015178;-0,081994137;-1,031203886;-1,4502845;-1,294832319;-0,958127053;-0,757112775;-0,61505739;-0,385583494
-1,027380977;-1,382141484;-0,776568512;0,120015178;-0,081994137;-1,031203886;-1,4502845;-1,294832319;-0,958127053;-0,757112775;-0,61505739
-0,667532879;-1,027380977;-1,382141484;-0,776568512;0,120015178;-0,081994137;-1,031203886;-1,4502845;-1,294832319;-0,958127053;-0,757112775
-0,849791163;-0,667532879;-1,027380977;-1,382141484;-0,776568512;0,120015178;-0,081994137;-1,031203886;-1,4502845;-1,294832319;-0,958127053
-0,797545094;-0,849791163;-0,667532879;-1,027380977;-1,382141484;-0,776568512;0,120015178;-0,081994137;-1,031203886;-1,4502845;-1,294832319
-0,467999703;-0,797545094;-0,849791163;-0,667532879;-1,027380977;-1,382141484;-0,776568512;0,120015178;-0,081994137;-1,031203886;-1,4502845
-0,377354667;-0,467999703;-0,797545094;-0,849791163;-0,667532879;-1,027380977;-1,382141484;-0,776568512;0,120015178;-0,081994137;-1,031203886
-0,554162936;-0,377354667;-0,467999703;-0,797545094;-0,849791163;-0,667532879;-1,027380977;-1,382141484;-0,776568512;0,120015178;-0,081994137
-0,831101726;-0,554162936;-0,377354667;-0,467999703;-0,797545094;-0,849791163;-0,667532879;-1,027380977;-1,382141484;-0,776568512;0,120015178
-1,084914686;-0,831101726;-0,554162936;-0,377354667;-0,467999703;-0,797545094;-0,849791163;-0,667532879;-1,027380977;-1,382141484;-0,776568512
-1,086856851;-1,084914686;-0,831101726;-0,554162936;-0,377354667;-0,467999703;-0,797545094;-0,849791163;-0,667532879;-1,027380977;-1,382141484
-1,306215905;-1,086856851;-1,084914686;-0,831101726;-0,554162936;-0,377354667;-0,467999703;-0,797545094;-0,849791163;-0,667532879;-1,027380977
-1,017370019;-1,306215905;-1,086856851;-1,084914686;-0,831101726;-0,554162936;-0,377354667;-0,467999703;-0,797545094;-0,849791163;-0,667532879
-0,306980753;-1,017370019;-1,306215905;-1,086856851;-1,084914686;-0,831101726;-0,554162936;-0,377354667;-0,467999703;-0,797545094;-0,849791163
0,010398479;-0,306980753;-1,017370019;-1,306215905;-1,086856851;-1,084914686;-0,831101726;-0,554162936;-0,377354667;-0,467999703;-0,797545094
-0,013158305;0,010398479;-0,306980753;-1,017370019;-1,306215905;-1,086856851;-1,084914686;-0,831101726;-0,554162936;-0,377354667;-0,467999703
-0,564673213;-0,013158305;0,010398479;-0,306980753;-1,017370019;-1,306215905;-1,086856851;-1,084914686;-0,831101726;-0,554162936;-0,377354667
-1,44008453;-0,564673213;-0,013158305;0,010398479;-0,306980753;-1,017370019;-1,306215905;-1,086856851;-1,084914686;-0,831101726;-0,554162936
-1,706228389;-1,44008453;-0,564673213;-0,013158305;0,010398479;-0,306980753;-1,017370019;-1,306215905;-1,086856851;-1,084914686;-0,831101726
-0,523843977;-1,706228389;-1,44008453;-0,564673213;-0,013158305;0,010398479;-0,306980753;-1,017370019;-1,306215905;-1,086856851;-1,084914686
0,676610459;-0,523843977;-1,706228389;-1,44008453;-0,564673213;-0,013158305;0,010398479;-0,306980753;-1,017370019;-1,306215905;-1,086856851
0,275767369;0,676610459;-0,523843977;-1,706228389;-1,44008453;-0,564673213;-0,013158305;0,010398479;-0,306980753;-1,017370019;-1,306215905
-0,845239097;0,275767369;0,676610459;-0,523843977;-1,706228389;-1,44008453;-0,564673213;-0,013158305;0,010398479;-0,306980753;-1,017370019
-0,658986701;-0,845239097;0,275767369;0,676610459;-0,523843977;-1,706228389;-1,44008453;-0,564673213;-0,013158305;0,010398479;-0,306980753
0,639205397;-0,658986701;-0,845239097;0,275767369;0,676610459;-0,523843977;-1,706228389;-1,44008453;-0,564673213;-0,013158305;0,010398479
1,050090007;0,639205397;-0,658986701;-0,845239097;0,275767369;0,676610459;-0,523843977;-1,706228389;-1,44008453;-0,564673213;-0,013158305
0,718963731;1,050090007;0,639205397;-0,658986701;-0,845239097;0,275767369;0,676610459;-0,523843977;-1,706228389;-1,44008453;-0,564673213
-0,454677821;0,718963731;1,050090007;0,639205397;-0,658986701;-0,845239097;0,275767369;0,676610459;-0,523843977;-1,706228389;-1,44008453
-1,413737739;-0,454677821;0,718963731;1,050090007;0,639205397;-0,658986701;-0,845239097;0,275767369;0,676610459;-0,523843977;-1,706228389
-0,353021805;-1,413737739;-0,454677821;0,718963731;1,050090007;0,639205397;-0,658986701;-0,845239097;0,275767369;0,676610459;-0,523843977
1,254496041;-0,353021805;-1,413737739;-0,454677821;0,718963731;1,050090007;0,639205397;-0,658986701;-0,845239097;0,275767369;0,676610459
0,480847268;1,254496041;-0,353021805;-1,413737739;-0,454677821;0,718963731;1,050090007;0,639205397;-0,658986701;-0,845239097;0,275767369
-1,103179064;0,480847268;1,254496041;-0,353021805;-1,413737739;-0,454677821;0,718963731;1,050090007;0,639205397;-0,658986701;-0,845239097
-0,620928851;-1,103179064;0,480847268;1,254496041;-0,353021805;-1,413737739;-0,454677821;0,718963731;1,050090007;0,639205397;-0,658986701
1,24736766;-0,620928851;-1,103179064;0,480847268;1,254496041;-0,353021805;-1,413737739;-0,454677821;0,718963731;1,050090007;0,639205397
1,539559994;1,24736766;-0,620928851;-1,103179064;0,480847268;1,254496041;-0,353021805;-1,413737739;-0,454677821;0,718963731;1,050090007
0,701550104;1,539559994;1,24736766;-0,620928851;-1,103179064;0,480847268;1,254496041;-0,353021805;-1,413737739;-0,454677821;0,718963731
0,049727468;0,701550104;1,539559994;1,24736766;-0,620928851;-1,103179064;0,480847268;1,254496041;-0,353021805;-1,413737739;-0,454677821
-0,351206534;0,049727468;0,701550104;1,539559994;1,24736766;-0,620928851;-1,103179064;0,480847268;1,254496041;-0,353021805;-1,413737739
-0,761447351;-0,351206534;0,049727468;0,701550104;1,539559994;1,24736766;-0,620928851;-1,103179064;0,480847268;1,254496041;-0,353021805
0,330805974;-0,761447351;-0,351206534;0,049727468;0,701550104;1,539559994;1,24736766;-0,620928851;-1,103179064;0,480847268;1,254496041
1,404446859;0,330805974;-0,761447351;-0,351206534;0,049727468;0,701550104;1,539559994;1,24736766;-0,620928851;-1,103179064;0,480847268
0,796994484;1,404446859;0,330805974;-0,761447351;-0,351206534;0,049727468;0,701550104;1,539559994;1,24736766;-0,620928851;-1,103179064
-0,137654392;0,796994484;1,404446859;0,330805974;-0,761447351;-0,351206534;0,049727468;0,701550104;1,539559994;1,24736766;-0,620928851
-0,017355803;-0,137654392;0,796994484;1,404446859;0,330805974;-0,761447351;-0,351206534;0,049727468;0,701550104;1,539559994;1,24736766
0,821468146;-0,017355803;-0,137654392;0,796994484;1,404446859;0,330805974;-0,761447351;-0,351206534;0,049727468;0,701550104;1,539559994
1,312758636;0,821468146;-0,017355803;-0,137654392;0,796994484;1,404446859;0,330805974;-0,761447351;-0,351206534;0,049727468;0,701550104
0,374599957;1,312758636;0,821468146;-0,017355803;-0,137654392;0,796994484;1,404446859;0,330805974;-0,761447351;-0,351206534;0,049727468
-1,259179442;0,374599957;1,312758636;0,821468146;-0,017355803;-0,137654392;0,796994484;1,404446859;0,330805974;-0,761447351;-0,351206534
-1,688433926;-1,259179442;0,374599957;1,312758636;0,821468146;-0,017355803;-0,137654392;0,796994484;1,404446859;0,330805974;-0,761447351
-0,162962563;-1,688433926;-1,259179442;0,374599957;1,312758636;0,821468146;-0,017355803;-0,137654392;0,796994484;1,404446859;0,330805974
1,463569629;-0,162962563;-1,688433926;-1,259179442;0,374599957;1,312758636;0,821468146;-0,017355803;-0,137654392;0,796994484;1,404446859
0,686146601;1,463569629;-0,162962563;-1,688433926;-1,259179442;0,374599957;1,312758636;0,821468146;-0,017355803;-0,137654392;0,796994484
-0,624979606;0,686146601;1,463569629;-0,162962563;-1,688433926;-1,259179442;0,374599957;1,312758636;0,821468146;-0,017355803;-0,137654392
0,182736215;-0,624979606;0,686146601;1,463569629;-0,162962563;-1,688433926;-1,259179442;0,374599957;1,312758636;0,821468146;-0,017355803
2,098534245;0,182736215;-0,624979606;0,686146601;1,463569629;-0,162962563;-1,688433926;-1,259179442;0,374599957;1,312758636;0,821468146
2,252934613;2,098534245;0,182736215;-0,624979606;0,686146601;1,463569629;-0,162962563;-1,688433926;-1,259179442;0,374599957;1,312758636
1,017683424;2,252934613;2,098534245;0,182736215;-0,624979606;0,686146601;1,463569629;-0,162962563;-1,688433926;-1,259179442;0,374599957
0,688095279;1,017683424;2,252934613;2,098534245;0,182736215;-0,624979606;0,686146601;1,463569629;-0,162962563;-1,688433926;-1,259179442
1,368497828;0,688095279;1,017683424;2,252934613;2,098534245;0,182736215;-0,624979606;0,686146601;1,463569629;-0,162962563;-1,688433926
1,03559022;1,368497828;0,688095279;1,017683424;2,252934613;2,098534245;0,182736215;-0,624979606;0,686146601;1,463569629;-0,162962563
-0,318381124;1,03559022;1,368497828;0,688095279;1,017683424;2,252934613;2,098534245;0,182736215;-0,624979606;0,686146601;1,463569629
-0,513584432;-0,318381124;1,03559022;1,368497828;0,688095279;1,017683424;2,252934613;2,098534245;0,182736215;-0,624979606;0,686146601
0,28247424;-0,513584432;-0,318381124;1,03559022;1,368497828;0,688095279;1,017683424;2,252934613;2,098534245;0,182736215;-0,624979606
0,975536132;0,28247424;-0,513584432;-0,318381124;1,03559022;1,368497828;0,688095279;1,017683424;2,252934613;2,098534245;0,182736215
1,611651583;0,975536132;0,28247424;-0,513584432;-0,318381124;1,03559022;1,368497828;0,688095279;1,017683424;2,252934613;2,098534245
1,505856807;1,611651583;0,975536132;0,28247424;-0,513584432;-0,318381124;1,03559022;1,368497828;0,688095279;1,017683424;2,252934613
0,290283101;1,505856807;1,611651583;0,975536132;0,28247424;-0,513584432;-0,318381124;1,03559022;1,368497828;0,688095279;1,017683424
-0,805141961;0,290283101;1,505856807;1,611651583;0,975536132;0,28247424;-0,513584432;-0,318381124;1,03559022;1,368497828;0,688095279
-0,377955674;-0,805141961;0,290283101;1,505856807;1,611651583;0,975536132;0,28247424;-0,513584432;-0,318381124;1,03559022;1,368497828
0,782266833;-0,377955674;-0,805141961;0,290283101;1,505856807;1,611651583;0,975536132;0,28247424;-0,513584432;-0,318381124;1,03559022
1,065273032;0,782266833;-0,377955674;-0,805141961;0,290283101;1,505856807;1,611651583;0,975536132;0,28247424;-0,513584432;-0,318381124
1,301970787;1,065273032;0,782266833;-0,377955674;-0,805141961;0,290283101;1,505856807;1,611651583;0,975536132;0,28247424;-0,513584432
1,703500813;1,301970787;1,065273032;0,782266833;-0,377955674;-0,805141961;0,290283101;1,505856807;1,611651583;0,975536132;0,28247424
1,21539769;1,703500813;1,301970787;1,065273032;0,782266833;-0,377955674;-0,805141961;0,290283101;1,505856807;1,611651583;0,975536132
-0,216822822;1,21539769;1,703500813;1,301970787;1,065273032;0,782266833;-0,377955674;-0,805141961;0,290283101;1,505856807;1,611651583
-0,774571304;-0,216822822;1,21539769;1,703500813;1,301970787;1,065273032;0,782266833;-0,377955674;-0,805141961;0,290283101;1,505856807
-0,440218975;-0,774571304;-0,216822822;1,21539769;1,703500813;1,301970787;1,065273032;0,782266833;-0,377955674;-0,805141961;0,290283101
-0,628102964;-0,440218975;-0,774571304;-0,216822822;1,21539769;1,703500813;1,301970787;1,065273032;0,782266833;-0,377955674;-0,805141961
-1,202506825;-0,628102964;-0,440218975;-0,774571304;-0,216822822;1,21539769;1,703500813;1,301970787;1,065273032;0,782266833;-0,377955674
-1,0876655;-1,202506825;-0,628102964;-0,440218975;-0,774571304;-0,216822822;1,21539769;1,703500813;1,301970787;1,065273032;0,782266833
-0,577883494;-1,0876655;-1,202506825;-0,628102964;-0,440218975;-0,774571304;-0,216822822;1,21539769;1,703500813;1,301970787;1,065273032
-0,826885813;-0,577883494;-1,0876655;-1,202506825;-0,628102964;-0,440218975;-0,774571304;-0,216822822;1,21539769;1,703500813;1,301970787
-1,855681094;-0,826885813;-0,577883494;-1,0876655;-1,202506825;-0,628102964;-0,440218975;-0,774571304;-0,216822822;1,21539769;1,703500813
-1,789698592;-1,855681094;-0,826885813;-0,577883494;-1,0876655;-1,202506825;-0,628102964;-0,440218975;-0,774571304;-0,216822822;1,21539769
-0,322302299;-1,789698592;-1,855681094;-0,826885813;-0,577883494;-1,0876655;-1,202506825;-0,628102964;-0,440218975;-0,774571304;-0,216822822
0,523186531;-0,322302299;-1,789698592;-1,855681094;-0,826885813;-0,577883494;-1,0876655;-1,202506825;-0,628102964;-0,440218975;-0,774571304
-0,762994997;0,523186531;-0,322302299;-1,789698592;-1,855681094;-0,826885813;-0,577883494;-1,0876655;-1,202506825;-0,628102964;-0,440218975
-2,679014822;-0,762994997;0,523186531;-0,322302299;-1,789698592;-1,855681094;-0,826885813;-0,577883494;-1,0876655;-1,202506825;-0,628102964
-2,902607401;-2,679014822;-0,762994997;0,523186531;-0,322302299;-1,789698592;-1,855681094;-0,826885813;-0,577883494;-1,0876655;-1,202506825
-2,008286676;-2,902607401;-2,679014822;-0,762994997;0,523186531;-0,322302299;-1,789698592;-1,855681094;-0,826885813;-0,577883494;-1,0876655
-1,75217232;-2,008286676;-2,902607401;-2,679014822;-0,762994997;0,523186531;-0,322302299;-1,789698592;-1,855681094;-0,826885813;-0,577883494
-2,623804216;-1,75217232;-2,008286676;-2,902607401;-2,679014822;-0,762994997;0,523186531;-0,322302299;-1,789698592;-1,855681094;-0,826885813
-3,911261081;-2,623804216;-1,75217232;-2,008286676;-2,902607401;-2,679014822;-0,762994997;0,523186531;-0,322302299;-1,789698592;-1,855681094
-4,939563868;-3,911261081;-2,623804216;-1,75217232;-2,008286676;-2,902607401;-2,679014822;-0,762994997;0,523186531;-0,322302299;-1,789698592
-4,075999001;-4,939563868;-3,911261081;-2,623804216;-1,75217232;-2,008286676;-2,902607401;-2,679014822;-0,762994997;0,523186531;-0,322302299
-1,154156376;-4,075999001;-4,939563868;-3,911261081;-2,623804216;-1,75217232;-2,008286676;-2,902607401;-2,679014822;-0,762994997;0,523186531
-0,946712333;-1,154156376;-4,075999001;-4,939563868;-3,911261081;-2,623804216;-1,75217232;-2,008286676;-2,902607401;-2,679014822;-0,762994997
-4,202138186;-0,946712333;-1,154156376;-4,075999001;-4,939563868;-3,911261081;-2,623804216;-1,75217232;-2,008286676;-2,902607401;-2,679014822
-6,15824436;-4,202138186;-0,946712333;-1,154156376;-4,075999001;-4,939563868;-3,911261081;-2,623804216;-1,75217232;-2,008286676;-2,902607401
-3,60437513;-6,15824436;-4,202138186;-0,946712333;-1,154156376;-4,075999001;-4,939563868;-3,911261081;-2,623804216;-1,75217232;-2,008286676
-0,967406885;-3,60437513;-6,15824436;-4,202138186;-0,946712333;-1,154156376;-4,075999001;-4,939563868;-3,911261081;-2,623804216;-1,75217232
-1,684694821;-0,967406885;-3,60437513;-6,15824436;-4,202138186;-0,946712333;-1,154156376;-4,075999001;-4,939563868;-3,911261081;-2,623804216
-2,889686475;-1,684694821;-0,967406885;-3,60437513;-6,15824436;-4,202138186;-0,946712333;-1,154156376;-4,075999001;-4,939563868;-3,911261081
-1,878389834;-2,889686475;-1,684694821;-0,967406885;-3,60437513;-6,15824436;-4,202138186;-0,946712333;-1,154156376;-4,075999001;-4,939563868
-0,785756574;-1,878389834;-2,889686475;-1,684694821;-0,967406885;-3,60437513;-6,15824436;-4,202138186;-0,946712333;-1,154156376;-4,075999001
-0,736292132;-0,785756574;-1,878389834;-2,889686475;-1,684694821;-0,967406885;-3,60437513;-6,15824436;-4,202138186;-0,946712333;-1,154156376
-0,845455311;-0,736292132;-0,785756574;-1,878389834;-2,889686475;-1,684694821;-0,967406885;-3,60437513;-6,15824436;-4,202138186;-0,946712333
-1,338745366;-0,845455311;-0,736292132;-0,785756574;-1,878389834;-2,889686475;-1,684694821;-0,967406885;-3,60437513;-6,15824436;-4,202138186
-2,694516991;-1,338745366;-0,845455311;-0,736292132;-0,785756574;-1,878389834;-2,889686475;-1,684694821;-0,967406885;-3,60437513;-6,15824436
-3,813364096;-2,694516991;-1,338745366;-0,845455311;-0,736292132;-0,785756574;-1,878389834;-2,889686475;-1,684694821;-0,967406885;-3,60437513
-3,250937093;-3,813364096;-2,694516991;-1,338745366;-0,845455311;-0,736292132;-0,785756574;-1,878389834;-2,889686475;-1,684694821;-0,967406885
-1,548777829;-3,250937093;-3,813364096;-2,694516991;-1,338745366;-0,845455311;-0,736292132;-0,785756574;-1,878389834;-2,889686475;-1,684694821
0,034892381;-1,548777829;-3,250937093;-3,813364096;-2,694516991;-1,338745366;-0,845455311;-0,736292132;-0,785756574;-1,878389834;-2,889686475
0,190973288;0,034892381;-1,548777829;-3,250937093;-3,813364096;-2,694516991;-1,338745366;-0,845455311;-0,736292132;-0,785756574;-1,878389834
-0,434648916;0,190973288;0,034892381;-1,548777829;-3,250937093;-3,813364096;-2,694516991;-1,338745366;-0,845455311;-0,736292132;-0,785756574
0,111616172;-0,434648916;0,190973288;0,034892381;-1,548777829;-3,250937093;-3,813364096;-2,694516991;-1,338745366;-0,845455311;-0,736292132
1,764231077;0,111616172;-0,434648916;0,190973288;0,034892381;-1,548777829;-3,250937093;-3,813364096;-2,694516991;-1,338745366;-0,845455311
2,964524883;1,764231077;0,111616172;-0,434648916;0,190973288;0,034892381;-1,548777829;-3,250937093;-3,813364096;-2,694516991;-1,338745366
2,287291065;2,964524883;1,764231077;0,111616172;-0,434648916;0,190973288;0,034892381;-1,548777829;-3,250937093;-3,813364096;-2,694516991
1,15541706;2,287291065;2,964524883;1,764231077;0,111616172;-0,434648916;0,190973288;0,034892381;-1,548777829;-3,250937093;-3,813364096
1,077283916;1,15541706;2,287291065;2,964524883;1,764231077;0,111616172;-0,434648916;0,190973288;0,034892381;-1,548777829;-3,250937093
2,061818153;1,077283916;1,15541706;2,287291065;2,964524883;1,764231077;0,111616172;-0,434648916;0,190973288;0,034892381;-1,548777829
2,575900955;2,061818153;1,077283916;1,15541706;2,287291065;2,964524883;1,764231077;0,111616172;-0,434648916;0,190973288;0,034892381
2,795732422;2,575900955;2,061818153;1,077283916;1,15541706;2,287291065;2,964524883;1,764231077;0,111616172;-0,434648916;0,190973288
3,222909448;2,795732422;2,575900955;2,061818153;1,077283916;1,15541706;2,287291065;2,964524883;1,764231077;0,111616172;-0,434648916
4,003452723;3,222909448;2,795732422;2,575900955;2,061818153;1,077283916;1,15541706;2,287291065;2,964524883;1,764231077;0,111616172
4,13062322;4,003452723;3,222909448;2,795732422;2,575900955;2,061818153;1,077283916;1,15541706;2,287291065;2,964524883;1,764231077
3,962752072;4,13062322;4,003452723;3,222909448;2,795732422;2,575900955;2,061818153;1,077283916;1,15541706;2,287291065;2,964524883
4,82302922;3,962752072;4,13062322;4,003452723;3,222909448;2,795732422;2,575900955;2,061818153;1,077283916;1,15541706;2,287291065
5,399327952;4,82302922;3,962752072;4,13062322;4,003452723;3,222909448;2,795732422;2,575900955;2,061818153;1,077283916;1,15541706
4,414866616;5,399327952;4,82302922;3,962752072;4,13062322;4,003452723;3,222909448;2,795732422;2,575900955;2,061818153;1,077283916
3,841704494;4,414866616;5,399327952;4,82302922;3,962752072;4,13062322;4,003452723;3,222909448;2,795732422;2,575900955;2,061818153
4,021925717;3,841704494;4,414866616;5,399327952;4,82302922;3,962752072;4,13062322;4,003452723;3,222909448;2,795732422;2,575900955
3,848104828;4,021925717;3,841704494;4,414866616;5,399327952;4,82302922;3,962752072;4,13062322;4,003452723;3,222909448;2,795732422
2,77414825;3,848104828;4,021925717;3,841704494;4,414866616;5,399327952;4,82302922;3,962752072;4,13062322;4,003452723;3,222909448
2,482043783;2,77414825;3,848104828;4,021925717;3,841704494;4,414866616;5,399327952;4,82302922;3,962752072;4,13062322;4,003452723
2,695760528;2,482043783;2,77414825;3,848104828;4,021925717;3,841704494;4,414866616;5,399327952;4,82302922;3,962752072;4,13062322
2,152563559;2,695760528;2,482043783;2,77414825;3,848104828;4,021925717;3,841704494;4,414866616;5,399327952;4,82302922;3,962752072
1,826746532;2,152563559;2,695760528;2,482043783;2,77414825;3,848104828;4,021925717;3,841704494;4,414866616;5,399327952;4,82302922
2,436026173;1,826746532;2,152563559;2,695760528;2,482043783;2,77414825;3,848104828;4,021925717;3,841704494;4,414866616;5,399327952
2,852016921;2,436026173;1,826746532;2,152563559;2,695760528;2,482043783;2,77414825;3,848104828;4,021925717;3,841704494;4,414866616
1,708516232;2,852016921;2,436026173;1,826746532;2,152563559;2,695760528;2,482043783;2,77414825;3,848104828;4,021925717;3,841704494
0,669898707;1,708516232;2,852016921;2,436026173;1,826746532;2,152563559;2,695760528;2,482043783;2,77414825;3,848104828;4,021925717
0,517220823;0,669898707;1,708516232;2,852016921;2,436026173;1,826746532;2,152563559;2,695760528;2,482043783;2,77414825;3,848104828
1,410161545;0,517220823;0,669898707;1,708516232;2,852016921;2,436026173;1,826746532;2,152563559;2,695760528;2,482043783;2,77414825
1,635655881;1,410161545;0,517220823;0,669898707;1,708516232;2,852016921;2,436026173;1,826746532;2,152563559;2,695760528;2,482043783
1,08988294;1,635655881;1,410161545;0,517220823;0,669898707;1,708516232;2,852016921;2,436026173;1,826746532;2,152563559;2,695760528
0,989790197;1,08988294;1,635655881;1,410161545;0,517220823;0,669898707;1,708516232;2,852016921;2,436026173;1,826746532;2,152563559
1,854955041;0,989790197;1,08988294;1,635655881;1,410161545;0,517220823;0,669898707;1,708516232;2,852016921;2,436026173;1,826746532
2,786371106;1,854955041;0,989790197;1,08988294;1,635655881;1,410161545;0,517220823;0,669898707;1,708516232;2,852016921;2,436026173
2,600716252;2,786371106;1,854955041;0,989790197;1,08988294;1,635655881;1,410161545;0,517220823;0,669898707;1,708516232;2,852016921
2,24053704;2,600716252;2,786371106;1,854955041;0,989790197;1,08988294;1,635655881;1,410161545;0,517220823;0,669898707;1,708516232
2,221379646;2,24053704;2,600716252;2,786371106;1,854955041;0,989790197;1,08988294;1,635655881;1,410161545;0,517220823;0,669898707
2,210692675;2,221379646;2,24053704;2,600716252;2,786371106;1,854955041;0,989790197;1,08988294;1,635655881;1,410161545;0,517220823
2,335855194;2,210692675;2,221379646;2,24053704;2,600716252;2,786371106;1,854955041;0,989790197;1,08988294;1,635655881;1,410161545
3,578120971;2,335855194;2,210692675;2,221379646;2,24053704;2,600716252;2,786371106;1,854955041;0,989790197;1,08988294;1,635655881
4,713928715;3,578120971;2,335855194;2,210692675;2,221379646;2,24053704;2,600716252;2,786371106;1,854955041;0,989790197;1,08988294
3,741003536;4,713928715;3,578120971;2,335855194;2,210692675;2,221379646;2,24053704;2,600716252;2,786371106;1,854955041;0,989790197
2,196205432;3,741003536;4,713928715;3,578120971;2,335855194;2,210692675;2,221379646;2,24053704;2,600716252;2,786371106;1,854955041
2,077651566;2,196205432;3,741003536;4,713928715;3,578120971;2,335855194;2,210692675;2,221379646;2,24053704;2,600716252;2,786371106
2,908867313;2,077651566;2,196205432;3,741003536;4,713928715;3,578120971;2,335855194;2,210692675;2,221379646;2,24053704;2,600716252
2,827657806;2,908867313;2,077651566;2,196205432;3,741003536;4,713928715;3,578120971;2,335855194;2,210692675;2,221379646;2,24053704
2,241137154;2,827657806;2,908867313;2,077651566;2,196205432;3,741003536;4,713928715;3,578120971;2,335855194;2,210692675;2,221379646
1,395047189;2,241137154;2,827657806;2,908867313;2,077651566;2,196205432;3,741003536;4,713928715;3,578120971;2,335855194;2,210692675
0,126296773;1,395047189;2,241137154;2,827657806;2,908867313;2,077651566;2,196205432;3,741003536;4,713928715;3,578120971;2,335855194
-0,209918558;0,126296773;1,395047189;2,241137154;2,827657806;2,908867313;2,077651566;2,196205432;3,741003536;4,713928715;3,578120971
0,849790989;-0,209918558;0,126296773;1,395047189;2,241137154;2,827657806;2,908867313;2,077651566;2,196205432;3,741003536;4,713928715
1,189222667;0,849790989;-0,209918558;0,126296773;1,395047189;2,241137154;2,827657806;2,908867313;2,077651566;2,196205432;3,741003536
-0,281471976;1,189222667;0,849790989;-0,209918558;0,126296773;1,395047189;2,241137154;2,827657806;2,908867313;2,077651566;2,196205432
-1,413998768;-0,281471976;1,189222667;0,849790989;-0,209918558;0,126296773;1,395047189;2,241137154;2,827657806;2,908867313;2,077651566
-0,772637475;-1,413998768;-0,281471976;1,189222667;0,849790989;-0,209918558;0,126296773;1,395047189;2,241137154;2,827657806;2,908867313
0,548891092;-0,772637475;-1,413998768;-0,281471976;1,189222667;0,849790989;-0,209918558;0,126296773;1,395047189;2,241137154;2,827657806
0,666689867;0,548891092;-0,772637475;-1,413998768;-0,281471976;1,189222667;0,849790989;-0,209918558;0,126296773;1,395047189;2,241137154
-0,623534611;0,666689867;0,548891092;-0,772637475;-1,413998768;-0,281471976;1,189222667;0,849790989;-0,209918558;0,126296773;1,395047189
-2,103545057;-0,623534611;0,666689867;0,548891092;-0,772637475;-1,413998768;-0,281471976;1,189222667;0,849790989;-0,209918558;0,126296773
-2,11650911;-2,103545057;-0,623534611;0,666689867;0,548891092;-0,772637475;-1,413998768;-0,281471976;1,189222667;0,849790989;-0,209918558
-0,639076035;-2,11650911;-2,103545057;-0,623534611;0,666689867;0,548891092;-0,772637475;-1,413998768;-0,281471976;1,189222667;0,849790989
-0,324494786;-0,639076035;-2,11650911;-2,103545057;-0,623534611;0,666689867;0,548891092;-0,772637475;-1,413998768;-0,281471976;1,189222667
-1,312342842;-0,324494786;-0,639076035;-2,11650911;-2,103545057;-0,623534611;0,666689867;0,548891092;-0,772637475;-1,413998768;-0,281471976
-1,572684435;-1,312342842;-0,324494786;-0,639076035;-2,11650911;-2,103545057;-0,623534611;0,666689867;0,548891092;-0,772637475;-1,413998768
-0,436938407;-1,572684435;-1,312342842;-0,324494786;-0,639076035;-2,11650911;-2,103545057;-0,623534611;0,666689867;0,548891092;-0,772637475
-0,245692173;-0,436938407;-1,572684435;-1,312342842;-0,324494786;-0,639076035;-2,11650911;-2,103545057;-0,623534611;0,666689867;0,548891092
-1,740972626;-0,245692173;-0,436938407;-1,572684435;-1,312342842;-0,324494786;-0,639076035;-2,11650911;-2,103545057;-0,623534611;0,666689867
-2,705471539;-1,740972626;-0,245692173;-0,436938407;-1,572684435;-1,312342842;-0,324494786;-0,639076035;-2,11650911;-2,103545057;-0,623534611
-2,178435494;-2,705471539;-1,740972626;-0,245692173;-0,436938407;-1,572684435;-1,312342842;-0,324494786;-0,639076035;-2,11650911;-2,103545057
-2,330619102;-2,178435494;-2,705471539;-1,740972626;-0,245692173;-0,436938407;-1,572684435;-1,312342842;-0,324494786;-0,639076035;-2,11650911
-3,640209321;-2,330619102;-2,178435494;-2,705471539;-1,740972626;-0,245692173;-0,436938407;-1,572684435;-1,312342842;-0,324494786;-0,639076035
-4,199722207;-3,640209321;-2,330619102;-2,178435494;-2,705471539;-1,740972626;-0,245692173;-0,436938407;-1,572684435;-1,312342842;-0,324494786
-2,785776022;-4,199722207;-3,640209321;-2,330619102;-2,178435494;-2,705471539;-1,740972626;-0,245692173;-0,436938407;-1,572684435;-1,312342842
-1,717030155;-2,785776022;-4,199722207;-3,640209321;-2,330619102;-2,178435494;-2,705471539;-1,740972626;-0,245692173;-0,436938407;-1,572684435
-1,855456298;-1,717030155;-2,785776022;-4,199722207;-3,640209321;-2,330619102;-2,178435494;-2,705471539;-1,740972626;-0,245692173;-0,436938407
-1,73371555;-1,855456298;-1,717030155;-2,785776022;-4,199722207;-3,640209321;-2,330619102;-2,178435494;-2,705471539;-1,740972626;-0,245692173
-1,027728109;-1,73371555;-1,855456298;-1,717030155;-2,785776022;-4,199722207;-3,640209321;-2,330619102;-2,178435494;-2,705471539;-1,740972626
-1,530043218;-1,027728109;-1,73371555;-1,855456298;-1,717030155;-2,785776022;-4,199722207;-3,640209321;-2,330619102;-2,178435494;-2,705471539
-2,541285904;-1,530043218;-1,027728109;-1,73371555;-1,855456298;-1,717030155;-2,785776022;-4,199722207;-3,640209321;-2,330619102;-2,178435494
-1,965888981;-2,541285904;-1,530043218;-1,027728109;-1,73371555;-1,855456298;-1,717030155;-2,785776022;-4,199722207;-3,640209321;-2,330619102
-0,284112471;-1,965888981;-2,541285904;-1,530043218;-1,027728109;-1,73371555;-1,855456298;-1,717030155;-2,785776022;-4,199722207;-3,640209321
0,00228887799999994;-0,284112471;-1,965888981;-2,541285904;-1,530043218;-1,027728109;-1,73371555;-1,855456298;-1,717030155;-2,785776022;-4,199722207
-0,980845767;0,00228887799999994;-0,284112471;-1,965888981;-2,541285904;-1,530043218;-1,027728109;-1,73371555;-1,855456298;-1,717030155;-2,785776022
-1,610110871;-0,980845767;0,00228887799999994;-0,284112471;-1,965888981;-2,541285904;-1,530043218;-1,027728109;-1,73371555;-1,855456298;-1,717030155
-1,637566967;-1,610110871;-0,980845767;0,00228887799999994;-0,284112471;-1,965888981;-2,541285904;-1,530043218;-1,027728109;-1,73371555;-1,855456298
-1,831192186;-1,637566967;-1,610110871;-0,980845767;0,00228887799999994;-0,284112471;-1,965888981;-2,541285904;-1,530043218;-1,027728109;-1,73371555
-1,805060721;-1,831192186;-1,637566967;-1,610110871;-0,980845767;0,00228887799999994;-0,284112471;-1,965888981;-2,541285904;-1,530043218;-1,027728109
-2,053234594;-1,805060721;-1,831192186;-1,637566967;-1,610110871;-0,980845767;0,00228887799999994;-0,284112471;-1,965888981;-2,541285904;-1,530043218
-2,648594621;-2,053234594;-1,805060721;-1,831192186;-1,637566967;-1,610110871;-0,980845767;0,00228887799999994;-0,284112471;-1,965888981;-2,541285904
-2,659246746;-2,648594621;-2,053234594;-1,805060721;-1,831192186;-1,637566967;-1,610110871;-0,980845767;0,00228887799999994;-0,284112471;-1,965888981
-2,798707771;-2,659246746;-2,648594621;-2,053234594;-1,805060721;-1,831192186;-1,637566967;-1,610110871;-0,980845767;0,00228887799999994;-0,284112471
-3,712002108;-2,798707771;-2,659246746;-2,648594621;-2,053234594;-1,805060721;-1,831192186;-1,637566967;-1,610110871;-0,980845767;0,00228887799999994
-3,892283658;-3,712002108;-2,798707771;-2,659246746;-2,648594621;-2,053234594;-1,805060721;-1,831192186;-1,637566967;-1,610110871;-0,980845767
-2,267748991;-3,892283658;-3,712002108;-2,798707771;-2,659246746;-2,648594621;-2,053234594;-1,805060721;-1,831192186;-1,637566967;-1,610110871
0,07971237;-2,267748991;-3,892283658;-3,712002108;-2,798707771;-2,659246746;-2,648594621;-2,053234594;-1,805060721;-1,831192186;-1,637566967
0,20891206;0,07971237;-2,267748991;-3,892283658;-3,712002108;-2,798707771;-2,659246746;-2,648594621;-2,053234594;-1,805060721;-1,831192186
-1,553128624;0,20891206;0,07971237;-2,267748991;-3,892283658;-3,712002108;-2,798707771;-2,659246746;-2,648594621;-2,053234594;-1,805060721
-3,049658835;-1,553128624;0,20891206;0,07971237;-2,267748991;-3,892283658;-3,712002108;-2,798707771;-2,659246746;-2,648594621;-2,053234594
-3,133117009;-3,049658835;-1,553128624;0,20891206;0,07971237;-2,267748991;-3,892283658;-3,712002108;-2,798707771;-2,659246746;-2,648594621
-2,600672244;-3,133117009;-3,049658835;-1,553128624;0,20891206;0,07971237;-2,267748991;-3,892283658;-3,712002108;-2,798707771;-2,659246746
-2,406234513;-2,600672244;-3,133117009;-3,049658835;-1,553128624;0,20891206;0,07971237;-2,267748991;-3,892283658;-3,712002108;-2,798707771
-2,649500911;-2,406234513;-2,600672244;-3,133117009;-3,049658835;-1,553128624;0,20891206;0,07971237;-2,267748991;-3,892283658;-3,712002108
-2,362817781;-2,649500911;-2,406234513;-2,600672244;-3,133117009;-3,049658835;-1,553128624;0,20891206;0,07971237;-2,267748991;-3,892283658
-1,750591207;-2,362817781;-2,649500911;-2,406234513;-2,600672244;-3,133117009;-3,049658835;-1,553128624;0,20891206;0,07971237;-2,267748991
-1,83117808;-1,750591207;-2,362817781;-2,649500911;-2,406234513;-2,600672244;-3,133117009;-3,049658835;-1,553128624;0,20891206;0,07971237
-1,667838256;-1,83117808;-1,750591207;-2,362817781;-2,649500911;-2,406234513;-2,600672244;-3,133117009;-3,049658835;-1,553128624;0,20891206
-1,275493993;-1,667838256;-1,83117808;-1,750591207;-2,362817781;-2,649500911;-2,406234513;-2,600672244;-3,133117009;-3,049658835;-1,553128624
-1,363089146;-1,275493993;-1,667838256;-1,83117808;-1,750591207;-2,362817781;-2,649500911;-2,406234513;-2,600672244;-3,133117009;-3,049658835
-1,673945045;-1,363089146;-1,275493993;-1,667838256;-1,83117808;-1,750591207;-2,362817781;-2,649500911;-2,406234513;-2,600672244;-3,133117009
-1,644257041;-1,673945045;-1,363089146;-1,275493993;-1,667838256;-1,83117808;-1,750591207;-2,362817781;-2,649500911;-2,406234513;-2,600672244
-1,336004207;-1,644257041;-1,673945045;-1,363089146;-1,275493993;-1,667838256;-1,83117808;-1,750591207;-2,362817781;-2,649500911;-2,406234513
-1,480971478;-1,336004207;-1,644257041;-1,673945045;-1,363089146;-1,275493993;-1,667838256;-1,83117808;-1,750591207;-2,362817781;-2,649500911
-1,566335022;-1,480971478;-1,336004207;-1,644257041;-1,673945045;-1,363089146;-1,275493993;-1,667838256;-1,83117808;-1,750591207;-2,362817781
-1,33227772;-1,566335022;-1,480971478;-1,336004207;-1,644257041;-1,673945045;-1,363089146;-1,275493993;-1,667838256;-1,83117808;-1,750591207
-0,896749274;-1,33227772;-1,566335022;-1,480971478;-1,336004207;-1,644257041;-1,673945045;-1,363089146;-1,275493993;-1,667838256;-1,83117808
-0,998012884;-0,896749274;-1,33227772;-1,566335022;-1,480971478;-1,336004207;-1,644257041;-1,673945045;-1,363089146;-1,275493993;-1,667838256
-1,835621971;-0,998012884;-0,896749274;-1,33227772;-1,566335022;-1,480971478;-1,336004207;-1,644257041;-1,673945045;-1,363089146;-1,275493993
-2,493837431;-1,835621971;-0,998012884;-0,896749274;-1,33227772;-1,566335022;-1,480971478;-1,336004207;-1,644257041;-1,673945045;-1,363089146
-2,220794956;-2,493837431;-1,835621971;-0,998012884;-0,896749274;-1,33227772;-1,566335022;-1,480971478;-1,336004207;-1,644257041;-1,673945045
-1,007320282;-2,220794956;-2,493837431;-1,835621971;-0,998012884;-0,896749274;-1,33227772;-1,566335022;-1,480971478;-1,336004207;-1,644257041
-0,450981082;-1,007320282;-2,220794956;-2,493837431;-1,835621971;-0,998012884;-0,896749274;-1,33227772;-1,566335022;-1,480971478;-1,336004207
-1,510713158;-0,450981082;-1,007320282;-2,220794956;-2,493837431;-1,835621971;-0,998012884;-0,896749274;-1,33227772;-1,566335022;-1,480971478
-2,088512475;-1,510713158;-0,450981082;-1,007320282;-2,220794956;-2,493837431;-1,835621971;-0,998012884;-0,896749274;-1,33227772;-1,566335022
-1,282326566;-2,088512475;-1,510713158;-0,450981082;-1,007320282;-2,220794956;-2,493837431;-1,835621971;-0,998012884;-0,896749274;-1,33227772
-0,274513565;-1,282326566;-2,088512475;-1,510713158;-0,450981082;-1,007320282;-2,220794956;-2,493837431;-1,835621971;-0,998012884;-0,896749274
-0,773051517;-0,274513565;-1,282326566;-2,088512475;-1,510713158;-0,450981082;-1,007320282;-2,220794956;-2,493837431;-1,835621971;-0,998012884
-1,702558804;-0,773051517;-0,274513565;-1,282326566;-2,088512475;-1,510713158;-0,450981082;-1,007320282;-2,220794956;-2,493837431;-1,835621971
-0,804452318;-1,702558804;-0,773051517;-0,274513565;-1,282326566;-2,088512475;-1,510713158;-0,450981082;-1,007320282;-2,220794956;-2,493837431
0,172352482;-0,804452318;-1,702558804;-0,773051517;-0,274513565;-1,282326566;-2,088512475;-1,510713158;-0,450981082;-1,007320282;-2,220794956
-0,60816629;0,172352482;-0,804452318;-1,702558804;-0,773051517;-0,274513565;-1,282326566;-2,088512475;-1,510713158;-0,450981082;-1,007320282
-2,197982812;-0,60816629;0,172352482;-0,804452318;-1,702558804;-0,773051517;-0,274513565;-1,282326566;-2,088512475;-1,510713158;-0,450981082
-1,916115928;-2,197982812;-0,60816629;0,172352482;-0,804452318;-1,702558804;-0,773051517;-0,274513565;-1,282326566;-2,088512475;-1,510713158
-0,363310305;-1,916115928;-2,197982812;-0,60816629;0,172352482;-0,804452318;-1,702558804;-0,773051517;-0,274513565;-1,282326566;-2,088512475
-0,072661537;-0,363310305;-1,916115928;-2,197982812;-0,60816629;0,172352482;-0,804452318;-1,702558804;-0,773051517;-0,274513565;-1,282326566
-0,890076345;-0,072661537;-0,363310305;-1,916115928;-2,197982812;-0,60816629;0,172352482;-0,804452318;-1,702558804;-0,773051517;-0,274513565
-1,084224228;-0,890076345;-0,072661537;-0,363310305;-1,916115928;-2,197982812;-0,60816629;0,172352482;-0,804452318;-1,702558804;-0,773051517
-0,750798598;-1,084224228;-0,890076345;-0,072661537;-0,363310305;-1,916115928;-2,197982812;-0,60816629;0,172352482;-0,804452318;-1,702558804
-0,687181358;-0,750798598;-1,084224228;-0,890076345;-0,072661537;-0,363310305;-1,916115928;-2,197982812;-0,60816629;0,172352482;-0,804452318
-0,986596079;-0,687181358;-0,750798598;-1,084224228;-0,890076345;-0,072661537;-0,363310305;-1,916115928;-2,197982812;-0,60816629;0,172352482
-1,334720619;-0,986596079;-0,687181358;-0,750798598;-1,084224228;-0,890076345;-0,072661537;-0,363310305;-1,916115928;-2,197982812;-0,60816629
-1,247399744;-1,334720619;-0,986596079;-0,687181358;-0,750798598;-1,084224228;-0,890076345;-0,072661537;-0,363310305;-1,916115928;-2,197982812
-0,291634061;-1,247399744;-1,334720619;-0,986596079;-0,687181358;-0,750798598;-1,084224228;-0,890076345;-0,072661537;-0,363310305;-1,916115928
0,767241217;-0,291634061;-1,247399744;-1,334720619;-0,986596079;-0,687181358;-0,750798598;-1,084224228;-0,890076345;-0,072661537;-0,363310305
0,325424813;0,767241217;-0,291634061;-1,247399744;-1,334720619;-0,986596079;-0,687181358;-0,750798598;-1,084224228;-0,890076345;-0,072661537
-1,120296442;0,325424813;0,767241217;-0,291634061;-1,247399744;-1,334720619;-0,986596079;-0,687181358;-0,750798598;-1,084224228;-0,890076345
-1,002662741;-1,120296442;0,325424813;0,767241217;-0,291634061;-1,247399744;-1,334720619;-0,986596079;-0,687181358;-0,750798598;-1,084224228
-0,000838390000000071;-1,002662741;-1,120296442;0,325424813;0,767241217;-0,291634061;-1,247399744;-1,334720619;-0,986596079;-0,687181358;-0,750798598
-0,353632874;-0,000838390000000071;-1,002662741;-1,120296442;0,325424813;0,767241217;-0,291634061;-1,247399744;-1,334720619;-0,986596079;-0,687181358
-1,418203388;-0,353632874;-0,000838390000000071;-1,002662741;-1,120296442;0,325424813;0,767241217;-0,291634061;-1,247399744;-1,334720619;-0,986596079
-1,26739487;-1,418203388;-0,353632874;-0,000838390000000071;-1,002662741;-1,120296442;0,325424813;0,767241217;-0,291634061;-1,247399744;-1,334720619
-0,381315779;-1,26739487;-1,418203388;-0,353632874;-0,000838390000000071;-1,002662741;-1,120296442;0,325424813;0,767241217;-0,291634061;-1,247399744
-0,61107122;-0,381315779;-1,26739487;-1,418203388;-0,353632874;-0,000838390000000071;-1,002662741;-1,120296442;0,325424813;0,767241217;-0,291634061
-1,597579248;-0,61107122;-0,381315779;-1,26739487;-1,418203388;-0,353632874;-0,000838390000000071;-1,002662741;-1,120296442;0,325424813;0,767241217
-2,406038501;-1,597579248;-0,61107122;-0,381315779;-1,26739487;-1,418203388;-0,353632874;-0,000838390000000071;-1,002662741;-1,120296442;0,325424813
-1,876181136;-2,406038501;-1,597579248;-0,61107122;-0,381315779;-1,26739487;-1,418203388;-0,353632874;-0,000838390000000071;-1,002662741;-1,120296442
0,104366088;-1,876181136;-2,406038501;-1,597579248;-0,61107122;-0,381315779;-1,26739487;-1,418203388;-0,353632874;-0,000838390000000071;-1,002662741
0,268086793;0,104366088;-1,876181136;-2,406038501;-1,597579248;-0,61107122;-0,381315779;-1,26739487;-1,418203388;-0,353632874;-0,000838390000000071
-1,871481917;0,268086793;0,104366088;-1,876181136;-2,406038501;-1,597579248;-0,61107122;-0,381315779;-1,26739487;-1,418203388;-0,353632874
-3,13904014;-1,871481917;0,268086793;0,104366088;-1,876181136;-2,406038501;-1,597579248;-0,61107122;-0,381315779;-1,26739487;-1,418203388
-1,532786766;-3,13904014;-1,871481917;0,268086793;0,104366088;-1,876181136;-2,406038501;-1,597579248;-0,61107122;-0,381315779;-1,26739487
-0,447695504;-1,532786766;-3,13904014;-1,871481917;0,268086793;0,104366088;-1,876181136;-2,406038501;-1,597579248;-0,61107122;-0,381315779
-1,93850794;-0,447695504;-1,532786766;-3,13904014;-1,871481917;0,268086793;0,104366088;-1,876181136;-2,406038501;-1,597579248;-0,61107122
-2,393254062;-1,93850794;-0,447695504;-1,532786766;-3,13904014;-1,871481917;0,268086793;0,104366088;-1,876181136;-2,406038501;-1,597579248
-1,231763036;-2,393254062;-1,93850794;-0,447695504;-1,532786766;-3,13904014;-1,871481917;0,268086793;0,104366088;-1,876181136;-2,406038501
-0,45325901;-1,231763036;-2,393254062;-1,93850794;-0,447695504;-1,532786766;-3,13904014;-1,871481917;0,268086793;0,104366088;-1,876181136
-1,984104057;-0,45325901;-1,231763036;-2,393254062;-1,93850794;-0,447695504;-1,532786766;-3,13904014;-1,871481917;0,268086793;0,104366088
-5,389290571;-1,984104057;-0,45325901;-1,231763036;-2,393254062;-1,93850794;-0,447695504;-1,532786766;-3,13904014;-1,871481917;0,268086793
