"YN_L1";"YN_L2";"YN_L3";"YN_L4";"YN_L5";"YN_L6";"YN_L7";"YN_L8";"YN_L9";"YN_L10";"YN_L11"
1,063813205;1,461135964;4,718530491;7,395084398;5,036275136;2,230279844;2,805337782;3,067187228;-0,083058057;-1,141413122;2,099883826
2,023199104;1,063813205;1,461135964;4,718530491;7,395084398;5,036275136;2,230279844;2,805337782;3,067187228;-0,083058057;-1,141413122
1,451752959;2,023199104;1,063813205;1,461135964;4,718530491;7,395084398;5,036275136;2,230279844;2,805337782;3,067187228;-0,083058057
0,922615091;1,451752959;2,023199104;1,063813205;1,461135964;4,718530491;7,395084398;5,036275136;2,230279844;2,805337782;3,067187228
1,925537231;0,922615091;1,451752959;2,023199104;1,063813205;1,461135964;4,718530491;7,395084398;5,036275136;2,230279844;2,805337782
1,446891214;1,925537231;0,922615091;1,451752959;2,023199104;1,063813205;1,461135964;4,718530491;7,395084398;5,036275136;2,230279844
0,315142959;1,446891214;1,925537231;0,922615091;1,451752959;2,023199104;1,063813205;1,461135964;4,718530491;7,395084398;5,036275136
2,494888604;0,315142959;1,446891214;1,925537231;0,922615091;1,451752959;2,023199104;1,063813205;1,461135964;4,718530491;7,395084398
6,86049253;2,494888604;0,315142959;1,446891214;1,925537231;0,922615091;1,451752959;2,023199104;1,063813205;1,461135964;4,718530491
8,588201055;6,86049253;2,494888604;0,315142959;1,446891214;1,925537231;0,922615091;1,451752959;2,023199104;1,063813205;1,461135964
5,9124709;8,588201055;6,86049253;2,494888604;0,315142959;1,446891214;1,925537231;0,922615091;1,451752959;2,023199104;1,063813205
4,301859329;5,9124709;8,588201055;6,86049253;2,494888604;0,315142959;1,446891214;1,925537231;0,922615091;1,451752959;2,023199104
5,580240498;4,301859329;5,9124709;8,588201055;6,86049253;2,494888604;0,315142959;1,446891214;1,925537231;0,922615091;1,451752959
5,702408484;5,580240498;4,301859329;5,9124709;8,588201055;6,86049253;2,494888604;0,315142959;1,446891214;1,925537231;0,922615091
2,625569066;5,702408484;5,580240498;4,301859329;5,9124709;8,588201055;6,86049253;2,494888604;0,315142959;1,446891214;1,925537231
-0,998263549;2,625569066;5,702408484;5,580240498;4,301859329;5,9124709;8,588201055;6,86049253;2,494888604;0,315142959;1,446891214
-0,913878618;-0,998263549;2,625569066;5,702408484;5,580240498;4,301859329;5,9124709;8,588201055;6,86049253;2,494888604;0,315142959
0,606238298;-0,913878618;-0,998263549;2,625569066;5,702408484;5,580240498;4,301859329;5,9124709;8,588201055;6,86049253;2,494888604
0,943874866;0,606238298;-0,913878618;-0,998263549;2,625569066;5,702408484;5,580240498;4,301859329;5,9124709;8,588201055;6,86049253
1,184052971;0,943874866;0,606238298;-0,913878618;-0,998263549;2,625569066;5,702408484;5,580240498;4,301859329;5,9124709;8,588201055
2,323108396;1,184052971;0,943874866;0,606238298;-0,913878618;-0,998263549;2,625569066;5,702408484;5,580240498;4,301859329;5,9124709
2,516839599;2,323108396;1,184052971;0,943874866;0,606238298;-0,913878618;-0,998263549;2,625569066;5,702408484;5,580240498;4,301859329
-0,0380463479999999;2,516839599;2,323108396;1,184052971;0,943874866;0,606238298;-0,913878618;-0,998263549;2,625569066;5,702408484;5,580240498
-0,501205402;-0,0380463479999999;2,516839599;2,323108396;1,184052971;0,943874866;0,606238298;-0,913878618;-0,998263549;2,625569066;5,702408484
2,619215873;-0,501205402;-0,0380463479999999;2,516839599;2,323108396;1,184052971;0,943874866;0,606238298;-0,913878618;-0,998263549;2,625569066
5,68098687;2,619215873;-0,501205402;-0,0380463479999999;2,516839599;2,323108396;1,184052971;0,943874866;0,606238298;-0,913878618;-0,998263549
5,207739585;5,68098687;2,619215873;-0,501205402;-0,0380463479999999;2,516839599;2,323108396;1,184052971;0,943874866;0,606238298;-0,913878618
2,183230515;5,207739585;5,68098687;2,619215873;-0,501205402;-0,0380463479999999;2,516839599;2,323108396;1,184052971;0,943874866;0,606238298
0,0677207080000002;2,183230515;5,207739585;5,68098687;2,619215873;-0,501205402;-0,0380463479999999;2,516839599;2,323108396;1,184052971;0,943874866
-2,076279949;0,0677207080000002;2,183230515;5,207739585;5,68098687;2,619215873;-0,501205402;-0,0380463479999999;2,516839599;2,323108396;1,184052971
-4,541206099;-2,076279949;0,0677207080000002;2,183230515;5,207739585;5,68098687;2,619215873;-0,501205402;-0,0380463479999999;2,516839599;2,323108396
-4,948642256;-4,541206099;-2,076279949;0,0677207080000002;2,183230515;5,207739585;5,68098687;2,619215873;-0,501205402;-0,0380463479999999;2,516839599
-3,02402365;-4,948642256;-4,541206099;-2,076279949;0,0677207080000002;2,183230515;5,207739585;5,68098687;2,619215873;-0,501205402;-0,0380463479999999
-1,553455603;-3,02402365;-4,948642256;-4,541206099;-2,076279949;0,0677207080000002;2,183230515;5,207739585;5,68098687;2,619215873;-0,501205402
-2,862859967;-1,553455603;-3,02402365;-4,948642256;-4,541206099;-2,076279949;0,0677207080000002;2,183230515;5,207739585;5,68098687;2,619215873
-3,307604599;-2,862859967;-1,553455603;-3,02402365;-4,948642256;-4,541206099;-2,076279949;0,0677207080000002;2,183230515;5,207739585;5,68098687
-1,282396564;-3,307604599;-2,862859967;-1,553455603;-3,02402365;-4,948642256;-4,541206099;-2,076279949;0,0677207080000002;2,183230515;5,207739585
0,405762704;-1,282396564;-3,307604599;-2,862859967;-1,553455603;-3,02402365;-4,948642256;-4,541206099;-2,076279949;0,0677207080000002;2,183230515
0,2607091;0,405762704;-1,282396564;-3,307604599;-2,862859967;-1,553455603;-3,02402365;-4,948642256;-4,541206099;-2,076279949;0,0677207080000002
0,72179122;0,2607091;0,405762704;-1,282396564;-3,307604599;-2,862859967;-1,553455603;-3,02402365;-4,948642256;-4,541206099;-2,076279949
1,596637104;0,72179122;0,2607091;0,405762704;-1,282396564;-3,307604599;-2,862859967;-1,553455603;-3,02402365;-4,948642256;-4,541206099
0,337742318;1,596637104;0,72179122;0,2607091;0,405762704;-1,282396564;-3,307604599;-2,862859967;-1,553455603;-3,02402365;-4,948642256
-1,370967679;0,337742318;1,596637104;0,72179122;0,2607091;0,405762704;-1,282396564;-3,307604599;-2,862859967;-1,553455603;-3,02402365
-0,352447621;-1,370967679;0,337742318;1,596637104;0,72179122;0,2607091;0,405762704;-1,282396564;-3,307604599;-2,862859967;-1,553455603
1,741683086;-0,352447621;-1,370967679;0,337742318;1,596637104;0,72179122;0,2607091;0,405762704;-1,282396564;-3,307604599;-2,862859967
2,608257932;1,741683086;-0,352447621;-1,370967679;0,337742318;1,596637104;0,72179122;0,2607091;0,405762704;-1,282396564;-3,307604599
1,940509943;2,608257932;1,741683086;-0,352447621;-1,370967679;0,337742318;1,596637104;0,72179122;0,2607091;0,405762704;-1,282396564
2,132769244;1,940509943;2,608257932;1,741683086;-0,352447621;-1,370967679;0,337742318;1,596637104;0,72179122;0,2607091;0,405762704
2,855319623;2,132769244;1,940509943;2,608257932;1,741683086;-0,352447621;-1,370967679;0,337742318;1,596637104;0,72179122;0,2607091
2,093382888;2,855319623;2,132769244;1,940509943;2,608257932;1,741683086;-0,352447621;-1,370967679;0,337742318;1,596637104;0,72179122
-0,697619297;2,093382888;2,855319623;2,132769244;1,940509943;2,608257932;1,741683086;-0,352447621;-1,370967679;0,337742318;1,596637104
-2,969518758;-0,697619297;2,093382888;2,855319623;2,132769244;1,940509943;2,608257932;1,741683086;-0,352447621;-1,370967679;0,337742318
-2,277280968;-2,969518758;-0,697619297;2,093382888;2,855319623;2,132769244;1,940509943;2,608257932;1,741683086;-0,352447621;-1,370967679
0,299785591;-2,277280968;-2,969518758;-0,697619297;2,093382888;2,855319623;2,132769244;1,940509943;2,608257932;1,741683086;-0,352447621
1,77934644;0,299785591;-2,277280968;-2,969518758;-0,697619297;2,093382888;2,855319623;2,132769244;1,940509943;2,608257932;1,741683086
2,522556664;1,77934644;0,299785591;-2,277280968;-2,969518758;-0,697619297;2,093382888;2,855319623;2,132769244;1,940509943;2,608257932
3,564441199;2,522556664;1,77934644;0,299785591;-2,277280968;-2,969518758;-0,697619297;2,093382888;2,855319623;2,132769244;1,940509943
4,317483919;3,564441199;2,522556664;1,77934644;0,299785591;-2,277280968;-2,969518758;-0,697619297;2,093382888;2,855319623;2,132769244
2,945580326;4,317483919;3,564441199;2,522556664;1,77934644;0,299785591;-2,277280968;-2,969518758;-0,697619297;2,093382888;2,855319623
1,550127588;2,945580326;4,317483919;3,564441199;2,522556664;1,77934644;0,299785591;-2,277280968;-2,969518758;-0,697619297;2,093382888
0,343856969;1,550127588;2,945580326;4,317483919;3,564441199;2,522556664;1,77934644;0,299785591;-2,277280968;-2,969518758;-0,697619297
-1,670150182;0,343856969;1,550127588;2,945580326;4,317483919;3,564441199;2,522556664;1,77934644;0,299785591;-2,277280968;-2,969518758
-4,067154489;-1,670150182;0,343856969;1,550127588;2,945580326;4,317483919;3,564441199;2,522556664;1,77934644;0,299785591;-2,277280968
-4,867834377;-4,067154489;-1,670150182;0,343856969;1,550127588;2,945580326;4,317483919;3,564441199;2,522556664;1,77934644;0,299785591
-3,585415167;-4,867834377;-4,067154489;-1,670150182;0,343856969;1,550127588;2,945580326;4,317483919;3,564441199;2,522556664;1,77934644
-3,006599962;-3,585415167;-4,867834377;-4,067154489;-1,670150182;0,343856969;1,550127588;2,945580326;4,317483919;3,564441199;2,522556664
-3,057296263;-3,006599962;-3,585415167;-4,867834377;-4,067154489;-1,670150182;0,343856969;1,550127588;2,945580326;4,317483919;3,564441199
-1,886528144;-3,057296263;-3,006599962;-3,585415167;-4,867834377;-4,067154489;-1,670150182;0,343856969;1,550127588;2,945580326;4,317483919
-0,063786127;-1,886528144;-3,057296263;-3,006599962;-3,585415167;-4,867834377;-4,067154489;-1,670150182;0,343856969;1,550127588;2,945580326
0,850554755;-0,063786127;-1,886528144;-3,057296263;-3,006599962;-3,585415167;-4,867834377;-4,067154489;-1,670150182;0,343856969;1,550127588
0,019919545;0,850554755;-0,063786127;-1,886528144;-3,057296263;-3,006599962;-3,585415167;-4,867834377;-4,067154489;-1,670150182;0,343856969
0,189166809;0,019919545;0,850554755;-0,063786127;-1,886528144;-3,057296263;-3,006599962;-3,585415167;-4,867834377;-4,067154489;-1,670150182
1,147370977;0,189166809;0,019919545;0,850554755;-0,063786127;-1,886528144;-3,057296263;-3,006599962;-3,585415167;-4,867834377;-4,067154489
0,941062764;1,147370977;0,189166809;0,019919545;0,850554755;-0,063786127;-1,886528144;-3,057296263;-3,006599962;-3,585415167;-4,867834377
-1,393073343;0,941062764;1,147370977;0,189166809;0,019919545;0,850554755;-0,063786127;-1,886528144;-3,057296263;-3,006599962;-3,585415167
-3,103783744;-1,393073343;0,941062764;1,147370977;0,189166809;0,019919545;0,850554755;-0,063786127;-1,886528144;-3,057296263;-3,006599962
-1,74852038;-3,103783744;-1,393073343;0,941062764;1,147370977;0,189166809;0,019919545;0,850554755;-0,063786127;-1,886528144;-3,057296263
0,662027068;-1,74852038;-3,103783744;-1,393073343;0,941062764;1,147370977;0,189166809;0,019919545;0,850554755;-0,063786127;-1,886528144
1,786099388;0,662027068;-1,74852038;-3,103783744;-1,393073343;0,941062764;1,147370977;0,189166809;0,019919545;0,850554755;-0,063786127
2,250339113;1,786099388;0,662027068;-1,74852038;-3,103783744;-1,393073343;0,941062764;1,147370977;0,189166809;0,019919545;0,850554755
2,80848912;2,250339113;1,786099388;0,662027068;-1,74852038;-3,103783744;-1,393073343;0,941062764;1,147370977;0,189166809;0,019919545
2,281527352;2,80848912;2,250339113;1,786099388;0,662027068;-1,74852038;-3,103783744;-1,393073343;0,941062764;1,147370977;0,189166809
0,833646081;2,281527352;2,80848912;2,250339113;1,786099388;0,662027068;-1,74852038;-3,103783744;-1,393073343;0,941062764;1,147370977
1,444821997;0,833646081;2,281527352;2,80848912;2,250339113;1,786099388;0,662027068;-1,74852038;-3,103783744;-1,393073343;0,941062764
2,691480138;1,444821997;0,833646081;2,281527352;2,80848912;2,250339113;1,786099388;0,662027068;-1,74852038;-3,103783744;-1,393073343
1,419005486;2,691480138;1,444821997;0,833646081;2,281527352;2,80848912;2,250339113;1,786099388;0,662027068;-1,74852038;-3,103783744
-2,148888522;1,419005486;2,691480138;1,444821997;0,833646081;2,281527352;2,80848912;2,250339113;1,786099388;0,662027068;-1,74852038
-4,642319376;-2,148888522;1,419005486;2,691480138;1,444821997;0,833646081;2,281527352;2,80848912;2,250339113;1,786099388;0,662027068
-4,983492992;-4,642319376;-2,148888522;1,419005486;2,691480138;1,444821997;0,833646081;2,281527352;2,80848912;2,250339113;1,786099388
-5,667515081;-4,983492992;-4,642319376;-2,148888522;1,419005486;2,691480138;1,444821997;0,833646081;2,281527352;2,80848912;2,250339113
-5,812675526;-5,667515081;-4,983492992;-4,642319376;-2,148888522;1,419005486;2,691480138;1,444821997;0,833646081;2,281527352;2,80848912
-4,847382263;-5,812675526;-5,667515081;-4,983492992;-4,642319376;-2,148888522;1,419005486;2,691480138;1,444821997;0,833646081;2,281527352
-4,253391308;-4,847382263;-5,812675526;-5,667515081;-4,983492992;-4,642319376;-2,148888522;1,419005486;2,691480138;1,444821997;0,833646081
-4,283058187;-4,253391308;-4,847382263;-5,812675526;-5,667515081;-4,983492992;-4,642319376;-2,148888522;1,419005486;2,691480138;1,444821997
-4,490809012;-4,283058187;-4,253391308;-4,847382263;-5,812675526;-5,667515081;-4,983492992;-4,642319376;-2,148888522;1,419005486;2,691480138
-3,103694544;-4,490809012;-4,283058187;-4,253391308;-4,847382263;-5,812675526;-5,667515081;-4,983492992;-4,642319376;-2,148888522;1,419005486
-2,932631866;-3,103694544;-4,490809012;-4,283058187;-4,253391308;-4,847382263;-5,812675526;-5,667515081;-4,983492992;-4,642319376;-2,148888522
-5,760146898;-2,932631866;-3,103694544;-4,490809012;-4,283058187;-4,253391308;-4,847382263;-5,812675526;-5,667515081;-4,983492992;-4,642319376
-9,888776249;-5,760146898;-2,932631866;-3,103694544;-4,490809012;-4,283058187;-4,253391308;-4,847382263;-5,812675526;-5,667515081;-4,983492992
-13,885720889;-9,888776249;-5,760146898;-2,932631866;-3,103694544;-4,490809012;-4,283058187;-4,253391308;-4,847382263;-5,812675526;-5,667515081
-15,955591741;-13,885720889;-9,888776249;-5,760146898;-2,932631866;-3,103694544;-4,490809012;-4,283058187;-4,253391308;-4,847382263;-5,812675526
-15,792475715;-15,955591741;-13,885720889;-9,888776249;-5,760146898;-2,932631866;-3,103694544;-4,490809012;-4,283058187;-4,253391308;-4,847382263
-12,638052963;-15,792475715;-15,955591741;-13,885720889;-9,888776249;-5,760146898;-2,932631866;-3,103694544;-4,490809012;-4,283058187;-4,253391308
-7,885325589;-12,638052963;-15,792475715;-15,955591741;-13,885720889;-9,888776249;-5,760146898;-2,932631866;-3,103694544;-4,490809012;-4,283058187
-5,165467194;-7,885325589;-12,638052963;-15,792475715;-15,955591741;-13,885720889;-9,888776249;-5,760146898;-2,932631866;-3,103694544;-4,490809012
-5,759971964;-5,165467194;-7,885325589;-12,638052963;-15,792475715;-15,955591741;-13,885720889;-9,888776249;-5,760146898;-2,932631866;-3,103694544
-8,656350117;-5,759971964;-5,165467194;-7,885325589;-12,638052963;-15,792475715;-15,955591741;-13,885720889;-9,888776249;-5,760146898;-2,932631866
-9,912268106;-8,656350117;-5,759971964;-5,165467194;-7,885325589;-12,638052963;-15,792475715;-15,955591741;-13,885720889;-9,888776249;-5,760146898
-9,373916509;-9,912268106;-8,656350117;-5,759971964;-5,165467194;-7,885325589;-12,638052963;-15,792475715;-15,955591741;-13,885720889;-9,888776249
-10,452943074;-9,373916509;-9,912268106;-8,656350117;-5,759971964;-5,165467194;-7,885325589;-12,638052963;-15,792475715;-15,955591741;-13,885720889
-14,560920971;-10,452943074;-9,373916509;-9,912268106;-8,656350117;-5,759971964;-5,165467194;-7,885325589;-12,638052963;-15,792475715;-15,955591741
-17,538428448;-14,560920971;-10,452943074;-9,373916509;-9,912268106;-8,656350117;-5,759971964;-5,165467194;-7,885325589;-12,638052963;-15,792475715
-16,369210548;-17,538428448;-14,560920971;-10,452943074;-9,373916509;-9,912268106;-8,656350117;-5,759971964;-5,165467194;-7,885325589;-12,638052963
-14,001781014;-16,369210548;-17,538428448;-14,560920971;-10,452943074;-9,373916509;-9,912268106;-8,656350117;-5,759971964;-5,165467194;-7,885325589
-13,046798749;-14,001781014;-16,369210548;-17,538428448;-14,560920971;-10,452943074;-9,373916509;-9,912268106;-8,656350117;-5,759971964;-5,165467194
-13,950510039;-13,046798749;-14,001781014;-16,369210548;-17,538428448;-14,560920971;-10,452943074;-9,373916509;-9,912268106;-8,656350117;-5,759971964
-16,278652573;-13,950510039;-13,046798749;-14,001781014;-16,369210548;-17,538428448;-14,560920971;-10,452943074;-9,373916509;-9,912268106;-8,656350117
-17,640032723;-16,278652573;-13,950510039;-13,046798749;-14,001781014;-16,369210548;-17,538428448;-14,560920971;-10,452943074;-9,373916509;-9,912268106
-16,337046799;-17,640032723;-16,278652573;-13,950510039;-13,046798749;-14,001781014;-16,369210548;-17,538428448;-14,560920971;-10,452943074;-9,373916509
-12,382688809;-16,337046799;-17,640032723;-16,278652573;-13,950510039;-13,046798749;-14,001781014;-16,369210548;-17,538428448;-14,560920971;-10,452943074
-10,398846033;-12,382688809;-16,337046799;-17,640032723;-16,278652573;-13,950510039;-13,046798749;-14,001781014;-16,369210548;-17,538428448;-14,560920971
-12,108861784;-10,398846033;-12,382688809;-16,337046799;-17,640032723;-16,278652573;-13,950510039;-13,046798749;-14,001781014;-16,369210548;-17,538428448
-14,722159186;-12,108861784;-10,398846033;-12,382688809;-16,337046799;-17,640032723;-16,278652573;-13,950510039;-13,046798749;-14,001781014;-16,369210548
-15,7825432;-14,722159186;-12,108861784;-10,398846033;-12,382688809;-16,337046799;-17,640032723;-16,278652573;-13,950510039;-13,046798749;-14,001781014
-17,120285529;-15,7825432;-14,722159186;-12,108861784;-10,398846033;-12,382688809;-16,337046799;-17,640032723;-16,278652573;-13,950510039;-13,046798749
-21,028302663;-17,120285529;-15,7825432;-14,722159186;-12,108861784;-10,398846033;-12,382688809;-16,337046799;-17,640032723;-16,278652573;-13,950510039
-22,599825469;-21,028302663;-17,120285529;-15,7825432;-14,722159186;-12,108861784;-10,398846033;-12,382688809;-16,337046799;-17,640032723;-16,278652573
-19,700713898;-22,599825469;-21,028302663;-17,120285529;-15,7825432;-14,722159186;-12,108861784;-10,398846033;-12,382688809;-16,337046799;-17,640032723
-17,751090129;-19,700713898;-22,599825469;-21,028302663;-17,120285529;-15,7825432;-14,722159186;-12,108861784;-10,398846033;-12,382688809;-16,337046799
-19,855744024;-17,751090129;-19,700713898;-22,599825469;-21,028302663;-17,120285529;-15,7825432;-14,722159186;-12,108861784;-10,398846033;-12,382688809
-21,039053811;-19,855744024;-17,751090129;-19,700713898;-22,599825469;-21,028302663;-17,120285529;-15,7825432;-14,722159186;-12,108861784;-10,398846033
-15,115839242;-21,039053811;-19,855744024;-17,751090129;-19,700713898;-22,599825469;-21,028302663;-17,120285529;-15,7825432;-14,722159186;-12,108861784
-7,813115093;-15,115839242;-21,039053811;-19,855744024;-17,751090129;-19,700713898;-22,599825469;-21,028302663;-17,120285529;-15,7825432;-14,722159186
-6,786451875;-7,813115093;-15,115839242;-21,039053811;-19,855744024;-17,751090129;-19,700713898;-22,599825469;-21,028302663;-17,120285529;-15,7825432
-12,734215884;-6,786451875;-7,813115093;-15,115839242;-21,039053811;-19,855744024;-17,751090129;-19,700713898;-22,599825469;-21,028302663;-17,120285529
-19,592983793;-12,734215884;-6,786451875;-7,813115093;-15,115839242;-21,039053811;-19,855744024;-17,751090129;-19,700713898;-22,599825469;-21,028302663
-20,861378125;-19,592983793;-12,734215884;-6,786451875;-7,813115093;-15,115839242;-21,039053811;-19,855744024;-17,751090129;-19,700713898;-22,599825469
-16,719539796;-20,861378125;-19,592983793;-12,734215884;-6,786451875;-7,813115093;-15,115839242;-21,039053811;-19,855744024;-17,751090129;-19,700713898
-11,593025645;-16,719539796;-20,861378125;-19,592983793;-12,734215884;-6,786451875;-7,813115093;-15,115839242;-21,039053811;-19,855744024;-17,751090129
-9,669809147;-11,593025645;-16,719539796;-20,861378125;-19,592983793;-12,734215884;-6,786451875;-7,813115093;-15,115839242;-21,039053811;-19,855744024
-9,709905903;-9,669809147;-11,593025645;-16,719539796;-20,861378125;-19,592983793;-12,734215884;-6,786451875;-7,813115093;-15,115839242;-21,039053811
-7,932458309;-9,709905903;-9,669809147;-11,593025645;-16,719539796;-20,861378125;-19,592983793;-12,734215884;-6,786451875;-7,813115093;-15,115839242
-4,130052775;-7,932458309;-9,709905903;-9,669809147;-11,593025645;-16,719539796;-20,861378125;-19,592983793;-12,734215884;-6,786451875;-7,813115093
-0,14851488;-4,130052775;-7,932458309;-9,709905903;-9,669809147;-11,593025645;-16,719539796;-20,861378125;-19,592983793;-12,734215884;-6,786451875
0,956665624;-0,14851488;-4,130052775;-7,932458309;-9,709905903;-9,669809147;-11,593025645;-16,719539796;-20,861378125;-19,592983793;-12,734215884
-0,365634255;0,956665624;-0,14851488;-4,130052775;-7,932458309;-9,709905903;-9,669809147;-11,593025645;-16,719539796;-20,861378125;-19,592983793
-2,484665052;-0,365634255;0,956665624;-0,14851488;-4,130052775;-7,932458309;-9,709905903;-9,669809147;-11,593025645;-16,719539796;-20,861378125
-4,158188508;-2,484665052;-0,365634255;0,956665624;-0,14851488;-4,130052775;-7,932458309;-9,709905903;-9,669809147;-11,593025645;-16,719539796
-3,235078424;-4,158188508;-2,484665052;-0,365634255;0,956665624;-0,14851488;-4,130052775;-7,932458309;-9,709905903;-9,669809147;-11,593025645
-0,305194061;-3,235078424;-4,158188508;-2,484665052;-0,365634255;0,956665624;-0,14851488;-4,130052775;-7,932458309;-9,709905903;-9,669809147
2,917265511;-0,305194061;-3,235078424;-4,158188508;-2,484665052;-0,365634255;0,956665624;-0,14851488;-4,130052775;-7,932458309;-9,709905903
4,918671231;2,917265511;-0,305194061;-3,235078424;-4,158188508;-2,484665052;-0,365634255;0,956665624;-0,14851488;-4,130052775;-7,932458309
5,401456157;4,918671231;2,917265511;-0,305194061;-3,235078424;-4,158188508;-2,484665052;-0,365634255;0,956665624;-0,14851488;-4,130052775
5,387924139;5,401456157;4,918671231;2,917265511;-0,305194061;-3,235078424;-4,158188508;-2,484665052;-0,365634255;0,956665624;-0,14851488
4,484636023;5,387924139;5,401456157;4,918671231;2,917265511;-0,305194061;-3,235078424;-4,158188508;-2,484665052;-0,365634255;0,956665624
4,213154082;4,484636023;5,387924139;5,401456157;4,918671231;2,917265511;-0,305194061;-3,235078424;-4,158188508;-2,484665052;-0,365634255
4,01488822;4,213154082;4,484636023;5,387924139;5,401456157;4,918671231;2,917265511;-0,305194061;-3,235078424;-4,158188508;-2,484665052
3,425613728;4,01488822;4,213154082;4,484636023;5,387924139;5,401456157;4,918671231;2,917265511;-0,305194061;-3,235078424;-4,158188508
2,307503591;3,425613728;4,01488822;4,213154082;4,484636023;5,387924139;5,401456157;4,918671231;2,917265511;-0,305194061;-3,235078424
1,737043267;2,307503591;3,425613728;4,01488822;4,213154082;4,484636023;5,387924139;5,401456157;4,918671231;2,917265511;-0,305194061
3,7113147;1,737043267;2,307503591;3,425613728;4,01488822;4,213154082;4,484636023;5,387924139;5,401456157;4,918671231;2,917265511
5,99081935;3,7113147;1,737043267;2,307503591;3,425613728;4,01488822;4,213154082;4,484636023;5,387924139;5,401456157;4,918671231
5,584555952;5,99081935;3,7113147;1,737043267;2,307503591;3,425613728;4,01488822;4,213154082;4,484636023;5,387924139;5,401456157
2,892065236;5,584555952;5,99081935;3,7113147;1,737043267;2,307503591;3,425613728;4,01488822;4,213154082;4,484636023;5,387924139
1,313444663;2,892065236;5,584555952;5,99081935;3,7113147;1,737043267;2,307503591;3,425613728;4,01488822;4,213154082;4,484636023
2,153133895;1,313444663;2,892065236;5,584555952;5,99081935;3,7113147;1,737043267;2,307503591;3,425613728;4,01488822;4,213154082
2,96330456;2,153133895;1,313444663;2,892065236;5,584555952;5,99081935;3,7113147;1,737043267;2,307503591;3,425613728;4,01488822
4,706824088;2,96330456;2,153133895;1,313444663;2,892065236;5,584555952;5,99081935;3,7113147;1,737043267;2,307503591;3,425613728
7,443667453;4,706824088;2,96330456;2,153133895;1,313444663;2,892065236;5,584555952;5,99081935;3,7113147;1,737043267;2,307503591
9,583662412;7,443667453;4,706824088;2,96330456;2,153133895;1,313444663;2,892065236;5,584555952;5,99081935;3,7113147;1,737043267
9,976051621;9,583662412;7,443667453;4,706824088;2,96330456;2,153133895;1,313444663;2,892065236;5,584555952;5,99081935;3,7113147
10,669485242;9,976051621;9,583662412;7,443667453;4,706824088;2,96330456;2,153133895;1,313444663;2,892065236;5,584555952;5,99081935
12,53119353;10,669485242;9,976051621;9,583662412;7,443667453;4,706824088;2,96330456;2,153133895;1,313444663;2,892065236;5,584555952
12,385714515;12,53119353;10,669485242;9,976051621;9,583662412;7,443667453;4,706824088;2,96330456;2,153133895;1,313444663;2,892065236
10,667601543;12,385714515;12,53119353;10,669485242;9,976051621;9,583662412;7,443667453;4,706824088;2,96330456;2,153133895;1,313444663
9,895017834;10,667601543;12,385714515;12,53119353;10,669485242;9,976051621;9,583662412;7,443667453;4,706824088;2,96330456;2,153133895
11,230394984;9,895017834;10,667601543;12,385714515;12,53119353;10,669485242;9,976051621;9,583662412;7,443667453;4,706824088;2,96330456
12,757918787;11,230394984;9,895017834;10,667601543;12,385714515;12,53119353;10,669485242;9,976051621;9,583662412;7,443667453;4,706824088
11,979830293;12,757918787;11,230394984;9,895017834;10,667601543;12,385714515;12,53119353;10,669485242;9,976051621;9,583662412;7,443667453
9,887538989;11,979830293;12,757918787;11,230394984;9,895017834;10,667601543;12,385714515;12,53119353;10,669485242;9,976051621;9,583662412
7,846228677;9,887538989;11,979830293;12,757918787;11,230394984;9,895017834;10,667601543;12,385714515;12,53119353;10,669485242;9,976051621
7,029779849;7,846228677;9,887538989;11,979830293;12,757918787;11,230394984;9,895017834;10,667601543;12,385714515;12,53119353;10,669485242
8,022523048;7,029779849;7,846228677;9,887538989;11,979830293;12,757918787;11,230394984;9,895017834;10,667601543;12,385714515;12,53119353
9,31231737;8,022523048;7,029779849;7,846228677;9,887538989;11,979830293;12,757918787;11,230394984;9,895017834;10,667601543;12,385714515
9,770544411;9,31231737;8,022523048;7,029779849;7,846228677;9,887538989;11,979830293;12,757918787;11,230394984;9,895017834;10,667601543
8,825288501;9,770544411;9,31231737;8,022523048;7,029779849;7,846228677;9,887538989;11,979830293;12,757918787;11,230394984;9,895017834
8,244537808;8,825288501;9,770544411;9,31231737;8,022523048;7,029779849;7,846228677;9,887538989;11,979830293;12,757918787;11,230394984
9,18384888;8,244537808;8,825288501;9,770544411;9,31231737;8,022523048;7,029779849;7,846228677;9,887538989;11,979830293;12,757918787
9,304836009;9,18384888;8,244537808;8,825288501;9,770544411;9,31231737;8,022523048;7,029779849;7,846228677;9,887538989;11,979830293
8,063768354;9,304836009;9,18384888;8,244537808;8,825288501;9,770544411;9,31231737;8,022523048;7,029779849;7,846228677;9,887538989
5,567431379;8,063768354;9,304836009;9,18384888;8,244537808;8,825288501;9,770544411;9,31231737;8,022523048;7,029779849;7,846228677
2,867334613;5,567431379;8,063768354;9,304836009;9,18384888;8,244537808;8,825288501;9,770544411;9,31231737;8,022523048;7,029779849
1,364826437;2,867334613;5,567431379;8,063768354;9,304836009;9,18384888;8,244537808;8,825288501;9,770544411;9,31231737;8,022523048
2,790097822;1,364826437;2,867334613;5,567431379;8,063768354;9,304836009;9,18384888;8,244537808;8,825288501;9,770544411;9,31231737
6,193510021;2,790097822;1,364826437;2,867334613;5,567431379;8,063768354;9,304836009;9,18384888;8,244537808;8,825288501;9,770544411
8,388285298;6,193510021;2,790097822;1,364826437;2,867334613;5,567431379;8,063768354;9,304836009;9,18384888;8,244537808;8,825288501
9,927036243;8,388285298;6,193510021;2,790097822;1,364826437;2,867334613;5,567431379;8,063768354;9,304836009;9,18384888;8,244537808
10,774745466;9,927036243;8,388285298;6,193510021;2,790097822;1,364826437;2,867334613;5,567431379;8,063768354;9,304836009;9,18384888
9,468718143;10,774745466;9,927036243;8,388285298;6,193510021;2,790097822;1,364826437;2,867334613;5,567431379;8,063768354;9,304836009
5,988051437;9,468718143;10,774745466;9,927036243;8,388285298;6,193510021;2,790097822;1,364826437;2,867334613;5,567431379;8,063768354
3,014710615;5,988051437;9,468718143;10,774745466;9,927036243;8,388285298;6,193510021;2,790097822;1,364826437;2,867334613;5,567431379
3,343111106;3,014710615;5,988051437;9,468718143;10,774745466;9,927036243;8,388285298;6,193510021;2,790097822;1,364826437;2,867334613
5,71640003;3,343111106;3,014710615;5,988051437;9,468718143;10,774745466;9,927036243;8,388285298;6,193510021;2,790097822;1,364826437
8,874694747;5,71640003;3,343111106;3,014710615;5,988051437;9,468718143;10,774745466;9,927036243;8,388285298;6,193510021;2,790097822
11,064646206;8,874694747;5,71640003;3,343111106;3,014710615;5,988051437;9,468718143;10,774745466;9,927036243;8,388285298;6,193510021
10,257037975;11,064646206;8,874694747;5,71640003;3,343111106;3,014710615;5,988051437;9,468718143;10,774745466;9,927036243;8,388285298
8,104204773;10,257037975;11,064646206;8,874694747;5,71640003;3,343111106;3,014710615;5,988051437;9,468718143;10,774745466;9,927036243
6,698436889;8,104204773;10,257037975;11,064646206;8,874694747;5,71640003;3,343111106;3,014710615;5,988051437;9,468718143;10,774745466
5,732537804;6,698436889;8,104204773;10,257037975;11,064646206;8,874694747;5,71640003;3,343111106;3,014710615;5,988051437;9,468718143
4,566119341;5,732537804;6,698436889;8,104204773;10,257037975;11,064646206;8,874694747;5,71640003;3,343111106;3,014710615;5,988051437
5,225121937;4,566119341;5,732537804;6,698436889;8,104204773;10,257037975;11,064646206;8,874694747;5,71640003;3,343111106;3,014710615
7,637530582;5,225121937;4,566119341;5,732537804;6,698436889;8,104204773;10,257037975;11,064646206;8,874694747;5,71640003;3,343111106
7,675352445;7,637530582;5,225121937;4,566119341;5,732537804;6,698436889;8,104204773;10,257037975;11,064646206;8,874694747;5,71640003
5,309652983;7,675352445;7,637530582;5,225121937;4,566119341;5,732537804;6,698436889;8,104204773;10,257037975;11,064646206;8,874694747
4,108687918;5,309652983;7,675352445;7,637530582;5,225121937;4,566119341;5,732537804;6,698436889;8,104204773;10,257037975;11,064646206
5,58703645;4,108687918;5,309652983;7,675352445;7,637530582;5,225121937;4,566119341;5,732537804;6,698436889;8,104204773;10,257037975
7,489471945;5,58703645;4,108687918;5,309652983;7,675352445;7,637530582;5,225121937;4,566119341;5,732537804;6,698436889;8,104204773
7,328623853;7,489471945;5,58703645;4,108687918;5,309652983;7,675352445;7,637530582;5,225121937;4,566119341;5,732537804;6,698436889
5,371490723;7,328623853;7,489471945;5,58703645;4,108687918;5,309652983;7,675352445;7,637530582;5,225121937;4,566119341;5,732537804
2,652315961;5,371490723;7,328623853;7,489471945;5,58703645;4,108687918;5,309652983;7,675352445;7,637530582;5,225121937;4,566119341
0,88065426;2,652315961;5,371490723;7,328623853;7,489471945;5,58703645;4,108687918;5,309652983;7,675352445;7,637530582;5,225121937
0,854954995;0,88065426;2,652315961;5,371490723;7,328623853;7,489471945;5,58703645;4,108687918;5,309652983;7,675352445;7,637530582
2,42722646;0,854954995;0,88065426;2,652315961;5,371490723;7,328623853;7,489471945;5,58703645;4,108687918;5,309652983;7,675352445
4,548884442;2,42722646;0,854954995;0,88065426;2,652315961;5,371490723;7,328623853;7,489471945;5,58703645;4,108687918;5,309652983
6,573071864;4,548884442;2,42722646;0,854954995;0,88065426;2,652315961;5,371490723;7,328623853;7,489471945;5,58703645;4,108687918
7,699386087;6,573071864;4,548884442;2,42722646;0,854954995;0,88065426;2,652315961;5,371490723;7,328623853;7,489471945;5,58703645
6,541523405;7,699386087;6,573071864;4,548884442;2,42722646;0,854954995;0,88065426;2,652315961;5,371490723;7,328623853;7,489471945
4,00499955;6,541523405;7,699386087;6,573071864;4,548884442;2,42722646;0,854954995;0,88065426;2,652315961;5,371490723;7,328623853
1,556838325;4,00499955;6,541523405;7,699386087;6,573071864;4,548884442;2,42722646;0,854954995;0,88065426;2,652315961;5,371490723
0,563249743;1,556838325;4,00499955;6,541523405;7,699386087;6,573071864;4,548884442;2,42722646;0,854954995;0,88065426;2,652315961
1,274109838;0,563249743;1,556838325;4,00499955;6,541523405;7,699386087;6,573071864;4,548884442;2,42722646;0,854954995;0,88065426
3,258624987;1,274109838;0,563249743;1,556838325;4,00499955;6,541523405;7,699386087;6,573071864;4,548884442;2,42722646;0,854954995
6,243832708;3,258624987;1,274109838;0,563249743;1,556838325;4,00499955;6,541523405;7,699386087;6,573071864;4,548884442;2,42722646
7,589761282;6,243832708;3,258624987;1,274109838;0,563249743;1,556838325;4,00499955;6,541523405;7,699386087;6,573071864;4,548884442
6,185298947;7,589761282;6,243832708;3,258624987;1,274109838;0,563249743;1,556838325;4,00499955;6,541523405;7,699386087;6,573071864
3,561888405;6,185298947;7,589761282;6,243832708;3,258624987;1,274109838;0,563249743;1,556838325;4,00499955;6,541523405;7,699386087
2,3430415;3,561888405;6,185298947;7,589761282;6,243832708;3,258624987;1,274109838;0,563249743;1,556838325;4,00499955;6,541523405
2,414708347;2,3430415;3,561888405;6,185298947;7,589761282;6,243832708;3,258624987;1,274109838;0,563249743;1,556838325;4,00499955
2,656323738;2,414708347;2,3430415;3,561888405;6,185298947;7,589761282;6,243832708;3,258624987;1,274109838;0,563249743;1,556838325
2,499439778;2,656323738;2,414708347;2,3430415;3,561888405;6,185298947;7,589761282;6,243832708;3,258624987;1,274109838;0,563249743
2,328159964;2,499439778;2,656323738;2,414708347;2,3430415;3,561888405;6,185298947;7,589761282;6,243832708;3,258624987;1,274109838
2,534710581;2,328159964;2,499439778;2,656323738;2,414708347;2,3430415;3,561888405;6,185298947;7,589761282;6,243832708;3,258624987
3,142207329;2,534710581;2,328159964;2,499439778;2,656323738;2,414708347;2,3430415;3,561888405;6,185298947;7,589761282;6,243832708
2,88561187;3,142207329;2,534710581;2,328159964;2,499439778;2,656323738;2,414708347;2,3430415;3,561888405;6,185298947;7,589761282
1,055434536;2,88561187;3,142207329;2,534710581;2,328159964;2,499439778;2,656323738;2,414708347;2,3430415;3,561888405;6,185298947
-0,136583175;1,055434536;2,88561187;3,142207329;2,534710581;2,328159964;2,499439778;2,656323738;2,414708347;2,3430415;3,561888405
0,889969365;-0,136583175;1,055434536;2,88561187;3,142207329;2,534710581;2,328159964;2,499439778;2,656323738;2,414708347;2,3430415
2,4731359;0,889969365;-0,136583175;1,055434536;2,88561187;3,142207329;2,534710581;2,328159964;2,499439778;2,656323738;2,414708347
2,724998353;2,4731359;0,889969365;-0,136583175;1,055434536;2,88561187;3,142207329;2,534710581;2,328159964;2,499439778;2,656323738
1,993883058;2,724998353;2,4731359;0,889969365;-0,136583175;1,055434536;2,88561187;3,142207329;2,534710581;2,328159964;2,499439778
1,17009883;1,993883058;2,724998353;2,4731359;0,889969365;-0,136583175;1,055434536;2,88561187;3,142207329;2,534710581;2,328159964
0,746927001;1,17009883;1,993883058;2,724998353;2,4731359;0,889969365;-0,136583175;1,055434536;2,88561187;3,142207329;2,534710581
1,260790795;0,746927001;1,17009883;1,993883058;2,724998353;2,4731359;0,889969365;-0,136583175;1,055434536;2,88561187;3,142207329
2,254610597;1,260790795;0,746927001;1,17009883;1,993883058;2,724998353;2,4731359;0,889969365;-0,136583175;1,055434536;2,88561187
1,553675437;2,254610597;1,260790795;0,746927001;1,17009883;1,993883058;2,724998353;2,4731359;0,889969365;-0,136583175;1,055434536
-0,230006855;1,553675437;2,254610597;1,260790795;0,746927001;1,17009883;1,993883058;2,724998353;2,4731359;0,889969365;-0,136583175
-0,628149416;-0,230006855;1,553675437;2,254610597;1,260790795;0,746927001;1,17009883;1,993883058;2,724998353;2,4731359;0,889969365
0,537902004;-0,628149416;-0,230006855;1,553675437;2,254610597;1,260790795;0,746927001;1,17009883;1,993883058;2,724998353;2,4731359
2,380953791;0,537902004;-0,628149416;-0,230006855;1,553675437;2,254610597;1,260790795;0,746927001;1,17009883;1,993883058;2,724998353
2,959897127;2,380953791;0,537902004;-0,628149416;-0,230006855;1,553675437;2,254610597;1,260790795;0,746927001;1,17009883;1,993883058
1,767766741;2,959897127;2,380953791;0,537902004;-0,628149416;-0,230006855;1,553675437;2,254610597;1,260790795;0,746927001;1,17009883
-0,132741653;1,767766741;2,959897127;2,380953791;0,537902004;-0,628149416;-0,230006855;1,553675437;2,254610597;1,260790795;0,746927001
-0,606445879;-0,132741653;1,767766741;2,959897127;2,380953791;0,537902004;-0,628149416;-0,230006855;1,553675437;2,254610597;1,260790795
0,255935081;-0,606445879;-0,132741653;1,767766741;2,959897127;2,380953791;0,537902004;-0,628149416;-0,230006855;1,553675437;2,254610597
-0,423499212;0,255935081;-0,606445879;-0,132741653;1,767766741;2,959897127;2,380953791;0,537902004;-0,628149416;-0,230006855;1,553675437
-2,905453764;-0,423499212;0,255935081;-0,606445879;-0,132741653;1,767766741;2,959897127;2,380953791;0,537902004;-0,628149416;-0,230006855
-4,345795075;-2,905453764;-0,423499212;0,255935081;-0,606445879;-0,132741653;1,767766741;2,959897127;2,380953791;0,537902004;-0,628149416
-2,955305016;-4,345795075;-2,905453764;-0,423499212;0,255935081;-0,606445879;-0,132741653;1,767766741;2,959897127;2,380953791;0,537902004
-1,17156295;-2,955305016;-4,345795075;-2,905453764;-0,423499212;0,255935081;-0,606445879;-0,132741653;1,767766741;2,959897127;2,380953791
-0,747761644;-1,17156295;-2,955305016;-4,345795075;-2,905453764;-0,423499212;0,255935081;-0,606445879;-0,132741653;1,767766741;2,959897127
-1,991971566;-0,747761644;-1,17156295;-2,955305016;-4,345795075;-2,905453764;-0,423499212;0,255935081;-0,606445879;-0,132741653;1,767766741
-2,680298412;-1,991971566;-0,747761644;-1,17156295;-2,955305016;-4,345795075;-2,905453764;-0,423499212;0,255935081;-0,606445879;-0,132741653
-1,243766808;-2,680298412;-1,991971566;-0,747761644;-1,17156295;-2,955305016;-4,345795075;-2,905453764;-0,423499212;0,255935081;-0,606445879
0,594476027;-1,243766808;-2,680298412;-1,991971566;-0,747761644;-1,17156295;-2,955305016;-4,345795075;-2,905453764;-0,423499212;0,255935081
0,818896269;0,594476027;-1,243766808;-2,680298412;-1,991971566;-0,747761644;-1,17156295;-2,955305016;-4,345795075;-2,905453764;-0,423499212
-1,237277584;0,818896269;0,594476027;-1,243766808;-2,680298412;-1,991971566;-0,747761644;-1,17156295;-2,955305016;-4,345795075;-2,905453764
-3,348425977;-1,237277584;0,818896269;0,594476027;-1,243766808;-2,680298412;-1,991971566;-0,747761644;-1,17156295;-2,955305016;-4,345795075
-3,551378172;-3,348425977;-1,237277584;0,818896269;0,594476027;-1,243766808;-2,680298412;-1,991971566;-0,747761644;-1,17156295;-2,955305016
-2,294270357;-3,551378172;-3,348425977;-1,237277584;0,818896269;0,594476027;-1,243766808;-2,680298412;-1,991971566;-0,747761644;-1,17156295
-1,922360027;-2,294270357;-3,551378172;-3,348425977;-1,237277584;0,818896269;0,594476027;-1,243766808;-2,680298412;-1,991971566;-0,747761644
-3,379627279;-1,922360027;-2,294270357;-3,551378172;-3,348425977;-1,237277584;0,818896269;0,594476027;-1,243766808;-2,680298412;-1,991971566
-5,089790228;-3,379627279;-1,922360027;-2,294270357;-3,551378172;-3,348425977;-1,237277584;0,818896269;0,594476027;-1,243766808;-2,680298412
-4,953098929;-5,089790228;-3,379627279;-1,922360027;-2,294270357;-3,551378172;-3,348425977;-1,237277584;0,818896269;0,594476027;-1,243766808
-3,576472251;-4,953098929;-5,089790228;-3,379627279;-1,922360027;-2,294270357;-3,551378172;-3,348425977;-1,237277584;0,818896269;0,594476027
-3,502052268;-3,576472251;-4,953098929;-5,089790228;-3,379627279;-1,922360027;-2,294270357;-3,551378172;-3,348425977;-1,237277584;0,818896269
-4,719405042;-3,502052268;-3,576472251;-4,953098929;-5,089790228;-3,379627279;-1,922360027;-2,294270357;-3,551378172;-3,348425977;-1,237277584
-6,15583478;-4,719405042;-3,502052268;-3,576472251;-4,953098929;-5,089790228;-3,379627279;-1,922360027;-2,294270357;-3,551378172;-3,348425977
-5,981918512;-6,15583478;-4,719405042;-3,502052268;-3,576472251;-4,953098929;-5,089790228;-3,379627279;-1,922360027;-2,294270357;-3,551378172
-3,92357088;-5,981918512;-6,15583478;-4,719405042;-3,502052268;-3,576472251;-4,953098929;-5,089790228;-3,379627279;-1,922360027;-2,294270357
-2,576465351;-3,92357088;-5,981918512;-6,15583478;-4,719405042;-3,502052268;-3,576472251;-4,953098929;-5,089790228;-3,379627279;-1,922360027
-3,850961004;-2,576465351;-3,92357088;-5,981918512;-6,15583478;-4,719405042;-3,502052268;-3,576472251;-4,953098929;-5,089790228;-3,379627279
-5,762297415;-3,850961004;-2,576465351;-3,92357088;-5,981918512;-6,15583478;-4,719405042;-3,502052268;-3,576472251;-4,953098929;-5,089790228
-5,619365677;-5,762297415;-3,850961004;-2,576465351;-3,92357088;-5,981918512;-6,15583478;-4,719405042;-3,502052268;-3,576472251;-4,953098929
-4,410809261;-5,619365677;-5,762297415;-3,850961004;-2,576465351;-3,92357088;-5,981918512;-6,15583478;-4,719405042;-3,502052268;-3,576472251
-4,453770146;-4,410809261;-5,619365677;-5,762297415;-3,850961004;-2,576465351;-3,92357088;-5,981918512;-6,15583478;-4,719405042;-3,502052268
-4,9967932;-4,453770146;-4,410809261;-5,619365677;-5,762297415;-3,850961004;-2,576465351;-3,92357088;-5,981918512;-6,15583478;-4,719405042
-5,285509843;-4,9967932;-4,453770146;-4,410809261;-5,619365677;-5,762297415;-3,850961004;-2,576465351;-3,92357088;-5,981918512;-6,15583478
-5,920616572;-5,285509843;-4,9967932;-4,453770146;-4,410809261;-5,619365677;-5,762297415;-3,850961004;-2,576465351;-3,92357088;-5,981918512
-6,960308482;-5,920616572;-5,285509843;-4,9967932;-4,453770146;-4,410809261;-5,619365677;-5,762297415;-3,850961004;-2,576465351;-3,92357088
-6,349074975;-6,960308482;-5,920616572;-5,285509843;-4,9967932;-4,453770146;-4,410809261;-5,619365677;-5,762297415;-3,850961004;-2,576465351
-4,230344343;-6,349074975;-6,960308482;-5,920616572;-5,285509843;-4,9967932;-4,453770146;-4,410809261;-5,619365677;-5,762297415;-3,850961004
-3,718869076;-4,230344343;-6,349074975;-6,960308482;-5,920616572;-5,285509843;-4,9967932;-4,453770146;-4,410809261;-5,619365677;-5,762297415
-5,155612463;-3,718869076;-4,230344343;-6,349074975;-6,960308482;-5,920616572;-5,285509843;-4,9967932;-4,453770146;-4,410809261;-5,619365677
-5,581254349;-5,155612463;-3,718869076;-4,230344343;-6,349074975;-6,960308482;-5,920616572;-5,285509843;-4,9967932;-4,453770146;-4,410809261
-4,986646895;-5,581254349;-5,155612463;-3,718869076;-4,230344343;-6,349074975;-6,960308482;-5,920616572;-5,285509843;-4,9967932;-4,453770146
-5,382265602;-4,986646895;-5,581254349;-5,155612463;-3,718869076;-4,230344343;-6,349074975;-6,960308482;-5,920616572;-5,285509843;-4,9967932
-6,945237314;-5,382265602;-4,986646895;-5,581254349;-5,155612463;-3,718869076;-4,230344343;-6,349074975;-6,960308482;-5,920616572;-5,285509843
-7,102295292;-6,945237314;-5,382265602;-4,986646895;-5,581254349;-5,155612463;-3,718869076;-4,230344343;-6,349074975;-6,960308482;-5,920616572
-5,355230258;-7,102295292;-6,945237314;-5,382265602;-4,986646895;-5,581254349;-5,155612463;-3,718869076;-4,230344343;-6,349074975;-6,960308482
-4,769382908;-5,355230258;-7,102295292;-6,945237314;-5,382265602;-4,986646895;-5,581254349;-5,155612463;-3,718869076;-4,230344343;-6,349074975
-4,389414374;-4,769382908;-5,355230258;-7,102295292;-6,945237314;-5,382265602;-4,986646895;-5,581254349;-5,155612463;-3,718869076;-4,230344343
-4,796083005;-4,389414374;-4,769382908;-5,355230258;-7,102295292;-6,945237314;-5,382265602;-4,986646895;-5,581254349;-5,155612463;-3,718869076
-6,437509841;-4,796083005;-4,389414374;-4,769382908;-5,355230258;-7,102295292;-6,945237314;-5,382265602;-4,986646895;-5,581254349;-5,155612463
-8,352729716;-6,437509841;-4,796083005;-4,389414374;-4,769382908;-5,355230258;-7,102295292;-6,945237314;-5,382265602;-4,986646895;-5,581254349
-8,39031578;-8,352729716;-6,437509841;-4,796083005;-4,389414374;-4,769382908;-5,355230258;-7,102295292;-6,945237314;-5,382265602;-4,986646895
-6,334251855;-8,39031578;-8,352729716;-6,437509841;-4,796083005;-4,389414374;-4,769382908;-5,355230258;-7,102295292;-6,945237314;-5,382265602
-6,319807246;-6,334251855;-8,39031578;-8,352729716;-6,437509841;-4,796083005;-4,389414374;-4,769382908;-5,355230258;-7,102295292;-6,945237314
-8,529524744;-6,319807246;-6,334251855;-8,39031578;-8,352729716;-6,437509841;-4,796083005;-4,389414374;-4,769382908;-5,355230258;-7,102295292
-9,406888406;-8,529524744;-6,319807246;-6,334251855;-8,39031578;-8,352729716;-6,437509841;-4,796083005;-4,389414374;-4,769382908;-5,355230258
-8,04528961;-9,406888406;-8,529524744;-6,319807246;-6,334251855;-8,39031578;-8,352729716;-6,437509841;-4,796083005;-4,389414374;-4,769382908
-6,489496191;-8,04528961;-9,406888406;-8,529524744;-6,319807246;-6,334251855;-8,39031578;-8,352729716;-6,437509841;-4,796083005;-4,389414374
-6,521129023;-6,489496191;-8,04528961;-9,406888406;-8,529524744;-6,319807246;-6,334251855;-8,39031578;-8,352729716;-6,437509841;-4,796083005
-6,365494489;-6,521129023;-6,489496191;-8,04528961;-9,406888406;-8,529524744;-6,319807246;-6,334251855;-8,39031578;-8,352729716;-6,437509841
-4,912232274;-6,365494489;-6,521129023;-6,489496191;-8,04528961;-9,406888406;-8,529524744;-6,319807246;-6,334251855;-8,39031578;-8,352729716
-3,189620549;-4,912232274;-6,365494489;-6,521129023;-6,489496191;-8,04528961;-9,406888406;-8,529524744;-6,319807246;-6,334251855;-8,39031578
-3,034242171;-3,189620549;-4,912232274;-6,365494489;-6,521129023;-6,489496191;-8,04528961;-9,406888406;-8,529524744;-6,319807246;-6,334251855
-4,75309749;-3,034242171;-3,189620549;-4,912232274;-6,365494489;-6,521129023;-6,489496191;-8,04528961;-9,406888406;-8,529524744;-6,319807246
-5,732249592;-4,75309749;-3,034242171;-3,189620549;-4,912232274;-6,365494489;-6,521129023;-6,489496191;-8,04528961;-9,406888406;-8,529524744
-4,88227486;-5,732249592;-4,75309749;-3,034242171;-3,189620549;-4,912232274;-6,365494489;-6,521129023;-6,489496191;-8,04528961;-9,406888406
-2,59043913;-4,88227486;-5,732249592;-4,75309749;-3,034242171;-3,189620549;-4,912232274;-6,365494489;-6,521129023;-6,489496191;-8,04528961
-1,93387335;-2,59043913;-4,88227486;-5,732249592;-4,75309749;-3,034242171;-3,189620549;-4,912232274;-6,365494489;-6,521129023;-6,489496191
-3,628052108;-1,93387335;-2,59043913;-4,88227486;-5,732249592;-4,75309749;-3,034242171;-3,189620549;-4,912232274;-6,365494489;-6,521129023
-5,74415314;-3,628052108;-1,93387335;-2,59043913;-4,88227486;-5,732249592;-4,75309749;-3,034242171;-3,189620549;-4,912232274;-6,365494489
-6,411414287;-5,74415314;-3,628052108;-1,93387335;-2,59043913;-4,88227486;-5,732249592;-4,75309749;-3,034242171;-3,189620549;-4,912232274
-5,480809907;-6,411414287;-5,74415314;-3,628052108;-1,93387335;-2,59043913;-4,88227486;-5,732249592;-4,75309749;-3,034242171;-3,189620549
-4,350670038;-5,480809907;-6,411414287;-5,74415314;-3,628052108;-1,93387335;-2,59043913;-4,88227486;-5,732249592;-4,75309749;-3,034242171
-3,334085548;-4,350670038;-5,480809907;-6,411414287;-5,74415314;-3,628052108;-1,93387335;-2,59043913;-4,88227486;-5,732249592;-4,75309749
-2,606787698;-3,334085548;-4,350670038;-5,480809907;-6,411414287;-5,74415314;-3,628052108;-1,93387335;-2,59043913;-4,88227486;-5,732249592
-3,316961744;-2,606787698;-3,334085548;-4,350670038;-5,480809907;-6,411414287;-5,74415314;-3,628052108;-1,93387335;-2,59043913;-4,88227486
-4,358294909;-3,316961744;-2,606787698;-3,334085548;-4,350670038;-5,480809907;-6,411414287;-5,74415314;-3,628052108;-1,93387335;-2,59043913
-4,794869491;-4,358294909;-3,316961744;-2,606787698;-3,334085548;-4,350670038;-5,480809907;-6,411414287;-5,74415314;-3,628052108;-1,93387335
-4,194095786;-4,794869491;-4,358294909;-3,316961744;-2,606787698;-3,334085548;-4,350670038;-5,480809907;-6,411414287;-5,74415314;-3,628052108
-3,67699163;-4,194095786;-4,794869491;-4,358294909;-3,316961744;-2,606787698;-3,334085548;-4,350670038;-5,480809907;-6,411414287;-5,74415314
-3,195762953;-3,67699163;-4,194095786;-4,794869491;-4,358294909;-3,316961744;-2,606787698;-3,334085548;-4,350670038;-5,480809907;-6,411414287
-2,262135918;-3,195762953;-3,67699163;-4,194095786;-4,794869491;-4,358294909;-3,316961744;-2,606787698;-3,334085548;-4,350670038;-5,480809907
-2,227295289;-2,262135918;-3,195762953;-3,67699163;-4,194095786;-4,794869491;-4,358294909;-3,316961744;-2,606787698;-3,334085548;-4,350670038
-3,360227842;-2,227295289;-2,262135918;-3,195762953;-3,67699163;-4,194095786;-4,794869491;-4,358294909;-3,316961744;-2,606787698;-3,334085548
-4,322168348;-3,360227842;-2,227295289;-2,262135918;-3,195762953;-3,67699163;-4,194095786;-4,794869491;-4,358294909;-3,316961744;-2,606787698
-3,268951582;-4,322168348;-3,360227842;-2,227295289;-2,262135918;-3,195762953;-3,67699163;-4,194095786;-4,794869491;-4,358294909;-3,316961744
-0,53891239;-3,268951582;-4,322168348;-3,360227842;-2,227295289;-2,262135918;-3,195762953;-3,67699163;-4,194095786;-4,794869491;-4,358294909
2,19328228;-0,53891239;-3,268951582;-4,322168348;-3,360227842;-2,227295289;-2,262135918;-3,195762953;-3,67699163;-4,194095786;-4,794869491
3,167352745;2,19328228;-0,53891239;-3,268951582;-4,322168348;-3,360227842;-2,227295289;-2,262135918;-3,195762953;-3,67699163;-4,194095786
1,857485607;3,167352745;2,19328228;-0,53891239;-3,268951582;-4,322168348;-3,360227842;-2,227295289;-2,262135918;-3,195762953;-3,67699163
-0,0702233759999999;1,857485607;3,167352745;2,19328228;-0,53891239;-3,268951582;-4,322168348;-3,360227842;-2,227295289;-2,262135918;-3,195762953
-1,041713183;-0,0702233759999999;1,857485607;3,167352745;2,19328228;-0,53891239;-3,268951582;-4,322168348;-3,360227842;-2,227295289;-2,262135918
1,076056519;-1,041713183;-0,0702233759999999;1,857485607;3,167352745;2,19328228;-0,53891239;-3,268951582;-4,322168348;-3,360227842;-2,227295289
3,455013894;1,076056519;-1,041713183;-0,0702233759999999;1,857485607;3,167352745;2,19328228;-0,53891239;-3,268951582;-4,322168348;-3,360227842
3,98598635;3,455013894;1,076056519;-1,041713183;-0,0702233759999999;1,857485607;3,167352745;2,19328228;-0,53891239;-3,268951582;-4,322168348
3,423797402;3,98598635;3,455013894;1,076056519;-1,041713183;-0,0702233759999999;1,857485607;3,167352745;2,19328228;-0,53891239;-3,268951582
3,350654552;3,423797402;3,98598635;3,455013894;1,076056519;-1,041713183;-0,0702233759999999;1,857485607;3,167352745;2,19328228;-0,53891239
3,962202636;3,350654552;3,423797402;3,98598635;3,455013894;1,076056519;-1,041713183;-0,0702233759999999;1,857485607;3,167352745;2,19328228
3,702176966;3,962202636;3,350654552;3,423797402;3,98598635;3,455013894;1,076056519;-1,041713183;-0,0702233759999999;1,857485607;3,167352745
3,240730014;3,702176966;3,962202636;3,350654552;3,423797402;3,98598635;3,455013894;1,076056519;-1,041713183;-0,0702233759999999;1,857485607
3,040239959;3,240730014;3,702176966;3,962202636;3,350654552;3,423797402;3,98598635;3,455013894;1,076056519;-1,041713183;-0,0702233759999999
3,574698375;3,040239959;3,240730014;3,702176966;3,962202636;3,350654552;3,423797402;3,98598635;3,455013894;1,076056519;-1,041713183
6,024899686;3,574698375;3,040239959;3,240730014;3,702176966;3,962202636;3,350654552;3,423797402;3,98598635;3,455013894;1,076056519
8,490617804;6,024899686;3,574698375;3,040239959;3,240730014;3,702176966;3,962202636;3,350654552;3,423797402;3,98598635;3,455013894
8,219696441;8,490617804;6,024899686;3,574698375;3,040239959;3,240730014;3,702176966;3,962202636;3,350654552;3,423797402;3,98598635
5,219632375;8,219696441;8,490617804;6,024899686;3,574698375;3,040239959;3,240730014;3,702176966;3,962202636;3,350654552;3,423797402
3,992710013;5,219632375;8,219696441;8,490617804;6,024899686;3,574698375;3,040239959;3,240730014;3,702176966;3,962202636;3,350654552
5,870276592;3,992710013;5,219632375;8,219696441;8,490617804;6,024899686;3,574698375;3,040239959;3,240730014;3,702176966;3,962202636
6,616612595;5,870276592;3,992710013;5,219632375;8,219696441;8,490617804;6,024899686;3,574698375;3,040239959;3,240730014;3,702176966
4,782253567;6,616612595;5,870276592;3,992710013;5,219632375;8,219696441;8,490617804;6,024899686;3,574698375;3,040239959;3,240730014
1,385377824;4,782253567;6,616612595;5,870276592;3,992710013;5,219632375;8,219696441;8,490617804;6,024899686;3,574698375;3,040239959
0,418336872;1,385377824;4,782253567;6,616612595;5,870276592;3,992710013;5,219632375;8,219696441;8,490617804;6,024899686;3,574698375
2,355344181;0,418336872;1,385377824;4,782253567;6,616612595;5,870276592;3,992710013;5,219632375;8,219696441;8,490617804;6,024899686
4,573396364;2,355344181;0,418336872;1,385377824;4,782253567;6,616612595;5,870276592;3,992710013;5,219632375;8,219696441;8,490617804
5,492235088;4,573396364;2,355344181;0,418336872;1,385377824;4,782253567;6,616612595;5,870276592;3,992710013;5,219632375;8,219696441
4,556762875;5,492235088;4,573396364;2,355344181;0,418336872;1,385377824;4,782253567;6,616612595;5,870276592;3,992710013;5,219632375
4,160840007;4,556762875;5,492235088;4,573396364;2,355344181;0,418336872;1,385377824;4,782253567;6,616612595;5,870276592;3,992710013
4,833572387;4,160840007;4,556762875;5,492235088;4,573396364;2,355344181;0,418336872;1,385377824;4,782253567;6,616612595;5,870276592
5,839377741;4,833572387;4,160840007;4,556762875;5,492235088;4,573396364;2,355344181;0,418336872;1,385377824;4,782253567;6,616612595
5,817100268;5,839377741;4,833572387;4,160840007;4,556762875;5,492235088;4,573396364;2,355344181;0,418336872;1,385377824;4,782253567
4,864259839;5,817100268;5,839377741;4,833572387;4,160840007;4,556762875;5,492235088;4,573396364;2,355344181;0,418336872;1,385377824
4,418878228;4,864259839;5,817100268;5,839377741;4,833572387;4,160840007;4,556762875;5,492235088;4,573396364;2,355344181;0,418336872
4,64764726;4,418878228;4,864259839;5,817100268;5,839377741;4,833572387;4,160840007;4,556762875;5,492235088;4,573396364;2,355344181
5,161751232;4,64764726;4,418878228;4,864259839;5,817100268;5,839377741;4,833572387;4,160840007;4,556762875;5,492235088;4,573396364
5,738791589;5,161751232;4,64764726;4,418878228;4,864259839;5,817100268;5,839377741;4,833572387;4,160840007;4,556762875;5,492235088
6,333881178;5,738791589;5,161751232;4,64764726;4,418878228;4,864259839;5,817100268;5,839377741;4,833572387;4,160840007;4,556762875
6,52683941;6,333881178;5,738791589;5,161751232;4,64764726;4,418878228;4,864259839;5,817100268;5,839377741;4,833572387;4,160840007
5,879149804;6,52683941;6,333881178;5,738791589;5,161751232;4,64764726;4,418878228;4,864259839;5,817100268;5,839377741;4,833572387
5,474886617;5,879149804;6,52683941;6,333881178;5,738791589;5,161751232;4,64764726;4,418878228;4,864259839;5,817100268;5,839377741
3,988241789;5,474886617;5,879149804;6,52683941;6,333881178;5,738791589;5,161751232;4,64764726;4,418878228;4,864259839;5,817100268
1,557638723;3,988241789;5,474886617;5,879149804;6,52683941;6,333881178;5,738791589;5,161751232;4,64764726;4,418878228;4,864259839
0,387915362;1,557638723;3,988241789;5,474886617;5,879149804;6,52683941;6,333881178;5,738791589;5,161751232;4,64764726;4,418878228
2,745035897;0,387915362;1,557638723;3,988241789;5,474886617;5,879149804;6,52683941;6,333881178;5,738791589;5,161751232;4,64764726
6,254155225;2,745035897;0,387915362;1,557638723;3,988241789;5,474886617;5,879149804;6,52683941;6,333881178;5,738791589;5,161751232
6,809544689;6,254155225;2,745035897;0,387915362;1,557638723;3,988241789;5,474886617;5,879149804;6,52683941;6,333881178;5,738791589
5,549097379;6,809544689;6,254155225;2,745035897;0,387915362;1,557638723;3,988241789;5,474886617;5,879149804;6,52683941;6,333881178
5,001928787;5,549097379;6,809544689;6,254155225;2,745035897;0,387915362;1,557638723;3,988241789;5,474886617;5,879149804;6,52683941
4,908452931;5,001928787;5,549097379;6,809544689;6,254155225;2,745035897;0,387915362;1,557638723;3,988241789;5,474886617;5,879149804
3,274928555;4,908452931;5,001928787;5,549097379;6,809544689;6,254155225;2,745035897;0,387915362;1,557638723;3,988241789;5,474886617
1,114669024;3,274928555;4,908452931;5,001928787;5,549097379;6,809544689;6,254155225;2,745035897;0,387915362;1,557638723;3,988241789
0,388862068;1,114669024;3,274928555;4,908452931;5,001928787;5,549097379;6,809544689;6,254155225;2,745035897;0,387915362;1,557638723
1,316638615;0,388862068;1,114669024;3,274928555;4,908452931;5,001928787;5,549097379;6,809544689;6,254155225;2,745035897;0,387915362
2,02068407;1,316638615;0,388862068;1,114669024;3,274928555;4,908452931;5,001928787;5,549097379;6,809544689;6,254155225;2,745035897
1,800152118;2,02068407;1,316638615;0,388862068;1,114669024;3,274928555;4,908452931;5,001928787;5,549097379;6,809544689;6,254155225
1,245632265;1,800152118;2,02068407;1,316638615;0,388862068;1,114669024;3,274928555;4,908452931;5,001928787;5,549097379;6,809544689
0,66293834;1,245632265;1,800152118;2,02068407;1,316638615;0,388862068;1,114669024;3,274928555;4,908452931;5,001928787;5,549097379
0,595239268;0,66293834;1,245632265;1,800152118;2,02068407;1,316638615;0,388862068;1,114669024;3,274928555;4,908452931;5,001928787
0,5950958;0,595239268;0,66293834;1,245632265;1,800152118;2,02068407;1,316638615;0,388862068;1,114669024;3,274928555;4,908452931
0,629353687;0,5950958;0,595239268;0,66293834;1,245632265;1,800152118;2,02068407;1,316638615;0,388862068;1,114669024;3,274928555
0,847544032;0,629353687;0,5950958;0,595239268;0,66293834;1,245632265;1,800152118;2,02068407;1,316638615;0,388862068;1,114669024
1,917373091;0,847544032;0,629353687;0,5950958;0,595239268;0,66293834;1,245632265;1,800152118;2,02068407;1,316638615;0,388862068
2,730878064;1,917373091;0,847544032;0,629353687;0,5950958;0,595239268;0,66293834;1,245632265;1,800152118;2,02068407;1,316638615
2,869672704;2,730878064;1,917373091;0,847544032;0,629353687;0,5950958;0,595239268;0,66293834;1,245632265;1,800152118;2,02068407
2,553047848;2,869672704;2,730878064;1,917373091;0,847544032;0,629353687;0,5950958;0,595239268;0,66293834;1,245632265;1,800152118
2,564654833;2,553047848;2,869672704;2,730878064;1,917373091;0,847544032;0,629353687;0,5950958;0,595239268;0,66293834;1,245632265
2,846894632;2,564654833;2,553047848;2,869672704;2,730878064;1,917373091;0,847544032;0,629353687;0,5950958;0,595239268;0,66293834
2,951679869;2,846894632;2,564654833;2,553047848;2,869672704;2,730878064;1,917373091;0,847544032;0,629353687;0,5950958;0,595239268
3,300476236;2,951679869;2,846894632;2,564654833;2,553047848;2,869672704;2,730878064;1,917373091;0,847544032;0,629353687;0,5950958
3,955097771;3,300476236;2,951679869;2,846894632;2,564654833;2,553047848;2,869672704;2,730878064;1,917373091;0,847544032;0,629353687
4,911521179;3,955097771;3,300476236;2,951679869;2,846894632;2,564654833;2,553047848;2,869672704;2,730878064;1,917373091;0,847544032
5,238486979;4,911521179;3,955097771;3,300476236;2,951679869;2,846894632;2,564654833;2,553047848;2,869672704;2,730878064;1,917373091
4,183304208;5,238486979;4,911521179;3,955097771;3,300476236;2,951679869;2,846894632;2,564654833;2,553047848;2,869672704;2,730878064
3,671998264;4,183304208;5,238486979;4,911521179;3,955097771;3,300476236;2,951679869;2,846894632;2,564654833;2,553047848;2,869672704
4,485784015;3,671998264;4,183304208;5,238486979;4,911521179;3,955097771;3,300476236;2,951679869;2,846894632;2,564654833;2,553047848
5,639957299;4,485784015;3,671998264;4,183304208;5,238486979;4,911521179;3,955097771;3,300476236;2,951679869;2,846894632;2,564654833
5,728107107;5,639957299;4,485784015;3,671998264;4,183304208;5,238486979;4,911521179;3,955097771;3,300476236;2,951679869;2,846894632
5,125802287;5,728107107;5,639957299;4,485784015;3,671998264;4,183304208;5,238486979;4,911521179;3,955097771;3,300476236;2,951679869
4,508428241;5,125802287;5,728107107;5,639957299;4,485784015;3,671998264;4,183304208;5,238486979;4,911521179;3,955097771;3,300476236
4,23902134;4,508428241;5,125802287;5,728107107;5,639957299;4,485784015;3,671998264;4,183304208;5,238486979;4,911521179;3,955097771
4,640729274;4,23902134;4,508428241;5,125802287;5,728107107;5,639957299;4,485784015;3,671998264;4,183304208;5,238486979;4,911521179
6,058772179;4,640729274;4,23902134;4,508428241;5,125802287;5,728107107;5,639957299;4,485784015;3,671998264;4,183304208;5,238486979
6,280755702;6,058772179;4,640729274;4,23902134;4,508428241;5,125802287;5,728107107;5,639957299;4,485784015;3,671998264;4,183304208
5,067991082;6,280755702;6,058772179;4,640729274;4,23902134;4,508428241;5,125802287;5,728107107;5,639957299;4,485784015;3,671998264
4,029035521;5,067991082;6,280755702;6,058772179;4,640729274;4,23902134;4,508428241;5,125802287;5,728107107;5,639957299;4,485784015
4,280708298;4,029035521;5,067991082;6,280755702;6,058772179;4,640729274;4,23902134;4,508428241;5,125802287;5,728107107;5,639957299
4,845818338;4,280708298;4,029035521;5,067991082;6,280755702;6,058772179;4,640729274;4,23902134;4,508428241;5,125802287;5,728107107
4,950845039;4,845818338;4,280708298;4,029035521;5,067991082;6,280755702;6,058772179;4,640729274;4,23902134;4,508428241;5,125802287
4,128918064;4,950845039;4,845818338;4,280708298;4,029035521;5,067991082;6,280755702;6,058772179;4,640729274;4,23902134;4,508428241
2,222324563;4,128918064;4,950845039;4,845818338;4,280708298;4,029035521;5,067991082;6,280755702;6,058772179;4,640729274;4,23902134
0,699645235;2,222324563;4,128918064;4,950845039;4,845818338;4,280708298;4,029035521;5,067991082;6,280755702;6,058772179;4,640729274
1,035572905;0,699645235;2,222324563;4,128918064;4,950845039;4,845818338;4,280708298;4,029035521;5,067991082;6,280755702;6,058772179
2,657139211;1,035572905;0,699645235;2,222324563;4,128918064;4,950845039;4,845818338;4,280708298;4,029035521;5,067991082;6,280755702
3,175971731;2,657139211;1,035572905;0,699645235;2,222324563;4,128918064;4,950845039;4,845818338;4,280708298;4,029035521;5,067991082
2,376380683;3,175971731;2,657139211;1,035572905;0,699645235;2,222324563;4,128918064;4,950845039;4,845818338;4,280708298;4,029035521
2,200795245;2,376380683;3,175971731;2,657139211;1,035572905;0,699645235;2,222324563;4,128918064;4,950845039;4,845818338;4,280708298
2,211710027;2,200795245;2,376380683;3,175971731;2,657139211;1,035572905;0,699645235;2,222324563;4,128918064;4,950845039;4,845818338
0,881136327;2,211710027;2,200795245;2,376380683;3,175971731;2,657139211;1,035572905;0,699645235;2,222324563;4,128918064;4,950845039
-0,354112213;0,881136327;2,211710027;2,200795245;2,376380683;3,175971731;2,657139211;1,035572905;0,699645235;2,222324563;4,128918064
0,067575315;-0,354112213;0,881136327;2,211710027;2,200795245;2,376380683;3,175971731;2,657139211;1,035572905;0,699645235;2,222324563
1,199207254;0,067575315;-0,354112213;0,881136327;2,211710027;2,200795245;2,376380683;3,175971731;2,657139211;1,035572905;0,699645235
2,025364089;1,199207254;0,067575315;-0,354112213;0,881136327;2,211710027;2,200795245;2,376380683;3,175971731;2,657139211;1,035572905
2,615994331;2,025364089;1,199207254;0,067575315;-0,354112213;0,881136327;2,211710027;2,200795245;2,376380683;3,175971731;2,657139211
2,78574522;2,615994331;2,025364089;1,199207254;0,067575315;-0,354112213;0,881136327;2,211710027;2,200795245;2,376380683;3,175971731
1,773082854;2,78574522;2,615994331;2,025364089;1,199207254;0,067575315;-0,354112213;0,881136327;2,211710027;2,200795245;2,376380683
0,916248998;1,773082854;2,78574522;2,615994331;2,025364089;1,199207254;0,067575315;-0,354112213;0,881136327;2,211710027;2,200795245
1,510571334;0,916248998;1,773082854;2,78574522;2,615994331;2,025364089;1,199207254;0,067575315;-0,354112213;0,881136327;2,211710027
2,201033838;1,510571334;0,916248998;1,773082854;2,78574522;2,615994331;2,025364089;1,199207254;0,067575315;-0,354112213;0,881136327
2,000702396;2,201033838;1,510571334;0,916248998;1,773082854;2,78574522;2,615994331;2,025364089;1,199207254;0,067575315;-0,354112213
2,0107137;2,000702396;2,201033838;1,510571334;0,916248998;1,773082854;2,78574522;2,615994331;2,025364089;1,199207254;0,067575315
2,591806573;2,0107137;2,000702396;2,201033838;1,510571334;0,916248998;1,773082854;2,78574522;2,615994331;2,025364089;1,199207254
3,501201508;2,591806573;2,0107137;2,000702396;2,201033838;1,510571334;0,916248998;1,773082854;2,78574522;2,615994331;2,025364089
3,440880134;3,501201508;2,591806573;2,0107137;2,000702396;2,201033838;1,510571334;0,916248998;1,773082854;2,78574522;2,615994331
2,668786703;3,440880134;3,501201508;2,591806573;2,0107137;2,000702396;2,201033838;1,510571334;0,916248998;1,773082854;2,78574522
0,93291899;2,668786703;3,440880134;3,501201508;2,591806573;2,0107137;2,000702396;2,201033838;1,510571334;0,916248998;1,773082854
-0,182137434;0,93291899;2,668786703;3,440880134;3,501201508;2,591806573;2,0107137;2,000702396;2,201033838;1,510571334;0,916248998
0,414769045;-0,182137434;0,93291899;2,668786703;3,440880134;3,501201508;2,591806573;2,0107137;2,000702396;2,201033838;1,510571334
1,341126786;0,414769045;-0,182137434;0,93291899;2,668786703;3,440880134;3,501201508;2,591806573;2,0107137;2,000702396;2,201033838
1,237582832;1,341126786;0,414769045;-0,182137434;0,93291899;2,668786703;3,440880134;3,501201508;2,591806573;2,0107137;2,000702396
0,339053088;1,237582832;1,341126786;0,414769045;-0,182137434;0,93291899;2,668786703;3,440880134;3,501201508;2,591806573;2,0107137
-0,195988567;0,339053088;1,237582832;1,341126786;0,414769045;-0,182137434;0,93291899;2,668786703;3,440880134;3,501201508;2,591806573
0,107139199;-0,195988567;0,339053088;1,237582832;1,341126786;0,414769045;-0,182137434;0,93291899;2,668786703;3,440880134;3,501201508
0,430434103;0,107139199;-0,195988567;0,339053088;1,237582832;1,341126786;0,414769045;-0,182137434;0,93291899;2,668786703;3,440880134
1,164370617;0,430434103;0,107139199;-0,195988567;0,339053088;1,237582832;1,341126786;0,414769045;-0,182137434;0,93291899;2,668786703
2,104493786;1,164370617;0,430434103;0,107139199;-0,195988567;0,339053088;1,237582832;1,341126786;0,414769045;-0,182137434;0,93291899
2,802571663;2,104493786;1,164370617;0,430434103;0,107139199;-0,195988567;0,339053088;1,237582832;1,341126786;0,414769045;-0,182137434
2,908193377;2,802571663;2,104493786;1,164370617;0,430434103;0,107139199;-0,195988567;0,339053088;1,237582832;1,341126786;0,414769045
2,02156869;2,908193377;2,802571663;2,104493786;1,164370617;0,430434103;0,107139199;-0,195988567;0,339053088;1,237582832;1,341126786
0,864387201;2,02156869;2,908193377;2,802571663;2,104493786;1,164370617;0,430434103;0,107139199;-0,195988567;0,339053088;1,237582832
0,573335944;0,864387201;2,02156869;2,908193377;2,802571663;2,104493786;1,164370617;0,430434103;0,107139199;-0,195988567;0,339053088
0,543818605;0,573335944;0,864387201;2,02156869;2,908193377;2,802571663;2,104493786;1,164370617;0,430434103;0,107139199;-0,195988567
0,73721766;0,543818605;0,573335944;0,864387201;2,02156869;2,908193377;2,802571663;2,104493786;1,164370617;0,430434103;0,107139199
0,860665039;0,73721766;0,543818605;0,573335944;0,864387201;2,02156869;2,908193377;2,802571663;2,104493786;1,164370617;0,430434103
0,89456299;0,860665039;0,73721766;0,543818605;0,573335944;0,864387201;2,02156869;2,908193377;2,802571663;2,104493786;1,164370617
0,431034367;0,89456299;0,860665039;0,73721766;0,543818605;0,573335944;0,864387201;2,02156869;2,908193377;2,802571663;2,104493786
-0,512794515;0,431034367;0,89456299;0,860665039;0,73721766;0,543818605;0,573335944;0,864387201;2,02156869;2,908193377;2,802571663
-0,288021063;-0,512794515;0,431034367;0,89456299;0,860665039;0,73721766;0,543818605;0,573335944;0,864387201;2,02156869;2,908193377
0,023501251;-0,288021063;-0,512794515;0,431034367;0,89456299;0,860665039;0,73721766;0,543818605;0,573335944;0,864387201;2,02156869
0,084088611;0,023501251;-0,288021063;-0,512794515;0,431034367;0,89456299;0,860665039;0,73721766;0,543818605;0,573335944;0,864387201
0,364149269;0,084088611;0,023501251;-0,288021063;-0,512794515;0,431034367;0,89456299;0,860665039;0,73721766;0,543818605;0,573335944
0,252914986;0,364149269;0,084088611;0,023501251;-0,288021063;-0,512794515;0,431034367;0,89456299;0,860665039;0,73721766;0,543818605
-0,241377062;0,252914986;0,364149269;0,084088611;0,023501251;-0,288021063;-0,512794515;0,431034367;0,89456299;0,860665039;0,73721766
-0,703592042;-0,241377062;0,252914986;0,364149269;0,084088611;0,023501251;-0,288021063;-0,512794515;0,431034367;0,89456299;0,860665039
-0,625019296;-0,703592042;-0,241377062;0,252914986;0,364149269;0,084088611;0,023501251;-0,288021063;-0,512794515;0,431034367;0,89456299
0,114207552;-0,625019296;-0,703592042;-0,241377062;0,252914986;0,364149269;0,084088611;0,023501251;-0,288021063;-0,512794515;0,431034367
0,416984124;0,114207552;-0,625019296;-0,703592042;-0,241377062;0,252914986;0,364149269;0,084088611;0,023501251;-0,288021063;-0,512794515
0,41438692;0,416984124;0,114207552;-0,625019296;-0,703592042;-0,241377062;0,252914986;0,364149269;0,084088611;0,023501251;-0,288021063
-0,351795659;0,41438692;0,416984124;0,114207552;-0,625019296;-0,703592042;-0,241377062;0,252914986;0,364149269;0,084088611;0,023501251
-1,325347814;-0,351795659;0,41438692;0,416984124;0,114207552;-0,625019296;-0,703592042;-0,241377062;0,252914986;0,364149269;0,084088611
-1,451705599;-1,325347814;-0,351795659;0,41438692;0,416984124;0,114207552;-0,625019296;-0,703592042;-0,241377062;0,252914986;0,364149269
-1,018280329;-1,451705599;-1,325347814;-0,351795659;0,41438692;0,416984124;0,114207552;-0,625019296;-0,703592042;-0,241377062;0,252914986
0,147508175;-1,018280329;-1,451705599;-1,325347814;-0,351795659;0,41438692;0,416984124;0,114207552;-0,625019296;-0,703592042;-0,241377062
0,875466412;0,147508175;-1,018280329;-1,451705599;-1,325347814;-0,351795659;0,41438692;0,416984124;0,114207552;-0,625019296;-0,703592042
1,037334392;0,875466412;0,147508175;-1,018280329;-1,451705599;-1,325347814;-0,351795659;0,41438692;0,416984124;0,114207552;-0,625019296
1,20603287;1,037334392;0,875466412;0,147508175;-1,018280329;-1,451705599;-1,325347814;-0,351795659;0,41438692;0,416984124;0,114207552
1,226521375;1,20603287;1,037334392;0,875466412;0,147508175;-1,018280329;-1,451705599;-1,325347814;-0,351795659;0,41438692;0,416984124
0,507651681;1,226521375;1,20603287;1,037334392;0,875466412;0,147508175;-1,018280329;-1,451705599;-1,325347814;-0,351795659;0,41438692
-0,951468408;0,507651681;1,226521375;1,20603287;1,037334392;0,875466412;0,147508175;-1,018280329;-1,451705599;-1,325347814;-0,351795659
-0,481819727;-0,951468408;0,507651681;1,226521375;1,20603287;1,037334392;0,875466412;0,147508175;-1,018280329;-1,451705599;-1,325347814
1,479210154;-0,481819727;-0,951468408;0,507651681;1,226521375;1,20603287;1,037334392;0,875466412;0,147508175;-1,018280329;-1,451705599
2,135642804;1,479210154;-0,481819727;-0,951468408;0,507651681;1,226521375;1,20603287;1,037334392;0,875466412;0,147508175;-1,018280329
1,478225337;2,135642804;1,479210154;-0,481819727;-0,951468408;0,507651681;1,226521375;1,20603287;1,037334392;0,875466412;0,147508175
1,11016517;1,478225337;2,135642804;1,479210154;-0,481819727;-0,951468408;0,507651681;1,226521375;1,20603287;1,037334392;0,875466412
1,616563171;1,11016517;1,478225337;2,135642804;1,479210154;-0,481819727;-0,951468408;0,507651681;1,226521375;1,20603287;1,037334392
1,910703241;1,616563171;1,11016517;1,478225337;2,135642804;1,479210154;-0,481819727;-0,951468408;0,507651681;1,226521375;1,20603287
1,775050518;1,910703241;1,616563171;1,11016517;1,478225337;2,135642804;1,479210154;-0,481819727;-0,951468408;0,507651681;1,226521375
1,121011249;1,775050518;1,910703241;1,616563171;1,11016517;1,478225337;2,135642804;1,479210154;-0,481819727;-0,951468408;0,507651681
-0,648320116;1,121011249;1,775050518;1,910703241;1,616563171;1,11016517;1,478225337;2,135642804;1,479210154;-0,481819727;-0,951468408
-1,199404169;-0,648320116;1,121011249;1,775050518;1,910703241;1,616563171;1,11016517;1,478225337;2,135642804;1,479210154;-0,481819727
-0,255478758;-1,199404169;-0,648320116;1,121011249;1,775050518;1,910703241;1,616563171;1,11016517;1,478225337;2,135642804;1,479210154
1,233568973;-0,255478758;-1,199404169;-0,648320116;1,121011249;1,775050518;1,910703241;1,616563171;1,11016517;1,478225337;2,135642804
2,281221621;1,233568973;-0,255478758;-1,199404169;-0,648320116;1,121011249;1,775050518;1,910703241;1,616563171;1,11016517;1,478225337
2,423676538;2,281221621;1,233568973;-0,255478758;-1,199404169;-0,648320116;1,121011249;1,775050518;1,910703241;1,616563171;1,11016517
1,80541761;2,423676538;2,281221621;1,233568973;-0,255478758;-1,199404169;-0,648320116;1,121011249;1,775050518;1,910703241;1,616563171
-0,039514521;1,80541761;2,423676538;2,281221621;1,233568973;-0,255478758;-1,199404169;-0,648320116;1,121011249;1,775050518;1,910703241
-1,544827034;-0,039514521;1,80541761;2,423676538;2,281221621;1,233568973;-0,255478758;-1,199404169;-0,648320116;1,121011249;1,775050518
-1,728411722;-1,544827034;-0,039514521;1,80541761;2,423676538;2,281221621;1,233568973;-0,255478758;-1,199404169;-0,648320116;1,121011249
-2,342967818;-1,728411722;-1,544827034;-0,039514521;1,80541761;2,423676538;2,281221621;1,233568973;-0,255478758;-1,199404169;-0,648320116
-2,487616393;-2,342967818;-1,728411722;-1,544827034;-0,039514521;1,80541761;2,423676538;2,281221621;1,233568973;-0,255478758;-1,199404169
0,150977326;-2,487616393;-2,342967818;-1,728411722;-1,544827034;-0,039514521;1,80541761;2,423676538;2,281221621;1,233568973;-0,255478758
4,546126257;0,150977326;-2,487616393;-2,342967818;-1,728411722;-1,544827034;-0,039514521;1,80541761;2,423676538;2,281221621;1,233568973
3,734880304;4,546126257;0,150977326;-2,487616393;-2,342967818;-1,728411722;-1,544827034;-0,039514521;1,80541761;2,423676538;2,281221621
-3,16272549;3,734880304;4,546126257;0,150977326;-2,487616393;-2,342967818;-1,728411722;-1,544827034;-0,039514521;1,80541761;2,423676538
-9,693927257;-3,16272549;3,734880304;4,546126257;0,150977326;-2,487616393;-2,342967818;-1,728411722;-1,544827034;-0,039514521;1,80541761
-11,269571848;-9,693927257;-3,16272549;3,734880304;4,546126257;0,150977326;-2,487616393;-2,342967818;-1,728411722;-1,544827034;-0,039514521
-8,732616241;-11,269571848;-9,693927257;-3,16272549;3,734880304;4,546126257;0,150977326;-2,487616393;-2,342967818;-1,728411722;-1,544827034
-5,42395349;-8,732616241;-11,269571848;-9,693927257;-3,16272549;3,734880304;4,546126257;0,150977326;-2,487616393;-2,342967818;-1,728411722
-2,753111033;-5,42395349;-8,732616241;-11,269571848;-9,693927257;-3,16272549;3,734880304;4,546126257;0,150977326;-2,487616393;-2,342967818
-1,690197361;-2,753111033;-5,42395349;-8,732616241;-11,269571848;-9,693927257;-3,16272549;3,734880304;4,546126257;0,150977326;-2,487616393
-3,657630222;-1,690197361;-2,753111033;-5,42395349;-8,732616241;-11,269571848;-9,693927257;-3,16272549;3,734880304;4,546126257;0,150977326
-7,082253392;-3,657630222;-1,690197361;-2,753111033;-5,42395349;-8,732616241;-11,269571848;-9,693927257;-3,16272549;3,734880304;4,546126257
