"YW_L1";"YW_L2";"YW_L3";"YW_L4";"YW_L5";"YW_L6";"YW_L7";"YW_L8";"YW_L9";"YW_L10";"YW_L11"
10,103898553;15,388504544;9,255794004;4,605220694;6,726731399;0,451275354;-12,568260765;-11,316053556;3,987567055;0,583402231;-12,080032119
3,349525917;10,103898553;15,388504544;9,255794004;4,605220694;6,726731399;0,451275354;-12,568260765;-11,316053556;3,987567055;0,583402231
3,740791915;3,349525917;10,103898553;15,388504544;9,255794004;4,605220694;6,726731399;0,451275354;-12,568260765;-11,316053556;3,987567055
3,606750542;3,740791915;3,349525917;10,103898553;15,388504544;9,255794004;4,605220694;6,726731399;0,451275354;-12,568260765;-11,316053556
-1,899730046;3,606750542;3,740791915;3,349525917;10,103898553;15,388504544;9,255794004;4,605220694;6,726731399;0,451275354;-12,568260765
-3,934032912;-1,899730046;3,606750542;3,740791915;3,349525917;10,103898553;15,388504544;9,255794004;4,605220694;6,726731399;0,451275354
4,539407163;-3,934032912;-1,899730046;3,606750542;3,740791915;3,349525917;10,103898553;15,388504544;9,255794004;4,605220694;6,726731399
12,392965241;4,539407163;-3,934032912;-1,899730046;3,606750542;3,740791915;3,349525917;10,103898553;15,388504544;9,255794004;4,605220694
11,55464364;12,392965241;4,539407163;-3,934032912;-1,899730046;3,606750542;3,740791915;3,349525917;10,103898553;15,388504544;9,255794004
8,250793346;11,55464364;12,392965241;4,539407163;-3,934032912;-1,899730046;3,606750542;3,740791915;3,349525917;10,103898553;15,388504544
11,602006188;8,250793346;11,55464364;12,392965241;4,539407163;-3,934032912;-1,899730046;3,606750542;3,740791915;3,349525917;10,103898553
14,911994837;11,602006188;8,250793346;11,55464364;12,392965241;4,539407163;-3,934032912;-1,899730046;3,606750542;3,740791915;3,349525917
10,737545373;14,911994837;11,602006188;8,250793346;11,55464364;12,392965241;4,539407163;-3,934032912;-1,899730046;3,606750542;3,740791915
5,043838804;10,737545373;14,911994837;11,602006188;8,250793346;11,55464364;12,392965241;4,539407163;-3,934032912;-1,899730046;3,606750542
7,037575003;5,043838804;10,737545373;14,911994837;11,602006188;8,250793346;11,55464364;12,392965241;4,539407163;-3,934032912;-1,899730046
15,346901596;7,037575003;5,043838804;10,737545373;14,911994837;11,602006188;8,250793346;11,55464364;12,392965241;4,539407163;-3,934032912
18,617234623;15,346901596;7,037575003;5,043838804;10,737545373;14,911994837;11,602006188;8,250793346;11,55464364;12,392965241;4,539407163
16,271636128;18,617234623;15,346901596;7,037575003;5,043838804;10,737545373;14,911994837;11,602006188;8,250793346;11,55464364;12,392965241
16,790671728;16,271636128;18,617234623;15,346901596;7,037575003;5,043838804;10,737545373;14,911994837;11,602006188;8,250793346;11,55464364
21,01245264;16,790671728;16,271636128;18,617234623;15,346901596;7,037575003;5,043838804;10,737545373;14,911994837;11,602006188;8,250793346
21,32672343;21,01245264;16,790671728;16,271636128;18,617234623;15,346901596;7,037575003;5,043838804;10,737545373;14,911994837;11,602006188
16,893694001;21,32672343;21,01245264;16,790671728;16,271636128;18,617234623;15,346901596;7,037575003;5,043838804;10,737545373;14,911994837
13,042683165;16,893694001;21,32672343;21,01245264;16,790671728;16,271636128;18,617234623;15,346901596;7,037575003;5,043838804;10,737545373
13,93920731;13,042683165;16,893694001;21,32672343;21,01245264;16,790671728;16,271636128;18,617234623;15,346901596;7,037575003;5,043838804
13,812392388;13,93920731;13,042683165;16,893694001;21,32672343;21,01245264;16,790671728;16,271636128;18,617234623;15,346901596;7,037575003
10,168190293;13,812392388;13,93920731;13,042683165;16,893694001;21,32672343;21,01245264;16,790671728;16,271636128;18,617234623;15,346901596
9,683439964;10,168190293;13,812392388;13,93920731;13,042683165;16,893694001;21,32672343;21,01245264;16,790671728;16,271636128;18,617234623
12,135994475;9,683439964;10,168190293;13,812392388;13,93920731;13,042683165;16,893694001;21,32672343;21,01245264;16,790671728;16,271636128
11,520548887;12,135994475;9,683439964;10,168190293;13,812392388;13,93920731;13,042683165;16,893694001;21,32672343;21,01245264;16,790671728
8,442225759;11,520548887;12,135994475;9,683439964;10,168190293;13,812392388;13,93920731;13,042683165;16,893694001;21,32672343;21,01245264
11,841724105;8,442225759;11,520548887;12,135994475;9,683439964;10,168190293;13,812392388;13,93920731;13,042683165;16,893694001;21,32672343
16,088753097;11,841724105;8,442225759;11,520548887;12,135994475;9,683439964;10,168190293;13,812392388;13,93920731;13,042683165;16,893694001
12,805687699;16,088753097;11,841724105;8,442225759;11,520548887;12,135994475;9,683439964;10,168190293;13,812392388;13,93920731;13,042683165
9,815344306;12,805687699;16,088753097;11,841724105;8,442225759;11,520548887;12,135994475;9,683439964;10,168190293;13,812392388;13,93920731
11,173629532;9,815344306;12,805687699;16,088753097;11,841724105;8,442225759;11,520548887;12,135994475;9,683439964;10,168190293;13,812392388
11,436823644;11,173629532;9,815344306;12,805687699;16,088753097;11,841724105;8,442225759;11,520548887;12,135994475;9,683439964;10,168190293
5,544902965;11,436823644;11,173629532;9,815344306;12,805687699;16,088753097;11,841724105;8,442225759;11,520548887;12,135994475;9,683439964
1,440370569;5,544902965;11,436823644;11,173629532;9,815344306;12,805687699;16,088753097;11,841724105;8,442225759;11,520548887;12,135994475
2,346583682;1,440370569;5,544902965;11,436823644;11,173629532;9,815344306;12,805687699;16,088753097;11,841724105;8,442225759;11,520548887
0,133137191;2,346583682;1,440370569;5,544902965;11,436823644;11,173629532;9,815344306;12,805687699;16,088753097;11,841724105;8,442225759
-3,899110597;0,133137191;2,346583682;1,440370569;5,544902965;11,436823644;11,173629532;9,815344306;12,805687699;16,088753097;11,841724105
-3,918340813;-3,899110597;0,133137191;2,346583682;1,440370569;5,544902965;11,436823644;11,173629532;9,815344306;12,805687699;16,088753097
-0,884222845;-3,918340813;-3,899110597;0,133137191;2,346583682;1,440370569;5,544902965;11,436823644;11,173629532;9,815344306;12,805687699
-0,169755863;-0,884222845;-3,918340813;-3,899110597;0,133137191;2,346583682;1,440370569;5,544902965;11,436823644;11,173629532;9,815344306
-2,343361693;-0,169755863;-0,884222845;-3,918340813;-3,899110597;0,133137191;2,346583682;1,440370569;5,544902965;11,436823644;11,173629532
-7,643989497;-2,343361693;-0,169755863;-0,884222845;-3,918340813;-3,899110597;0,133137191;2,346583682;1,440370569;5,544902965;11,436823644
-11,077593208;-7,643989497;-2,343361693;-0,169755863;-0,884222845;-3,918340813;-3,899110597;0,133137191;2,346583682;1,440370569;5,544902965
-9,306606051;-11,077593208;-7,643989497;-2,343361693;-0,169755863;-0,884222845;-3,918340813;-3,899110597;0,133137191;2,346583682;1,440370569
-12,658110184;-9,306606051;-11,077593208;-7,643989497;-2,343361693;-0,169755863;-0,884222845;-3,918340813;-3,899110597;0,133137191;2,346583682
-16,737268786;-12,658110184;-9,306606051;-11,077593208;-7,643989497;-2,343361693;-0,169755863;-0,884222845;-3,918340813;-3,899110597;0,133137191
-14,69504404;-16,737268786;-12,658110184;-9,306606051;-11,077593208;-7,643989497;-2,343361693;-0,169755863;-0,884222845;-3,918340813;-3,899110597
-7,123102563;-14,69504404;-16,737268786;-12,658110184;-9,306606051;-11,077593208;-7,643989497;-2,343361693;-0,169755863;-0,884222845;-3,918340813
-2,868097689;-7,123102563;-14,69504404;-16,737268786;-12,658110184;-9,306606051;-11,077593208;-7,643989497;-2,343361693;-0,169755863;-0,884222845
-7,676988927;-2,868097689;-7,123102563;-14,69504404;-16,737268786;-12,658110184;-9,306606051;-11,077593208;-7,643989497;-2,343361693;-0,169755863
-8,506276228;-7,676988927;-2,868097689;-7,123102563;-14,69504404;-16,737268786;-12,658110184;-9,306606051;-11,077593208;-7,643989497;-2,343361693
-5,171712984;-8,506276228;-7,676988927;-2,868097689;-7,123102563;-14,69504404;-16,737268786;-12,658110184;-9,306606051;-11,077593208;-7,643989497
-9,333527619;-5,171712984;-8,506276228;-7,676988927;-2,868097689;-7,123102563;-14,69504404;-16,737268786;-12,658110184;-9,306606051;-11,077593208
-18,196392798;-9,333527619;-5,171712984;-8,506276228;-7,676988927;-2,868097689;-7,123102563;-14,69504404;-16,737268786;-12,658110184;-9,306606051
-19,375801195;-18,196392798;-9,333527619;-5,171712984;-8,506276228;-7,676988927;-2,868097689;-7,123102563;-14,69504404;-16,737268786;-12,658110184
-13,434395143;-19,375801195;-18,196392798;-9,333527619;-5,171712984;-8,506276228;-7,676988927;-2,868097689;-7,123102563;-14,69504404;-16,737268786
-10,895895251;-13,434395143;-19,375801195;-18,196392798;-9,333527619;-5,171712984;-8,506276228;-7,676988927;-2,868097689;-7,123102563;-14,69504404
-13,434525985;-10,895895251;-13,434395143;-19,375801195;-18,196392798;-9,333527619;-5,171712984;-8,506276228;-7,676988927;-2,868097689;-7,123102563
-12,618099196;-13,434525985;-10,895895251;-13,434395143;-19,375801195;-18,196392798;-9,333527619;-5,171712984;-8,506276228;-7,676988927;-2,868097689
-7,380412657;-12,618099196;-13,434525985;-10,895895251;-13,434395143;-19,375801195;-18,196392798;-9,333527619;-5,171712984;-8,506276228;-7,676988927
-7,228051426;-7,380412657;-12,618099196;-13,434525985;-10,895895251;-13,434395143;-19,375801195;-18,196392798;-9,333527619;-5,171712984;-8,506276228
-13,333429091;-7,228051426;-7,380412657;-12,618099196;-13,434525985;-10,895895251;-13,434395143;-19,375801195;-18,196392798;-9,333527619;-5,171712984
-14,986331562;-13,333429091;-7,228051426;-7,380412657;-12,618099196;-13,434525985;-10,895895251;-13,434395143;-19,375801195;-18,196392798;-9,333527619
-10,068079798;-14,986331562;-13,333429091;-7,228051426;-7,380412657;-12,618099196;-13,434525985;-10,895895251;-13,434395143;-19,375801195;-18,196392798
-7,985378472;-10,068079798;-14,986331562;-13,333429091;-7,228051426;-7,380412657;-12,618099196;-13,434525985;-10,895895251;-13,434395143;-19,375801195
-9,196690768;-7,985378472;-10,068079798;-14,986331562;-13,333429091;-7,228051426;-7,380412657;-12,618099196;-13,434525985;-10,895895251;-13,434395143
-5,425575789;-9,196690768;-7,985378472;-10,068079798;-14,986331562;-13,333429091;-7,228051426;-7,380412657;-12,618099196;-13,434525985;-10,895895251
3,714294066;-5,425575789;-9,196690768;-7,985378472;-10,068079798;-14,986331562;-13,333429091;-7,228051426;-7,380412657;-12,618099196;-13,434525985
1,258485279;3,714294066;-5,425575789;-9,196690768;-7,985378472;-10,068079798;-14,986331562;-13,333429091;-7,228051426;-7,380412657;-12,618099196
-11,875116656;1,258485279;3,714294066;-5,425575789;-9,196690768;-7,985378472;-10,068079798;-14,986331562;-13,333429091;-7,228051426;-7,380412657
-15,084471901;-11,875116656;1,258485279;3,714294066;-5,425575789;-9,196690768;-7,985378472;-10,068079798;-14,986331562;-13,333429091;-7,228051426
-8,917520652;-15,084471901;-11,875116656;1,258485279;3,714294066;-5,425575789;-9,196690768;-7,985378472;-10,068079798;-14,986331562;-13,333429091
-10,828672407;-8,917520652;-15,084471901;-11,875116656;1,258485279;3,714294066;-5,425575789;-9,196690768;-7,985378472;-10,068079798;-14,986331562
-19,709312625;-10,828672407;-8,917520652;-15,084471901;-11,875116656;1,258485279;3,714294066;-5,425575789;-9,196690768;-7,985378472;-10,068079798
-12,440823447;-19,709312625;-10,828672407;-8,917520652;-15,084471901;-11,875116656;1,258485279;3,714294066;-5,425575789;-9,196690768;-7,985378472
1,601286071;-12,440823447;-19,709312625;-10,828672407;-8,917520652;-15,084471901;-11,875116656;1,258485279;3,714294066;-5,425575789;-9,196690768
2,620088793;1,601286071;-12,440823447;-19,709312625;-10,828672407;-8,917520652;-15,084471901;-11,875116656;1,258485279;3,714294066;-5,425575789
-0,658676892999999;2,620088793;1,601286071;-12,440823447;-19,709312625;-10,828672407;-8,917520652;-15,084471901;-11,875116656;1,258485279;3,714294066
0,334368388000001;-0,658676892999999;2,620088793;1,601286071;-12,440823447;-19,709312625;-10,828672407;-8,917520652;-15,084471901;-11,875116656;1,258485279
0,315242325000001;0,334368388000001;-0,658676892999999;2,620088793;1,601286071;-12,440823447;-19,709312625;-10,828672407;-8,917520652;-15,084471901;-11,875116656
-4,823682821;0,315242325000001;0,334368388000001;-0,658676892999999;2,620088793;1,601286071;-12,440823447;-19,709312625;-10,828672407;-8,917520652;-15,084471901
-9,740821845;-4,823682821;0,315242325000001;0,334368388000001;-0,658676892999999;2,620088793;1,601286071;-12,440823447;-19,709312625;-10,828672407;-8,917520652
-11,661847287;-9,740821845;-4,823682821;0,315242325000001;0,334368388000001;-0,658676892999999;2,620088793;1,601286071;-12,440823447;-19,709312625;-10,828672407
-15,590779447;-11,661847287;-9,740821845;-4,823682821;0,315242325000001;0,334368388000001;-0,658676892999999;2,620088793;1,601286071;-12,440823447;-19,709312625
-17,924047056;-15,590779447;-11,661847287;-9,740821845;-4,823682821;0,315242325000001;0,334368388000001;-0,658676892999999;2,620088793;1,601286071;-12,440823447
-14,985591028;-17,924047056;-15,590779447;-11,661847287;-9,740821845;-4,823682821;0,315242325000001;0,334368388000001;-0,658676892999999;2,620088793;1,601286071
-12,199483111;-14,985591028;-17,924047056;-15,590779447;-11,661847287;-9,740821845;-4,823682821;0,315242325000001;0,334368388000001;-0,658676892999999;2,620088793
-8,706030628;-12,199483111;-14,985591028;-17,924047056;-15,590779447;-11,661847287;-9,740821845;-4,823682821;0,315242325000001;0,334368388000001;-0,658676892999999
-6,007204009;-8,706030628;-12,199483111;-14,985591028;-17,924047056;-15,590779447;-11,661847287;-9,740821845;-4,823682821;0,315242325000001;0,334368388000001
-6,646890084;-6,007204009;-8,706030628;-12,199483111;-14,985591028;-17,924047056;-15,590779447;-11,661847287;-9,740821845;-4,823682821;0,315242325000001
-7,465688384;-6,646890084;-6,007204009;-8,706030628;-12,199483111;-14,985591028;-17,924047056;-15,590779447;-11,661847287;-9,740821845;-4,823682821
-9,29329995;-7,465688384;-6,646890084;-6,007204009;-8,706030628;-12,199483111;-14,985591028;-17,924047056;-15,590779447;-11,661847287;-9,740821845
-12,47120106;-9,29329995;-7,465688384;-6,646890084;-6,007204009;-8,706030628;-12,199483111;-14,985591028;-17,924047056;-15,590779447;-11,661847287
-17,237310032;-12,47120106;-9,29329995;-7,465688384;-6,646890084;-6,007204009;-8,706030628;-12,199483111;-14,985591028;-17,924047056;-15,590779447
-18,59626158;-17,237310032;-12,47120106;-9,29329995;-7,465688384;-6,646890084;-6,007204009;-8,706030628;-12,199483111;-14,985591028;-17,924047056
-14,510947271;-18,59626158;-17,237310032;-12,47120106;-9,29329995;-7,465688384;-6,646890084;-6,007204009;-8,706030628;-12,199483111;-14,985591028
-10,805643042;-14,510947271;-18,59626158;-17,237310032;-12,47120106;-9,29329995;-7,465688384;-6,646890084;-6,007204009;-8,706030628;-12,199483111
-8,82769494;-10,805643042;-14,510947271;-18,59626158;-17,237310032;-12,47120106;-9,29329995;-7,465688384;-6,646890084;-6,007204009;-8,706030628
-5,773863472;-8,82769494;-10,805643042;-14,510947271;-18,59626158;-17,237310032;-12,47120106;-9,29329995;-7,465688384;-6,646890084;-6,007204009
-2,072413744;-5,773863472;-8,82769494;-10,805643042;-14,510947271;-18,59626158;-17,237310032;-12,47120106;-9,29329995;-7,465688384;-6,646890084
-1,781222784;-2,072413744;-5,773863472;-8,82769494;-10,805643042;-14,510947271;-18,59626158;-17,237310032;-12,47120106;-9,29329995;-7,465688384
-7,044629118;-1,781222784;-2,072413744;-5,773863472;-8,82769494;-10,805643042;-14,510947271;-18,59626158;-17,237310032;-12,47120106;-9,29329995
-10,974874286;-7,044629118;-1,781222784;-2,072413744;-5,773863472;-8,82769494;-10,805643042;-14,510947271;-18,59626158;-17,237310032;-12,47120106
-9,924170593;-10,974874286;-7,044629118;-1,781222784;-2,072413744;-5,773863472;-8,82769494;-10,805643042;-14,510947271;-18,59626158;-17,237310032
-14,050427987;-9,924170593;-10,974874286;-7,044629118;-1,781222784;-2,072413744;-5,773863472;-8,82769494;-10,805643042;-14,510947271;-18,59626158
-19,297777218;-14,050427987;-9,924170593;-10,974874286;-7,044629118;-1,781222784;-2,072413744;-5,773863472;-8,82769494;-10,805643042;-14,510947271
-16,98918406;-19,297777218;-14,050427987;-9,924170593;-10,974874286;-7,044629118;-1,781222784;-2,072413744;-5,773863472;-8,82769494;-10,805643042
-12,686436844;-16,98918406;-19,297777218;-14,050427987;-9,924170593;-10,974874286;-7,044629118;-1,781222784;-2,072413744;-5,773863472;-8,82769494
-12,631766572;-12,686436844;-16,98918406;-19,297777218;-14,050427987;-9,924170593;-10,974874286;-7,044629118;-1,781222784;-2,072413744;-5,773863472
-13,122686238;-12,631766572;-12,686436844;-16,98918406;-19,297777218;-14,050427987;-9,924170593;-10,974874286;-7,044629118;-1,781222784;-2,072413744
-6,676623909;-13,122686238;-12,631766572;-12,686436844;-16,98918406;-19,297777218;-14,050427987;-9,924170593;-10,974874286;-7,044629118;-1,781222784
-1,693213866;-6,676623909;-13,122686238;-12,631766572;-12,686436844;-16,98918406;-19,297777218;-14,050427987;-9,924170593;-10,974874286;-7,044629118
-4,872523093;-1,693213866;-6,676623909;-13,122686238;-12,631766572;-12,686436844;-16,98918406;-19,297777218;-14,050427987;-9,924170593;-10,974874286
-5,838629066;-4,872523093;-1,693213866;-6,676623909;-13,122686238;-12,631766572;-12,686436844;-16,98918406;-19,297777218;-14,050427987;-9,924170593
-0,442351305;-5,838629066;-4,872523093;-1,693213866;-6,676623909;-13,122686238;-12,631766572;-12,686436844;-16,98918406;-19,297777218;-14,050427987
3,527448328;-0,442351305;-5,838629066;-4,872523093;-1,693213866;-6,676623909;-13,122686238;-12,631766572;-12,686436844;-16,98918406;-19,297777218
-3,759004079;3,527448328;-0,442351305;-5,838629066;-4,872523093;-1,693213866;-6,676623909;-13,122686238;-12,631766572;-12,686436844;-16,98918406
-12,017682559;-3,759004079;3,527448328;-0,442351305;-5,838629066;-4,872523093;-1,693213866;-6,676623909;-13,122686238;-12,631766572;-12,686436844
-8,358181339;-12,017682559;-3,759004079;3,527448328;-0,442351305;-5,838629066;-4,872523093;-1,693213866;-6,676623909;-13,122686238;-12,631766572
-7,05113918;-8,358181339;-12,017682559;-3,759004079;3,527448328;-0,442351305;-5,838629066;-4,872523093;-1,693213866;-6,676623909;-13,122686238
-16,910292978;-7,05113918;-8,358181339;-12,017682559;-3,759004079;3,527448328;-0,442351305;-5,838629066;-4,872523093;-1,693213866;-6,676623909
-23,944085079;-16,910292978;-7,05113918;-8,358181339;-12,017682559;-3,759004079;3,527448328;-0,442351305;-5,838629066;-4,872523093;-1,693213866
-16,699995942;-23,944085079;-16,910292978;-7,05113918;-8,358181339;-12,017682559;-3,759004079;3,527448328;-0,442351305;-5,838629066;-4,872523093
-8,453579943;-16,699995942;-23,944085079;-16,910292978;-7,05113918;-8,358181339;-12,017682559;-3,759004079;3,527448328;-0,442351305;-5,838629066
-11,283672375;-8,453579943;-16,699995942;-23,944085079;-16,910292978;-7,05113918;-8,358181339;-12,017682559;-3,759004079;3,527448328;-0,442351305
-10,15962235;-11,283672375;-8,453579943;-16,699995942;-23,944085079;-16,910292978;-7,05113918;-8,358181339;-12,017682559;-3,759004079;3,527448328
-2,570158807;-10,15962235;-11,283672375;-8,453579943;-16,699995942;-23,944085079;-16,910292978;-7,05113918;-8,358181339;-12,017682559;-3,759004079
-4,512891864;-2,570158807;-10,15962235;-11,283672375;-8,453579943;-16,699995942;-23,944085079;-16,910292978;-7,05113918;-8,358181339;-12,017682559
-16,123230828;-4,512891864;-2,570158807;-10,15962235;-11,283672375;-8,453579943;-16,699995942;-23,944085079;-16,910292978;-7,05113918;-8,358181339
-23,487809537;-16,123230828;-4,512891864;-2,570158807;-10,15962235;-11,283672375;-8,453579943;-16,699995942;-23,944085079;-16,910292978;-7,05113918
-22,84680562;-23,487809537;-16,123230828;-4,512891864;-2,570158807;-10,15962235;-11,283672375;-8,453579943;-16,699995942;-23,944085079;-16,910292978
-26,566626945;-22,84680562;-23,487809537;-16,123230828;-4,512891864;-2,570158807;-10,15962235;-11,283672375;-8,453579943;-16,699995942;-23,944085079
-32,005937889;-26,566626945;-22,84680562;-23,487809537;-16,123230828;-4,512891864;-2,570158807;-10,15962235;-11,283672375;-8,453579943;-16,699995942
-29,698660752;-32,005937889;-26,566626945;-22,84680562;-23,487809537;-16,123230828;-4,512891864;-2,570158807;-10,15962235;-11,283672375;-8,453579943
-21,985768176;-29,698660752;-32,005937889;-26,566626945;-22,84680562;-23,487809537;-16,123230828;-4,512891864;-2,570158807;-10,15962235;-11,283672375
-17,839262487;-21,985768176;-29,698660752;-32,005937889;-26,566626945;-22,84680562;-23,487809537;-16,123230828;-4,512891864;-2,570158807;-10,15962235
-16,738890547;-17,839262487;-21,985768176;-29,698660752;-32,005937889;-26,566626945;-22,84680562;-23,487809537;-16,123230828;-4,512891864;-2,570158807
-10,022328176;-16,738890547;-17,839262487;-21,985768176;-29,698660752;-32,005937889;-26,566626945;-22,84680562;-23,487809537;-16,123230828;-4,512891864
-5,009089774;-10,022328176;-16,738890547;-17,839262487;-21,985768176;-29,698660752;-32,005937889;-26,566626945;-22,84680562;-23,487809537;-16,123230828
-5,996403437;-5,009089774;-10,022328176;-16,738890547;-17,839262487;-21,985768176;-29,698660752;-32,005937889;-26,566626945;-22,84680562;-23,487809537
-8,279464878;-5,996403437;-5,009089774;-10,022328176;-16,738890547;-17,839262487;-21,985768176;-29,698660752;-32,005937889;-26,566626945;-22,84680562
-8,846292033;-8,279464878;-5,996403437;-5,009089774;-10,022328176;-16,738890547;-17,839262487;-21,985768176;-29,698660752;-32,005937889;-26,566626945
-7,49700924;-8,846292033;-8,279464878;-5,996403437;-5,009089774;-10,022328176;-16,738890547;-17,839262487;-21,985768176;-29,698660752;-32,005937889
-8,436195396;-7,49700924;-8,846292033;-8,279464878;-5,996403437;-5,009089774;-10,022328176;-16,738890547;-17,839262487;-21,985768176;-29,698660752
-9,609191682;-8,436195396;-7,49700924;-8,846292033;-8,279464878;-5,996403437;-5,009089774;-10,022328176;-16,738890547;-17,839262487;-21,985768176
-5,408203731;-9,609191682;-8,436195396;-7,49700924;-8,846292033;-8,279464878;-5,996403437;-5,009089774;-10,022328176;-16,738890547;-17,839262487
0,80486273;-5,408203731;-9,609191682;-8,436195396;-7,49700924;-8,846292033;-8,279464878;-5,996403437;-5,009089774;-10,022328176;-16,738890547
2,604416422;0,80486273;-5,408203731;-9,609191682;-8,436195396;-7,49700924;-8,846292033;-8,279464878;-5,996403437;-5,009089774;-10,022328176
-1,385065375;2,604416422;0,80486273;-5,408203731;-9,609191682;-8,436195396;-7,49700924;-8,846292033;-8,279464878;-5,996403437;-5,009089774
-3,807665675;-1,385065375;2,604416422;0,80486273;-5,408203731;-9,609191682;-8,436195396;-7,49700924;-8,846292033;-8,279464878;-5,996403437
-3,831247242;-3,807665675;-1,385065375;2,604416422;0,80486273;-5,408203731;-9,609191682;-8,436195396;-7,49700924;-8,846292033;-8,279464878
-9,086338478;-3,831247242;-3,807665675;-1,385065375;2,604416422;0,80486273;-5,408203731;-9,609191682;-8,436195396;-7,49700924;-8,846292033
-14,929304891;-9,086338478;-3,831247242;-3,807665675;-1,385065375;2,604416422;0,80486273;-5,408203731;-9,609191682;-8,436195396;-7,49700924
-14,346466737;-14,929304891;-9,086338478;-3,831247242;-3,807665675;-1,385065375;2,604416422;0,80486273;-5,408203731;-9,609191682;-8,436195396
-8,389607141;-14,346466737;-14,929304891;-9,086338478;-3,831247242;-3,807665675;-1,385065375;2,604416422;0,80486273;-5,408203731;-9,609191682
-3,281014381;-8,389607141;-14,346466737;-14,929304891;-9,086338478;-3,831247242;-3,807665675;-1,385065375;2,604416422;0,80486273;-5,408203731
-2,585421577;-3,281014381;-8,389607141;-14,346466737;-14,929304891;-9,086338478;-3,831247242;-3,807665675;-1,385065375;2,604416422;0,80486273
-0,378105285;-2,585421577;-3,281014381;-8,389607141;-14,346466737;-14,929304891;-9,086338478;-3,831247242;-3,807665675;-1,385065375;2,604416422
6,686324513;-0,378105285;-2,585421577;-3,281014381;-8,389607141;-14,346466737;-14,929304891;-9,086338478;-3,831247242;-3,807665675;-1,385065375
9,856748866;6,686324513;-0,378105285;-2,585421577;-3,281014381;-8,389607141;-14,346466737;-14,929304891;-9,086338478;-3,831247242;-3,807665675
2,670185893;9,856748866;6,686324513;-0,378105285;-2,585421577;-3,281014381;-8,389607141;-14,346466737;-14,929304891;-9,086338478;-3,831247242
-4,242118628;2,670185893;9,856748866;6,686324513;-0,378105285;-2,585421577;-3,281014381;-8,389607141;-14,346466737;-14,929304891;-9,086338478
-0,256993732999999;-4,242118628;2,670185893;9,856748866;6,686324513;-0,378105285;-2,585421577;-3,281014381;-8,389607141;-14,346466737;-14,929304891
6,850127712;-0,256993732999999;-4,242118628;2,670185893;9,856748866;6,686324513;-0,378105285;-2,585421577;-3,281014381;-8,389607141;-14,346466737
3,256459948;6,850127712;-0,256993732999999;-4,242118628;2,670185893;9,856748866;6,686324513;-0,378105285;-2,585421577;-3,281014381;-8,389607141
1,232123078;3,256459948;6,850127712;-0,256993732999999;-4,242118628;2,670185893;9,856748866;6,686324513;-0,378105285;-2,585421577;-3,281014381
10,916357581;1,232123078;3,256459948;6,850127712;-0,256993732999999;-4,242118628;2,670185893;9,856748866;6,686324513;-0,378105285;-2,585421577
12,784535791;10,916357581;1,232123078;3,256459948;6,850127712;-0,256993732999999;-4,242118628;2,670185893;9,856748866;6,686324513;-0,378105285
2,843339312;12,784535791;10,916357581;1,232123078;3,256459948;6,850127712;-0,256993732999999;-4,242118628;2,670185893;9,856748866;6,686324513
-5,428165854;2,843339312;12,784535791;10,916357581;1,232123078;3,256459948;6,850127712;-0,256993732999999;-4,242118628;2,670185893;9,856748866
-2,051632091;-5,428165854;2,843339312;12,784535791;10,916357581;1,232123078;3,256459948;6,850127712;-0,256993732999999;-4,242118628;2,670185893
-1,544267823;-2,051632091;-5,428165854;2,843339312;12,784535791;10,916357581;1,232123078;3,256459948;6,850127712;-0,256993732999999;-4,242118628
-10,905506065;-1,544267823;-2,051632091;-5,428165854;2,843339312;12,784535791;10,916357581;1,232123078;3,256459948;6,850127712;-0,256993732999999
-9,5209017;-10,905506065;-1,544267823;-2,051632091;-5,428165854;2,843339312;12,784535791;10,916357581;1,232123078;3,256459948;6,850127712
2,857953094;-9,5209017;-10,905506065;-1,544267823;-2,051632091;-5,428165854;2,843339312;12,784535791;10,916357581;1,232123078;3,256459948
7,035679508;2,857953094;-9,5209017;-10,905506065;-1,544267823;-2,051632091;-5,428165854;2,843339312;12,784535791;10,916357581;1,232123078
-1,723570843;7,035679508;2,857953094;-9,5209017;-10,905506065;-1,544267823;-2,051632091;-5,428165854;2,843339312;12,784535791;10,916357581
-2,609022733;-1,723570843;7,035679508;2,857953094;-9,5209017;-10,905506065;-1,544267823;-2,051632091;-5,428165854;2,843339312;12,784535791
5,119281992;-2,609022733;-1,723570843;7,035679508;2,857953094;-9,5209017;-10,905506065;-1,544267823;-2,051632091;-5,428165854;2,843339312
2,929887443;5,119281992;-2,609022733;-1,723570843;7,035679508;2,857953094;-9,5209017;-10,905506065;-1,544267823;-2,051632091;-5,428165854
-4,165030828;2,929887443;5,119281992;-2,609022733;-1,723570843;7,035679508;2,857953094;-9,5209017;-10,905506065;-1,544267823;-2,051632091
-1,170163024;-4,165030828;2,929887443;5,119281992;-2,609022733;-1,723570843;7,035679508;2,857953094;-9,5209017;-10,905506065;-1,544267823
5,364819753;-1,170163024;-4,165030828;2,929887443;5,119281992;-2,609022733;-1,723570843;7,035679508;2,857953094;-9,5209017;-10,905506065
4,215223324;5,364819753;-1,170163024;-4,165030828;2,929887443;5,119281992;-2,609022733;-1,723570843;7,035679508;2,857953094;-9,5209017
3,406180138;4,215223324;5,364819753;-1,170163024;-4,165030828;2,929887443;5,119281992;-2,609022733;-1,723570843;7,035679508;2,857953094
6,499608636;3,406180138;4,215223324;5,364819753;-1,170163024;-4,165030828;2,929887443;5,119281992;-2,609022733;-1,723570843;7,035679508
6,771489803;6,499608636;3,406180138;4,215223324;5,364819753;-1,170163024;-4,165030828;2,929887443;5,119281992;-2,609022733;-1,723570843
3,202177142;6,771489803;6,499608636;3,406180138;4,215223324;5,364819753;-1,170163024;-4,165030828;2,929887443;5,119281992;-2,609022733
2,688768937;3,202177142;6,771489803;6,499608636;3,406180138;4,215223324;5,364819753;-1,170163024;-4,165030828;2,929887443;5,119281992
2,282275795;2,688768937;3,202177142;6,771489803;6,499608636;3,406180138;4,215223324;5,364819753;-1,170163024;-4,165030828;2,929887443
-1,678098873;2,282275795;2,688768937;3,202177142;6,771489803;6,499608636;3,406180138;4,215223324;5,364819753;-1,170163024;-4,165030828
-0,459686373;-1,678098873;2,282275795;2,688768937;3,202177142;6,771489803;6,499608636;3,406180138;4,215223324;5,364819753;-1,170163024
3,463189354;-0,459686373;-1,678098873;2,282275795;2,688768937;3,202177142;6,771489803;6,499608636;3,406180138;4,215223324;5,364819753
3,395219356;3,463189354;-0,459686373;-1,678098873;2,282275795;2,688768937;3,202177142;6,771489803;6,499608636;3,406180138;4,215223324
3,496705736;3,395219356;3,463189354;-0,459686373;-1,678098873;2,282275795;2,688768937;3,202177142;6,771489803;6,499608636;3,406180138
6,499790294;3,496705736;3,395219356;3,463189354;-0,459686373;-1,678098873;2,282275795;2,688768937;3,202177142;6,771489803;6,499608636
8,008562195;6,499790294;3,496705736;3,395219356;3,463189354;-0,459686373;-1,678098873;2,282275795;2,688768937;3,202177142;6,771489803
4,523027389;8,008562195;6,499790294;3,496705736;3,395219356;3,463189354;-0,459686373;-1,678098873;2,282275795;2,688768937;3,202177142
1,991406842;4,523027389;8,008562195;6,499790294;3,496705736;3,395219356;3,463189354;-0,459686373;-1,678098873;2,282275795;2,688768937
2,85845813;1,991406842;4,523027389;8,008562195;6,499790294;3,496705736;3,395219356;3,463189354;-0,459686373;-1,678098873;2,282275795
2,922943615;2,85845813;1,991406842;4,523027389;8,008562195;6,499790294;3,496705736;3,395219356;3,463189354;-0,459686373;-1,678098873
4,741223098;2,922943615;2,85845813;1,991406842;4,523027389;8,008562195;6,499790294;3,496705736;3,395219356;3,463189354;-0,459686373
6,837483793;4,741223098;2,922943615;2,85845813;1,991406842;4,523027389;8,008562195;6,499790294;3,496705736;3,395219356;3,463189354
8,710171563;6,837483793;4,741223098;2,922943615;2,85845813;1,991406842;4,523027389;8,008562195;6,499790294;3,496705736;3,395219356
11,181073555;8,710171563;6,837483793;4,741223098;2,922943615;2,85845813;1,991406842;4,523027389;8,008562195;6,499790294;3,496705736
10,853953247;11,181073555;8,710171563;6,837483793;4,741223098;2,922943615;2,85845813;1,991406842;4,523027389;8,008562195;6,499790294
9,013215922;10,853953247;11,181073555;8,710171563;6,837483793;4,741223098;2,922943615;2,85845813;1,991406842;4,523027389;8,008562195
9,27710329;9,013215922;10,853953247;11,181073555;8,710171563;6,837483793;4,741223098;2,922943615;2,85845813;1,991406842;4,523027389
11,879904566;9,27710329;9,013215922;10,853953247;11,181073555;8,710171563;6,837483793;4,741223098;2,922943615;2,85845813;1,991406842
9,083738229;11,879904566;9,27710329;9,013215922;10,853953247;11,181073555;8,710171563;6,837483793;4,741223098;2,922943615;2,85845813
5,651838007;9,083738229;11,879904566;9,27710329;9,013215922;10,853953247;11,181073555;8,710171563;6,837483793;4,741223098;2,922943615
12,070532815;5,651838007;9,083738229;11,879904566;9,27710329;9,013215922;10,853953247;11,181073555;8,710171563;6,837483793;4,741223098
17,395197948;12,070532815;5,651838007;9,083738229;11,879904566;9,27710329;9,013215922;10,853953247;11,181073555;8,710171563;6,837483793
11,950825831;17,395197948;12,070532815;5,651838007;9,083738229;11,879904566;9,27710329;9,013215922;10,853953247;11,181073555;8,710171563
5,875952801;11,950825831;17,395197948;12,070532815;5,651838007;9,083738229;11,879904566;9,27710329;9,013215922;10,853953247;11,181073555
9,217582085;5,875952801;11,950825831;17,395197948;12,070532815;5,651838007;9,083738229;11,879904566;9,27710329;9,013215922;10,853953247
12,271074398;9,217582085;5,875952801;11,950825831;17,395197948;12,070532815;5,651838007;9,083738229;11,879904566;9,27710329;9,013215922
5,547298868;12,271074398;9,217582085;5,875952801;11,950825831;17,395197948;12,070532815;5,651838007;9,083738229;11,879904566;9,27710329
0,455689185;5,547298868;12,271074398;9,217582085;5,875952801;11,950825831;17,395197948;12,070532815;5,651838007;9,083738229;11,879904566
3,984708059;0,455689185;5,547298868;12,271074398;9,217582085;5,875952801;11,950825831;17,395197948;12,070532815;5,651838007;9,083738229
7,398719088;3,984708059;0,455689185;5,547298868;12,271074398;9,217582085;5,875952801;11,950825831;17,395197948;12,070532815;5,651838007
5,842711614;7,398719088;3,984708059;0,455689185;5,547298868;12,271074398;9,217582085;5,875952801;11,950825831;17,395197948;12,070532815
2,878832891;5,842711614;7,398719088;3,984708059;0,455689185;5,547298868;12,271074398;9,217582085;5,875952801;11,950825831;17,395197948
1,999825628;2,878832891;5,842711614;7,398719088;3,984708059;0,455689185;5,547298868;12,271074398;9,217582085;5,875952801;11,950825831
0,902224316;1,999825628;2,878832891;5,842711614;7,398719088;3,984708059;0,455689185;5,547298868;12,271074398;9,217582085;5,875952801
-1,722003649;0,902224316;1,999825628;2,878832891;5,842711614;7,398719088;3,984708059;0,455689185;5,547298868;12,271074398;9,217582085
-3,053474014;-1,722003649;0,902224316;1,999825628;2,878832891;5,842711614;7,398719088;3,984708059;0,455689185;5,547298868;12,271074398
-2,847382979;-3,053474014;-1,722003649;0,902224316;1,999825628;2,878832891;5,842711614;7,398719088;3,984708059;0,455689185;5,547298868
-2,15825809;-2,847382979;-3,053474014;-1,722003649;0,902224316;1,999825628;2,878832891;5,842711614;7,398719088;3,984708059;0,455689185
-1,244587617;-2,15825809;-2,847382979;-3,053474014;-1,722003649;0,902224316;1,999825628;2,878832891;5,842711614;7,398719088;3,984708059
1,11476037;-1,244587617;-2,15825809;-2,847382979;-3,053474014;-1,722003649;0,902224316;1,999825628;2,878832891;5,842711614;7,398719088
0,444446254;1,11476037;-1,244587617;-2,15825809;-2,847382979;-3,053474014;-1,722003649;0,902224316;1,999825628;2,878832891;5,842711614
-0,514450962;0,444446254;1,11476037;-1,244587617;-2,15825809;-2,847382979;-3,053474014;-1,722003649;0,902224316;1,999825628;2,878832891
1,31809001;-0,514450962;0,444446254;1,11476037;-1,244587617;-2,15825809;-2,847382979;-3,053474014;-1,722003649;0,902224316;1,999825628
1,455736575;1,31809001;-0,514450962;0,444446254;1,11476037;-1,244587617;-2,15825809;-2,847382979;-3,053474014;-1,722003649;0,902224316
-0,0691731079999999;1,455736575;1,31809001;-0,514450962;0,444446254;1,11476037;-1,244587617;-2,15825809;-2,847382979;-3,053474014;-1,722003649
-0,885510887;-0,0691731079999999;1,455736575;1,31809001;-0,514450962;0,444446254;1,11476037;-1,244587617;-2,15825809;-2,847382979;-3,053474014
1,522017144;-0,885510887;-0,0691731079999999;1,455736575;1,31809001;-0,514450962;0,444446254;1,11476037;-1,244587617;-2,15825809;-2,847382979
1,101800312;1,522017144;-0,885510887;-0,0691731079999999;1,455736575;1,31809001;-0,514450962;0,444446254;1,11476037;-1,244587617;-2,15825809
-1,166260593;1,101800312;1,522017144;-0,885510887;-0,0691731079999999;1,455736575;1,31809001;-0,514450962;0,444446254;1,11476037;-1,244587617
-1,74265473;-1,166260593;1,101800312;1,522017144;-0,885510887;-0,0691731079999999;1,455736575;1,31809001;-0,514450962;0,444446254;1,11476037
-2,479241735;-1,74265473;-1,166260593;1,101800312;1,522017144;-0,885510887;-0,0691731079999999;1,455736575;1,31809001;-0,514450962;0,444446254
-3,80861698;-2,479241735;-1,74265473;-1,166260593;1,101800312;1,522017144;-0,885510887;-0,0691731079999999;1,455736575;1,31809001;-0,514450962
-3,214190834;-3,80861698;-2,479241735;-1,74265473;-1,166260593;1,101800312;1,522017144;-0,885510887;-0,0691731079999999;1,455736575;1,31809001
-1,533845803;-3,214190834;-3,80861698;-2,479241735;-1,74265473;-1,166260593;1,101800312;1,522017144;-0,885510887;-0,0691731079999999;1,455736575
-4,137037388;-1,533845803;-3,214190834;-3,80861698;-2,479241735;-1,74265473;-1,166260593;1,101800312;1,522017144;-0,885510887;-0,0691731079999999
-4,628996322;-4,137037388;-1,533845803;-3,214190834;-3,80861698;-2,479241735;-1,74265473;-1,166260593;1,101800312;1,522017144;-0,885510887
-0,0787602179999997;-4,628996322;-4,137037388;-1,533845803;-3,214190834;-3,80861698;-2,479241735;-1,74265473;-1,166260593;1,101800312;1,522017144
0,898136964;-0,0787602179999997;-4,628996322;-4,137037388;-1,533845803;-3,214190834;-3,80861698;-2,479241735;-1,74265473;-1,166260593;1,101800312
-3,5446425;0,898136964;-0,0787602179999997;-4,628996322;-4,137037388;-1,533845803;-3,214190834;-3,80861698;-2,479241735;-1,74265473;-1,166260593
-3,560750155;-3,5446425;0,898136964;-0,0787602179999997;-4,628996322;-4,137037388;-1,533845803;-3,214190834;-3,80861698;-2,479241735;-1,74265473
0,169142986;-3,560750155;-3,5446425;0,898136964;-0,0787602179999997;-4,628996322;-4,137037388;-1,533845803;-3,214190834;-3,80861698;-2,479241735
-1,027888256;0,169142986;-3,560750155;-3,5446425;0,898136964;-0,0787602179999997;-4,628996322;-4,137037388;-1,533845803;-3,214190834;-3,80861698
-3,731748599;-1,027888256;0,169142986;-3,560750155;-3,5446425;0,898136964;-0,0787602179999997;-4,628996322;-4,137037388;-1,533845803;-3,214190834
-1,806000885;-3,731748599;-1,027888256;0,169142986;-3,560750155;-3,5446425;0,898136964;-0,0787602179999997;-4,628996322;-4,137037388;-1,533845803
0,979709263;-1,806000885;-3,731748599;-1,027888256;0,169142986;-3,560750155;-3,5446425;0,898136964;-0,0787602179999997;-4,628996322;-4,137037388
-0,390607481;0,979709263;-1,806000885;-3,731748599;-1,027888256;0,169142986;-3,560750155;-3,5446425;0,898136964;-0,0787602179999997;-4,628996322
0,175127302;-0,390607481;0,979709263;-1,806000885;-3,731748599;-1,027888256;0,169142986;-3,560750155;-3,5446425;0,898136964;-0,0787602179999997
3,909599706;0,175127302;-0,390607481;0,979709263;-1,806000885;-3,731748599;-1,027888256;0,169142986;-3,560750155;-3,5446425;0,898136964
3,769720237;3,909599706;0,175127302;-0,390607481;0,979709263;-1,806000885;-3,731748599;-1,027888256;0,169142986;-3,560750155;-3,5446425
1,540659433;3,769720237;3,909599706;0,175127302;-0,390607481;0,979709263;-1,806000885;-3,731748599;-1,027888256;0,169142986;-3,560750155
2,881352084;1,540659433;3,769720237;3,909599706;0,175127302;-0,390607481;0,979709263;-1,806000885;-3,731748599;-1,027888256;0,169142986
2,682423177;2,881352084;1,540659433;3,769720237;3,909599706;0,175127302;-0,390607481;0,979709263;-1,806000885;-3,731748599;-1,027888256
1,140036398;2,682423177;2,881352084;1,540659433;3,769720237;3,909599706;0,175127302;-0,390607481;0,979709263;-1,806000885;-3,731748599
1,149750635;1,140036398;2,682423177;2,881352084;1,540659433;3,769720237;3,909599706;0,175127302;-0,390607481;0,979709263;-1,806000885
0,88136735;1,149750635;1,140036398;2,682423177;2,881352084;1,540659433;3,769720237;3,909599706;0,175127302;-0,390607481;0,979709263
1,029396765;0,88136735;1,149750635;1,140036398;2,682423177;2,881352084;1,540659433;3,769720237;3,909599706;0,175127302;-0,390607481
-1,182563448;1,029396765;0,88136735;1,149750635;1,140036398;2,682423177;2,881352084;1,540659433;3,769720237;3,909599706;0,175127302
-0,530943572;-1,182563448;1,029396765;0,88136735;1,149750635;1,140036398;2,682423177;2,881352084;1,540659433;3,769720237;3,909599706
2,947936793;-0,530943572;-1,182563448;1,029396765;0,88136735;1,149750635;1,140036398;2,682423177;2,881352084;1,540659433;3,769720237
1,165704661;2,947936793;-0,530943572;-1,182563448;1,029396765;0,88136735;1,149750635;1,140036398;2,682423177;2,881352084;1,540659433
-2,827658928;1,165704661;2,947936793;-0,530943572;-1,182563448;1,029396765;0,88136735;1,149750635;1,140036398;2,682423177;2,881352084
-0,985115351;-2,827658928;1,165704661;2,947936793;-0,530943572;-1,182563448;1,029396765;0,88136735;1,149750635;1,140036398;2,682423177
3,838393253;-0,985115351;-2,827658928;1,165704661;2,947936793;-0,530943572;-1,182563448;1,029396765;0,88136735;1,149750635;1,140036398
3,070595233;3,838393253;-0,985115351;-2,827658928;1,165704661;2,947936793;-0,530943572;-1,182563448;1,029396765;0,88136735;1,149750635
-2,0418872;3,070595233;3,838393253;-0,985115351;-2,827658928;1,165704661;2,947936793;-0,530943572;-1,182563448;1,029396765;0,88136735
-1,469170359;-2,0418872;3,070595233;3,838393253;-0,985115351;-2,827658928;1,165704661;2,947936793;-0,530943572;-1,182563448;1,029396765
3,554305457;-1,469170359;-2,0418872;3,070595233;3,838393253;-0,985115351;-2,827658928;1,165704661;2,947936793;-0,530943572;-1,182563448
0,917310752;3,554305457;-1,469170359;-2,0418872;3,070595233;3,838393253;-0,985115351;-2,827658928;1,165704661;2,947936793;-0,530943572
-1,394765589;0,917310752;3,554305457;-1,469170359;-2,0418872;3,070595233;3,838393253;-0,985115351;-2,827658928;1,165704661;2,947936793
2,620897219;-1,394765589;0,917310752;3,554305457;-1,469170359;-2,0418872;3,070595233;3,838393253;-0,985115351;-2,827658928;1,165704661
0,760216078;2,620897219;-1,394765589;0,917310752;3,554305457;-1,469170359;-2,0418872;3,070595233;3,838393253;-0,985115351;-2,827658928
-3,487576165;0,760216078;2,620897219;-1,394765589;0,917310752;3,554305457;-1,469170359;-2,0418872;3,070595233;3,838393253;-0,985115351
1,817425316;-3,487576165;0,760216078;2,620897219;-1,394765589;0,917310752;3,554305457;-1,469170359;-2,0418872;3,070595233;3,838393253
5,189083824;1,817425316;-3,487576165;0,760216078;2,620897219;-1,394765589;0,917310752;3,554305457;-1,469170359;-2,0418872;3,070595233
-1,598751653;5,189083824;1,817425316;-3,487576165;0,760216078;2,620897219;-1,394765589;0,917310752;3,554305457;-1,469170359;-2,0418872
-4,626504884;-1,598751653;5,189083824;1,817425316;-3,487576165;0,760216078;2,620897219;-1,394765589;0,917310752;3,554305457;-1,469170359
1,330076965;-4,626504884;-1,598751653;5,189083824;1,817425316;-3,487576165;0,760216078;2,620897219;-1,394765589;0,917310752;3,554305457
2,161786487;1,330076965;-4,626504884;-1,598751653;5,189083824;1,817425316;-3,487576165;0,760216078;2,620897219;-1,394765589;0,917310752
-2,93422744;2,161786487;1,330076965;-4,626504884;-1,598751653;5,189083824;1,817425316;-3,487576165;0,760216078;2,620897219;-1,394765589
-0,812192186;-2,93422744;2,161786487;1,330076965;-4,626504884;-1,598751653;5,189083824;1,817425316;-3,487576165;0,760216078;2,620897219
3,809732137;-0,812192186;-2,93422744;2,161786487;1,330076965;-4,626504884;-1,598751653;5,189083824;1,817425316;-3,487576165;0,760216078
-1,484733132;3,809732137;-0,812192186;-2,93422744;2,161786487;1,330076965;-4,626504884;-1,598751653;5,189083824;1,817425316;-3,487576165
-3,788977572;-1,484733132;3,809732137;-0,812192186;-2,93422744;2,161786487;1,330076965;-4,626504884;-1,598751653;5,189083824;1,817425316
3,736007284;-3,788977572;-1,484733132;3,809732137;-0,812192186;-2,93422744;2,161786487;1,330076965;-4,626504884;-1,598751653;5,189083824
3,847181278;3,736007284;-3,788977572;-1,484733132;3,809732137;-0,812192186;-2,93422744;2,161786487;1,330076965;-4,626504884;-1,598751653
-3,525468594;3,847181278;3,736007284;-3,788977572;-1,484733132;3,809732137;-0,812192186;-2,93422744;2,161786487;1,330076965;-4,626504884
-4,071439572;-3,525468594;3,847181278;3,736007284;-3,788977572;-1,484733132;3,809732137;-0,812192186;-2,93422744;2,161786487;1,330076965
2,070843883;-4,071439572;-3,525468594;3,847181278;3,736007284;-3,788977572;-1,484733132;3,809732137;-0,812192186;-2,93422744;2,161786487
4,683375591;2,070843883;-4,071439572;-3,525468594;3,847181278;3,736007284;-3,788977572;-1,484733132;3,809732137;-0,812192186;-2,93422744
3,540708907;4,683375591;2,070843883;-4,071439572;-3,525468594;3,847181278;3,736007284;-3,788977572;-1,484733132;3,809732137;-0,812192186
-0,537198554;3,540708907;4,683375591;2,070843883;-4,071439572;-3,525468594;3,847181278;3,736007284;-3,788977572;-1,484733132;3,809732137
1,747717102;-0,537198554;3,540708907;4,683375591;2,070843883;-4,071439572;-3,525468594;3,847181278;3,736007284;-3,788977572;-1,484733132
7,247903258;1,747717102;-0,537198554;3,540708907;4,683375591;2,070843883;-4,071439572;-3,525468594;3,847181278;3,736007284;-3,788977572
8,630754407;7,247903258;1,747717102;-0,537198554;3,540708907;4,683375591;2,070843883;-4,071439572;-3,525468594;3,847181278;3,736007284
5,564177787;8,630754407;7,247903258;1,747717102;-0,537198554;3,540708907;4,683375591;2,070843883;-4,071439572;-3,525468594;3,847181278
0,609476774;5,564177787;8,630754407;7,247903258;1,747717102;-0,537198554;3,540708907;4,683375591;2,070843883;-4,071439572;-3,525468594
2,793033436;0,609476774;5,564177787;8,630754407;7,247903258;1,747717102;-0,537198554;3,540708907;4,683375591;2,070843883;-4,071439572
4,887318601;2,793033436;0,609476774;5,564177787;8,630754407;7,247903258;1,747717102;-0,537198554;3,540708907;4,683375591;2,070843883
1,80739433;4,887318601;2,793033436;0,609476774;5,564177787;8,630754407;7,247903258;1,747717102;-0,537198554;3,540708907;4,683375591
-0,518110389;1,80739433;4,887318601;2,793033436;0,609476774;5,564177787;8,630754407;7,247903258;1,747717102;-0,537198554;3,540708907
-0,0771433740000001;-0,518110389;1,80739433;4,887318601;2,793033436;0,609476774;5,564177787;8,630754407;7,247903258;1,747717102;-0,537198554
2,230292629;-0,0771433740000001;-0,518110389;1,80739433;4,887318601;2,793033436;0,609476774;5,564177787;8,630754407;7,247903258;1,747717102
3,531930581;2,230292629;-0,0771433740000001;-0,518110389;1,80739433;4,887318601;2,793033436;0,609476774;5,564177787;8,630754407;7,247903258
3,291446394;3,531930581;2,230292629;-0,0771433740000001;-0,518110389;1,80739433;4,887318601;2,793033436;0,609476774;5,564177787;8,630754407
5,306612811;3,291446394;3,531930581;2,230292629;-0,0771433740000001;-0,518110389;1,80739433;4,887318601;2,793033436;0,609476774;5,564177787
4,719929629;5,306612811;3,291446394;3,531930581;2,230292629;-0,0771433740000001;-0,518110389;1,80739433;4,887318601;2,793033436;0,609476774
-0,16113518;4,719929629;5,306612811;3,291446394;3,531930581;2,230292629;-0,0771433740000001;-0,518110389;1,80739433;4,887318601;2,793033436
0,184479748;-0,16113518;4,719929629;5,306612811;3,291446394;3,531930581;2,230292629;-0,0771433740000001;-0,518110389;1,80739433;4,887318601
6,353534266;0,184479748;-0,16113518;4,719929629;5,306612811;3,291446394;3,531930581;2,230292629;-0,0771433740000001;-0,518110389;1,80739433
5,87808288;6,353534266;0,184479748;-0,16113518;4,719929629;5,306612811;3,291446394;3,531930581;2,230292629;-0,0771433740000001;-0,518110389
1,254412128;5,87808288;6,353534266;0,184479748;-0,16113518;4,719929629;5,306612811;3,291446394;3,531930581;2,230292629;-0,0771433740000001
4,2808445;1,254412128;5,87808288;6,353534266;0,184479748;-0,16113518;4,719929629;5,306612811;3,291446394;3,531930581;2,230292629
9,438028696;4,2808445;1,254412128;5,87808288;6,353534266;0,184479748;-0,16113518;4,719929629;5,306612811;3,291446394;3,531930581
7,01195608;9,438028696;4,2808445;1,254412128;5,87808288;6,353534266;0,184479748;-0,16113518;4,719929629;5,306612811;3,291446394
3,569699166;7,01195608;9,438028696;4,2808445;1,254412128;5,87808288;6,353534266;0,184479748;-0,16113518;4,719929629;5,306612811
5,972338191;3,569699166;7,01195608;9,438028696;4,2808445;1,254412128;5,87808288;6,353534266;0,184479748;-0,16113518;4,719929629
8,032441806;5,972338191;3,569699166;7,01195608;9,438028696;4,2808445;1,254412128;5,87808288;6,353534266;0,184479748;-0,16113518
5,576356232;8,032441806;5,972338191;3,569699166;7,01195608;9,438028696;4,2808445;1,254412128;5,87808288;6,353534266;0,184479748
6,619002659;5,576356232;8,032441806;5,972338191;3,569699166;7,01195608;9,438028696;4,2808445;1,254412128;5,87808288;6,353534266
11,80344362;6,619002659;5,576356232;8,032441806;5,972338191;3,569699166;7,01195608;9,438028696;4,2808445;1,254412128;5,87808288
12,995743193;11,80344362;6,619002659;5,576356232;8,032441806;5,972338191;3,569699166;7,01195608;9,438028696;4,2808445;1,254412128
10,568762269;12,995743193;11,80344362;6,619002659;5,576356232;8,032441806;5,972338191;3,569699166;7,01195608;9,438028696;4,2808445
10,119918441;10,568762269;12,995743193;11,80344362;6,619002659;5,576356232;8,032441806;5,972338191;3,569699166;7,01195608;9,438028696
13,353372277;10,119918441;10,568762269;12,995743193;11,80344362;6,619002659;5,576356232;8,032441806;5,972338191;3,569699166;7,01195608
15,654038353;13,353372277;10,119918441;10,568762269;12,995743193;11,80344362;6,619002659;5,576356232;8,032441806;5,972338191;3,569699166
14,477187879;15,654038353;13,353372277;10,119918441;10,568762269;12,995743193;11,80344362;6,619002659;5,576356232;8,032441806;5,972338191
10,82045605;14,477187879;15,654038353;13,353372277;10,119918441;10,568762269;12,995743193;11,80344362;6,619002659;5,576356232;8,032441806
10,279646524;10,82045605;14,477187879;15,654038353;13,353372277;10,119918441;10,568762269;12,995743193;11,80344362;6,619002659;5,576356232
14,284486867;10,279646524;10,82045605;14,477187879;15,654038353;13,353372277;10,119918441;10,568762269;12,995743193;11,80344362;6,619002659
15,347958838;14,284486867;10,279646524;10,82045605;14,477187879;15,654038353;13,353372277;10,119918441;10,568762269;12,995743193;11,80344362
12,77080031;15,347958838;14,284486867;10,279646524;10,82045605;14,477187879;15,654038353;13,353372277;10,119918441;10,568762269;12,995743193
12,135435768;12,77080031;15,347958838;14,284486867;10,279646524;10,82045605;14,477187879;15,654038353;13,353372277;10,119918441;10,568762269
15,34976179;12,135435768;12,77080031;15,347958838;14,284486867;10,279646524;10,82045605;14,477187879;15,654038353;13,353372277;10,119918441
18,524475951;15,34976179;12,135435768;12,77080031;15,347958838;14,284486867;10,279646524;10,82045605;14,477187879;15,654038353;13,353372277
18,327136673;18,524475951;15,34976179;12,135435768;12,77080031;15,347958838;14,284486867;10,279646524;10,82045605;14,477187879;15,654038353
20,638317103;18,327136673;18,524475951;15,34976179;12,135435768;12,77080031;15,347958838;14,284486867;10,279646524;10,82045605;14,477187879
21,760488355;20,638317103;18,327136673;18,524475951;15,34976179;12,135435768;12,77080031;15,347958838;14,284486867;10,279646524;10,82045605
14,569151538;21,760488355;20,638317103;18,327136673;18,524475951;15,34976179;12,135435768;12,77080031;15,347958838;14,284486867;10,279646524
15,957051122;14,569151538;21,760488355;20,638317103;18,327136673;18,524475951;15,34976179;12,135435768;12,77080031;15,347958838;14,284486867
24,29499714;15,957051122;14,569151538;21,760488355;20,638317103;18,327136673;18,524475951;15,34976179;12,135435768;12,77080031;15,347958838
21,279104139;24,29499714;15,957051122;14,569151538;21,760488355;20,638317103;18,327136673;18,524475951;15,34976179;12,135435768;12,77080031
11,213952872;21,279104139;24,29499714;15,957051122;14,569151538;21,760488355;20,638317103;18,327136673;18,524475951;15,34976179;12,135435768
14,760279558;11,213952872;21,279104139;24,29499714;15,957051122;14,569151538;21,760488355;20,638317103;18,327136673;18,524475951;15,34976179
24,633609686;14,760279558;11,213952872;21,279104139;24,29499714;15,957051122;14,569151538;21,760488355;20,638317103;18,327136673;18,524475951
16,610231546;24,633609686;14,760279558;11,213952872;21,279104139;24,29499714;15,957051122;14,569151538;21,760488355;20,638317103;18,327136673
5,435896104;16,610231546;24,633609686;14,760279558;11,213952872;21,279104139;24,29499714;15,957051122;14,569151538;21,760488355;20,638317103
9,44019399;5,435896104;16,610231546;24,633609686;14,760279558;11,213952872;21,279104139;24,29499714;15,957051122;14,569151538;21,760488355
11,751053594;9,44019399;5,435896104;16,610231546;24,633609686;14,760279558;11,213952872;21,279104139;24,29499714;15,957051122;14,569151538
0,746209401999999;11,751053594;9,44019399;5,435896104;16,610231546;24,633609686;14,760279558;11,213952872;21,279104139;24,29499714;15,957051122
0,457309282999999;0,746209401999999;11,751053594;9,44019399;5,435896104;16,610231546;24,633609686;14,760279558;11,213952872;21,279104139;24,29499714
11,024185889;0,457309282999999;0,746209401999999;11,751053594;9,44019399;5,435896104;16,610231546;24,633609686;14,760279558;11,213952872;21,279104139
9,164702389;11,024185889;0,457309282999999;0,746209401999999;11,751053594;9,44019399;5,435896104;16,610231546;24,633609686;14,760279558;11,213952872
0,617053429999999;9,164702389;11,024185889;0,457309282999999;0,746209401999999;11,751053594;9,44019399;5,435896104;16,610231546;24,633609686;14,760279558
3,780812575;0,617053429999999;9,164702389;11,024185889;0,457309282999999;0,746209401999999;11,751053594;9,44019399;5,435896104;16,610231546;24,633609686
10,027268688;3,780812575;0,617053429999999;9,164702389;11,024185889;0,457309282999999;0,746209401999999;11,751053594;9,44019399;5,435896104;16,610231546
4,738531065;10,027268688;3,780812575;0,617053429999999;9,164702389;11,024185889;0,457309282999999;0,746209401999999;11,751053594;9,44019399;5,435896104
-2,541557763;4,738531065;10,027268688;3,780812575;0,617053429999999;9,164702389;11,024185889;0,457309282999999;0,746209401999999;11,751053594;9,44019399
-4,158706536;-2,541557763;4,738531065;10,027268688;3,780812575;0,617053429999999;9,164702389;11,024185889;0,457309282999999;0,746209401999999;11,751053594
-4,528209554;-4,158706536;-2,541557763;4,738531065;10,027268688;3,780812575;0,617053429999999;9,164702389;11,024185889;0,457309282999999;0,746209401999999
-5,832263729;-4,528209554;-4,158706536;-2,541557763;4,738531065;10,027268688;3,780812575;0,617053429999999;9,164702389;11,024185889;0,457309282999999
-6,835849007;-5,832263729;-4,528209554;-4,158706536;-2,541557763;4,738531065;10,027268688;3,780812575;0,617053429999999;9,164702389;11,024185889
-11,263049012;-6,835849007;-5,832263729;-4,528209554;-4,158706536;-2,541557763;4,738531065;10,027268688;3,780812575;0,617053429999999;9,164702389
-17,645398615;-11,263049012;-6,835849007;-5,832263729;-4,528209554;-4,158706536;-2,541557763;4,738531065;10,027268688;3,780812575;0,617053429999999
-19,501520171;-17,645398615;-11,263049012;-6,835849007;-5,832263729;-4,528209554;-4,158706536;-2,541557763;4,738531065;10,027268688;3,780812575
-17,491693151;-19,501520171;-17,645398615;-11,263049012;-6,835849007;-5,832263729;-4,528209554;-4,158706536;-2,541557763;4,738531065;10,027268688
-20,850923292;-17,491693151;-19,501520171;-17,645398615;-11,263049012;-6,835849007;-5,832263729;-4,528209554;-4,158706536;-2,541557763;4,738531065
-27,108869728;-20,850923292;-17,491693151;-19,501520171;-17,645398615;-11,263049012;-6,835849007;-5,832263729;-4,528209554;-4,158706536;-2,541557763
-26,327080982;-27,108869728;-20,850923292;-17,491693151;-19,501520171;-17,645398615;-11,263049012;-6,835849007;-5,832263729;-4,528209554;-4,158706536
-21,08595678;-26,327080982;-27,108869728;-20,850923292;-17,491693151;-19,501520171;-17,645398615;-11,263049012;-6,835849007;-5,832263729;-4,528209554
-22,720961273;-21,08595678;-26,327080982;-27,108869728;-20,850923292;-17,491693151;-19,501520171;-17,645398615;-11,263049012;-6,835849007;-5,832263729
-31,333937458;-22,720961273;-21,08595678;-26,327080982;-27,108869728;-20,850923292;-17,491693151;-19,501520171;-17,645398615;-11,263049012;-6,835849007
-30,733738054;-31,333937458;-22,720961273;-21,08595678;-26,327080982;-27,108869728;-20,850923292;-17,491693151;-19,501520171;-17,645398615;-11,263049012
-25,678532291;-30,733738054;-31,333937458;-22,720961273;-21,08595678;-26,327080982;-27,108869728;-20,850923292;-17,491693151;-19,501520171;-17,645398615
-31,511217867;-25,678532291;-30,733738054;-31,333937458;-22,720961273;-21,08595678;-26,327080982;-27,108869728;-20,850923292;-17,491693151;-19,501520171
-33,654733195;-31,511217867;-25,678532291;-30,733738054;-31,333937458;-22,720961273;-21,08595678;-26,327080982;-27,108869728;-20,850923292;-17,491693151
-20,636330821;-33,654733195;-31,511217867;-25,678532291;-30,733738054;-31,333937458;-22,720961273;-21,08595678;-26,327080982;-27,108869728;-20,850923292
-12,015698485;-20,636330821;-33,654733195;-31,511217867;-25,678532291;-30,733738054;-31,333937458;-22,720961273;-21,08595678;-26,327080982;-27,108869728
-19,890543045;-12,015698485;-20,636330821;-33,654733195;-31,511217867;-25,678532291;-30,733738054;-31,333937458;-22,720961273;-21,08595678;-26,327080982
-25,34580291;-19,890543045;-12,015698485;-20,636330821;-33,654733195;-31,511217867;-25,678532291;-30,733738054;-31,333937458;-22,720961273;-21,08595678
-15,824806638;-25,34580291;-19,890543045;-12,015698485;-20,636330821;-33,654733195;-31,511217867;-25,678532291;-30,733738054;-31,333937458;-22,720961273
-14,675420338;-15,824806638;-25,34580291;-19,890543045;-12,015698485;-20,636330821;-33,654733195;-31,511217867;-25,678532291;-30,733738054;-31,333937458
-27,133210298;-14,675420338;-15,824806638;-25,34580291;-19,890543045;-12,015698485;-20,636330821;-33,654733195;-31,511217867;-25,678532291;-30,733738054
-31,250743368;-27,133210298;-14,675420338;-15,824806638;-25,34580291;-19,890543045;-12,015698485;-20,636330821;-33,654733195;-31,511217867;-25,678532291
-21,112929327;-31,250743368;-27,133210298;-14,675420338;-15,824806638;-25,34580291;-19,890543045;-12,015698485;-20,636330821;-33,654733195;-31,511217867
-16,117425805;-21,112929327;-31,250743368;-27,133210298;-14,675420338;-15,824806638;-25,34580291;-19,890543045;-12,015698485;-20,636330821;-33,654733195
-18,383208366;-16,117425805;-21,112929327;-31,250743368;-27,133210298;-14,675420338;-15,824806638;-25,34580291;-19,890543045;-12,015698485;-20,636330821
-18,615790669;-18,383208366;-16,117425805;-21,112929327;-31,250743368;-27,133210298;-14,675420338;-15,824806638;-25,34580291;-19,890543045;-12,015698485
-13,971574536;-18,615790669;-18,383208366;-16,117425805;-21,112929327;-31,250743368;-27,133210298;-14,675420338;-15,824806638;-25,34580291;-19,890543045
-9,687081457;-13,971574536;-18,615790669;-18,383208366;-16,117425805;-21,112929327;-31,250743368;-27,133210298;-14,675420338;-15,824806638;-25,34580291
-12,198947185;-9,687081457;-13,971574536;-18,615790669;-18,383208366;-16,117425805;-21,112929327;-31,250743368;-27,133210298;-14,675420338;-15,824806638
-12,075318195;-12,198947185;-9,687081457;-13,971574536;-18,615790669;-18,383208366;-16,117425805;-21,112929327;-31,250743368;-27,133210298;-14,675420338
-11,102167447;-12,075318195;-12,198947185;-9,687081457;-13,971574536;-18,615790669;-18,383208366;-16,117425805;-21,112929327;-31,250743368;-27,133210298
-11,180383753;-11,102167447;-12,075318195;-12,198947185;-9,687081457;-13,971574536;-18,615790669;-18,383208366;-16,117425805;-21,112929327;-31,250743368
-12,740794921;-11,180383753;-11,102167447;-12,075318195;-12,198947185;-9,687081457;-13,971574536;-18,615790669;-18,383208366;-16,117425805;-21,112929327
-14,927594117;-12,740794921;-11,180383753;-11,102167447;-12,075318195;-12,198947185;-9,687081457;-13,971574536;-18,615790669;-18,383208366;-16,117425805
-17,381414637;-14,927594117;-12,740794921;-11,180383753;-11,102167447;-12,075318195;-12,198947185;-9,687081457;-13,971574536;-18,615790669;-18,383208366
-20,06441685;-17,381414637;-14,927594117;-12,740794921;-11,180383753;-11,102167447;-12,075318195;-12,198947185;-9,687081457;-13,971574536;-18,615790669
-20,319414171;-20,06441685;-17,381414637;-14,927594117;-12,740794921;-11,180383753;-11,102167447;-12,075318195;-12,198947185;-9,687081457;-13,971574536
-20,983950291;-20,319414171;-20,06441685;-17,381414637;-14,927594117;-12,740794921;-11,180383753;-11,102167447;-12,075318195;-12,198947185;-9,687081457
-21,57864177;-20,983950291;-20,319414171;-20,06441685;-17,381414637;-14,927594117;-12,740794921;-11,180383753;-11,102167447;-12,075318195;-12,198947185
-21,08143476;-21,57864177;-20,983950291;-20,319414171;-20,06441685;-17,381414637;-14,927594117;-12,740794921;-11,180383753;-11,102167447;-12,075318195
-18,871025494;-21,08143476;-21,57864177;-20,983950291;-20,319414171;-20,06441685;-17,381414637;-14,927594117;-12,740794921;-11,180383753;-11,102167447
-17,410481122;-18,871025494;-21,08143476;-21,57864177;-20,983950291;-20,319414171;-20,06441685;-17,381414637;-14,927594117;-12,740794921;-11,180383753
-19,884910743;-17,410481122;-18,871025494;-21,08143476;-21,57864177;-20,983950291;-20,319414171;-20,06441685;-17,381414637;-14,927594117;-12,740794921
-24,013811816;-19,884910743;-17,410481122;-18,871025494;-21,08143476;-21,57864177;-20,983950291;-20,319414171;-20,06441685;-17,381414637;-14,927594117
-24,928248104;-24,013811816;-19,884910743;-17,410481122;-18,871025494;-21,08143476;-21,57864177;-20,983950291;-20,319414171;-20,06441685;-17,381414637
-20,018318475;-24,928248104;-24,013811816;-19,884910743;-17,410481122;-18,871025494;-21,08143476;-21,57864177;-20,983950291;-20,319414171;-20,06441685
-17,214857667;-20,018318475;-24,928248104;-24,013811816;-19,884910743;-17,410481122;-18,871025494;-21,08143476;-21,57864177;-20,983950291;-20,319414171
-18,063010001;-17,214857667;-20,018318475;-24,928248104;-24,013811816;-19,884910743;-17,410481122;-18,871025494;-21,08143476;-21,57864177;-20,983950291
-14,532529281;-18,063010001;-17,214857667;-20,018318475;-24,928248104;-24,013811816;-19,884910743;-17,410481122;-18,871025494;-21,08143476;-21,57864177
-6,90778462;-14,532529281;-18,063010001;-17,214857667;-20,018318475;-24,928248104;-24,013811816;-19,884910743;-17,410481122;-18,871025494;-21,08143476
-3,696389563;-6,90778462;-14,532529281;-18,063010001;-17,214857667;-20,018318475;-24,928248104;-24,013811816;-19,884910743;-17,410481122;-18,871025494
-6,106849015;-3,696389563;-6,90778462;-14,532529281;-18,063010001;-17,214857667;-20,018318475;-24,928248104;-24,013811816;-19,884910743;-17,410481122
-7,994615703;-6,106849015;-3,696389563;-6,90778462;-14,532529281;-18,063010001;-17,214857667;-20,018318475;-24,928248104;-24,013811816;-19,884910743
-5,72997131;-7,994615703;-6,106849015;-3,696389563;-6,90778462;-14,532529281;-18,063010001;-17,214857667;-20,018318475;-24,928248104;-24,013811816
-3,166560321;-5,72997131;-7,994615703;-6,106849015;-3,696389563;-6,90778462;-14,532529281;-18,063010001;-17,214857667;-20,018318475;-24,928248104
-0,572951655;-3,166560321;-5,72997131;-7,994615703;-6,106849015;-3,696389563;-6,90778462;-14,532529281;-18,063010001;-17,214857667;-20,018318475
3,970920946;-0,572951655;-3,166560321;-5,72997131;-7,994615703;-6,106849015;-3,696389563;-6,90778462;-14,532529281;-18,063010001;-17,214857667
7,159412349;3,970920946;-0,572951655;-3,166560321;-5,72997131;-7,994615703;-6,106849015;-3,696389563;-6,90778462;-14,532529281;-18,063010001
10,364145439;7,159412349;3,970920946;-0,572951655;-3,166560321;-5,72997131;-7,994615703;-6,106849015;-3,696389563;-6,90778462;-14,532529281
11,658441168;10,364145439;7,159412349;3,970920946;-0,572951655;-3,166560321;-5,72997131;-7,994615703;-6,106849015;-3,696389563;-6,90778462
10,353259181;11,658441168;10,364145439;7,159412349;3,970920946;-0,572951655;-3,166560321;-5,72997131;-7,994615703;-6,106849015;-3,696389563
8,032422115;10,353259181;11,658441168;10,364145439;7,159412349;3,970920946;-0,572951655;-3,166560321;-5,72997131;-7,994615703;-6,106849015
8,454214929;8,032422115;10,353259181;11,658441168;10,364145439;7,159412349;3,970920946;-0,572951655;-3,166560321;-5,72997131;-7,994615703
10,196983042;8,454214929;8,032422115;10,353259181;11,658441168;10,364145439;7,159412349;3,970920946;-0,572951655;-3,166560321;-5,72997131
7,774054349;10,196983042;8,454214929;8,032422115;10,353259181;11,658441168;10,364145439;7,159412349;3,970920946;-0,572951655;-3,166560321
5,690456383;7,774054349;10,196983042;8,454214929;8,032422115;10,353259181;11,658441168;10,364145439;7,159412349;3,970920946;-0,572951655
12,152974038;5,690456383;7,774054349;10,196983042;8,454214929;8,032422115;10,353259181;11,658441168;10,364145439;7,159412349;3,970920946
17,965364603;12,152974038;5,690456383;7,774054349;10,196983042;8,454214929;8,032422115;10,353259181;11,658441168;10,364145439;7,159412349
13,715742081;17,965364603;12,152974038;5,690456383;7,774054349;10,196983042;8,454214929;8,032422115;10,353259181;11,658441168;10,364145439
10,499050926;13,715742081;17,965364603;12,152974038;5,690456383;7,774054349;10,196983042;8,454214929;8,032422115;10,353259181;11,658441168
15,741088649;10,499050926;13,715742081;17,965364603;12,152974038;5,690456383;7,774054349;10,196983042;8,454214929;8,032422115;10,353259181
18,107658538;15,741088649;10,499050926;13,715742081;17,965364603;12,152974038;5,690456383;7,774054349;10,196983042;8,454214929;8,032422115
10,999015376;18,107658538;15,741088649;10,499050926;13,715742081;17,965364603;12,152974038;5,690456383;7,774054349;10,196983042;8,454214929
5,654063009;10,999015376;18,107658538;15,741088649;10,499050926;13,715742081;17,965364603;12,152974038;5,690456383;7,774054349;10,196983042
6,033815217;5,654063009;10,999015376;18,107658538;15,741088649;10,499050926;13,715742081;17,965364603;12,152974038;5,690456383;7,774054349
4,077545787;6,033815217;5,654063009;10,999015376;18,107658538;15,741088649;10,499050926;13,715742081;17,965364603;12,152974038;5,690456383
1,578565545;4,077545787;6,033815217;5,654063009;10,999015376;18,107658538;15,741088649;10,499050926;13,715742081;17,965364603;12,152974038
3,894208628;1,578565545;4,077545787;6,033815217;5,654063009;10,999015376;18,107658538;15,741088649;10,499050926;13,715742081;17,965364603
4,653029384;3,894208628;1,578565545;4,077545787;6,033815217;5,654063009;10,999015376;18,107658538;15,741088649;10,499050926;13,715742081
2,30214167;4,653029384;3,894208628;1,578565545;4,077545787;6,033815217;5,654063009;10,999015376;18,107658538;15,741088649;10,499050926
1,31919956;2,30214167;4,653029384;3,894208628;1,578565545;4,077545787;6,033815217;5,654063009;10,999015376;18,107658538;15,741088649
2,364754191;1,31919956;2,30214167;4,653029384;3,894208628;1,578565545;4,077545787;6,033815217;5,654063009;10,999015376;18,107658538
0,891059829;2,364754191;1,31919956;2,30214167;4,653029384;3,894208628;1,578565545;4,077545787;6,033815217;5,654063009;10,999015376
-1,048578291;0,891059829;2,364754191;1,31919956;2,30214167;4,653029384;3,894208628;1,578565545;4,077545787;6,033815217;5,654063009
1,095533405;-1,048578291;0,891059829;2,364754191;1,31919956;2,30214167;4,653029384;3,894208628;1,578565545;4,077545787;6,033815217
4,35361;1,095533405;-1,048578291;0,891059829;2,364754191;1,31919956;2,30214167;4,653029384;3,894208628;1,578565545;4,077545787
4,478711156;4,35361;1,095533405;-1,048578291;0,891059829;2,364754191;1,31919956;2,30214167;4,653029384;3,894208628;1,578565545
7,285067155;4,478711156;4,35361;1,095533405;-1,048578291;0,891059829;2,364754191;1,31919956;2,30214167;4,653029384;3,894208628
13,738862186;7,285067155;4,478711156;4,35361;1,095533405;-1,048578291;0,891059829;2,364754191;1,31919956;2,30214167;4,653029384
10,901645016;13,738862186;7,285067155;4,478711156;4,35361;1,095533405;-1,048578291;0,891059829;2,364754191;1,31919956;2,30214167
6,067487247;10,901645016;13,738862186;7,285067155;4,478711156;4,35361;1,095533405;-1,048578291;0,891059829;2,364754191;1,31919956
7,814543724;6,067487247;10,901645016;13,738862186;7,285067155;4,478711156;4,35361;1,095533405;-1,048578291;0,891059829;2,364754191
9,674807513;7,814543724;6,067487247;10,901645016;13,738862186;7,285067155;4,478711156;4,35361;1,095533405;-1,048578291;0,891059829
5,833157533;9,674807513;7,814543724;6,067487247;10,901645016;13,738862186;7,285067155;4,478711156;4,35361;1,095533405;-1,048578291
0,825387575;5,833157533;9,674807513;7,814543724;6,067487247;10,901645016;13,738862186;7,285067155;4,478711156;4,35361;1,095533405
5,221281051;0,825387575;5,833157533;9,674807513;7,814543724;6,067487247;10,901645016;13,738862186;7,285067155;4,478711156;4,35361
10,052299249;5,221281051;0,825387575;5,833157533;9,674807513;7,814543724;6,067487247;10,901645016;13,738862186;7,285067155;4,478711156
7,682681489;10,052299249;5,221281051;0,825387575;5,833157533;9,674807513;7,814543724;6,067487247;10,901645016;13,738862186;7,285067155
6,965422006;7,682681489;10,052299249;5,221281051;0,825387575;5,833157533;9,674807513;7,814543724;6,067487247;10,901645016;13,738862186
9,038896177;6,965422006;7,682681489;10,052299249;5,221281051;0,825387575;5,833157533;9,674807513;7,814543724;6,067487247;10,901645016
9,51759694;9,038896177;6,965422006;7,682681489;10,052299249;5,221281051;0,825387575;5,833157533;9,674807513;7,814543724;6,067487247
8,737098459;9,51759694;9,038896177;6,965422006;7,682681489;10,052299249;5,221281051;0,825387575;5,833157533;9,674807513;7,814543724
5,339653051;8,737098459;9,51759694;9,038896177;6,965422006;7,682681489;10,052299249;5,221281051;0,825387575;5,833157533;9,674807513
3,969766116;5,339653051;8,737098459;9,51759694;9,038896177;6,965422006;7,682681489;10,052299249;5,221281051;0,825387575;5,833157533
4,504818039;3,969766116;5,339653051;8,737098459;9,51759694;9,038896177;6,965422006;7,682681489;10,052299249;5,221281051;0,825387575
3,013312338;4,504818039;3,969766116;5,339653051;8,737098459;9,51759694;9,038896177;6,965422006;7,682681489;10,052299249;5,221281051
2,852215248;3,013312338;4,504818039;3,969766116;5,339653051;8,737098459;9,51759694;9,038896177;6,965422006;7,682681489;10,052299249
3,273951089;2,852215248;3,013312338;4,504818039;3,969766116;5,339653051;8,737098459;9,51759694;9,038896177;6,965422006;7,682681489
3,842143335;3,273951089;2,852215248;3,013312338;4,504818039;3,969766116;5,339653051;8,737098459;9,51759694;9,038896177;6,965422006
4,100886791;3,842143335;3,273951089;2,852215248;3,013312338;4,504818039;3,969766116;5,339653051;8,737098459;9,51759694;9,038896177
6,211737832;4,100886791;3,842143335;3,273951089;2,852215248;3,013312338;4,504818039;3,969766116;5,339653051;8,737098459;9,51759694
6,709257477;6,211737832;4,100886791;3,842143335;3,273951089;2,852215248;3,013312338;4,504818039;3,969766116;5,339653051;8,737098459
2,08973158;6,709257477;6,211737832;4,100886791;3,842143335;3,273951089;2,852215248;3,013312338;4,504818039;3,969766116;5,339653051
1,896243162;2,08973158;6,709257477;6,211737832;4,100886791;3,842143335;3,273951089;2,852215248;3,013312338;4,504818039;3,969766116
6,323517081;1,896243162;2,08973158;6,709257477;6,211737832;4,100886791;3,842143335;3,273951089;2,852215248;3,013312338;4,504818039
6,479478983;6,323517081;1,896243162;2,08973158;6,709257477;6,211737832;4,100886791;3,842143335;3,273951089;2,852215248;3,013312338
3,388879939;6,479478983;6,323517081;1,896243162;2,08973158;6,709257477;6,211737832;4,100886791;3,842143335;3,273951089;2,852215248
5,002376135;3,388879939;6,479478983;6,323517081;1,896243162;2,08973158;6,709257477;6,211737832;4,100886791;3,842143335;3,273951089
11,634806196;5,002376135;3,388879939;6,479478983;6,323517081;1,896243162;2,08973158;6,709257477;6,211737832;4,100886791;3,842143335
9,45815518;11,634806196;5,002376135;3,388879939;6,479478983;6,323517081;1,896243162;2,08973158;6,709257477;6,211737832;4,100886791
2,322377679;9,45815518;11,634806196;5,002376135;3,388879939;6,479478983;6,323517081;1,896243162;2,08973158;6,709257477;6,211737832
3,36411005;2,322377679;9,45815518;11,634806196;5,002376135;3,388879939;6,479478983;6,323517081;1,896243162;2,08973158;6,709257477
6,35395697;3,36411005;2,322377679;9,45815518;11,634806196;5,002376135;3,388879939;6,479478983;6,323517081;1,896243162;2,08973158
5,133359248;6,35395697;3,36411005;2,322377679;9,45815518;11,634806196;5,002376135;3,388879939;6,479478983;6,323517081;1,896243162
0,552382498;5,133359248;6,35395697;3,36411005;2,322377679;9,45815518;11,634806196;5,002376135;3,388879939;6,479478983;6,323517081
3,161162347;0,552382498;5,133359248;6,35395697;3,36411005;2,322377679;9,45815518;11,634806196;5,002376135;3,388879939;6,479478983
9,296172473;3,161162347;0,552382498;5,133359248;6,35395697;3,36411005;2,322377679;9,45815518;11,634806196;5,002376135;3,388879939
7,940398718;9,296172473;3,161162347;0,552382498;5,133359248;6,35395697;3,36411005;2,322377679;9,45815518;11,634806196;5,002376135
4,257695687;7,940398718;9,296172473;3,161162347;0,552382498;5,133359248;6,35395697;3,36411005;2,322377679;9,45815518;11,634806196
4,49302335;4,257695687;7,940398718;9,296172473;3,161162347;0,552382498;5,133359248;6,35395697;3,36411005;2,322377679;9,45815518
7,1037341;4,49302335;4,257695687;7,940398718;9,296172473;3,161162347;0,552382498;5,133359248;6,35395697;3,36411005;2,322377679
5,975043121;7,1037341;4,49302335;4,257695687;7,940398718;9,296172473;3,161162347;0,552382498;5,133359248;6,35395697;3,36411005
2,989586662;5,975043121;7,1037341;4,49302335;4,257695687;7,940398718;9,296172473;3,161162347;0,552382498;5,133359248;6,35395697
2,922923561;2,989586662;5,975043121;7,1037341;4,49302335;4,257695687;7,940398718;9,296172473;3,161162347;0,552382498;5,133359248
3,573182684;2,922923561;2,989586662;5,975043121;7,1037341;4,49302335;4,257695687;7,940398718;9,296172473;3,161162347;0,552382498
3,513305048;3,573182684;2,922923561;2,989586662;5,975043121;7,1037341;4,49302335;4,257695687;7,940398718;9,296172473;3,161162347
3,837798805;3,513305048;3,573182684;2,922923561;2,989586662;5,975043121;7,1037341;4,49302335;4,257695687;7,940398718;9,296172473
3,04051356;3,837798805;3,513305048;3,573182684;2,922923561;2,989586662;5,975043121;7,1037341;4,49302335;4,257695687;7,940398718
0,519344161;3,04051356;3,837798805;3,513305048;3,573182684;2,922923561;2,989586662;5,975043121;7,1037341;4,49302335;4,257695687
-0,0339294610000001;0,519344161;3,04051356;3,837798805;3,513305048;3,573182684;2,922923561;2,989586662;5,975043121;7,1037341;4,49302335
2,352065598;-0,0339294610000001;0,519344161;3,04051356;3,837798805;3,513305048;3,573182684;2,922923561;2,989586662;5,975043121;7,1037341
1,645340956;2,352065598;-0,0339294610000001;0,519344161;3,04051356;3,837798805;3,513305048;3,573182684;2,922923561;2,989586662;5,975043121
-0,540778001;1,645340956;2,352065598;-0,0339294610000001;0,519344161;3,04051356;3,837798805;3,513305048;3,573182684;2,922923561;2,989586662
1,886357134;-0,540778001;1,645340956;2,352065598;-0,0339294610000001;0,519344161;3,04051356;3,837798805;3,513305048;3,573182684;2,922923561
5,246914122;1,886357134;-0,540778001;1,645340956;2,352065598;-0,0339294610000001;0,519344161;3,04051356;3,837798805;3,513305048;3,573182684
4,054975724;5,246914122;1,886357134;-0,540778001;1,645340956;2,352065598;-0,0339294610000001;0,519344161;3,04051356;3,837798805;3,513305048
4,016036229;4,054975724;5,246914122;1,886357134;-0,540778001;1,645340956;2,352065598;-0,0339294610000001;0,519344161;3,04051356;3,837798805
7,873838742;4,016036229;4,054975724;5,246914122;1,886357134;-0,540778001;1,645340956;2,352065598;-0,0339294610000001;0,519344161;3,04051356
7,269560257;7,873838742;4,016036229;4,054975724;5,246914122;1,886357134;-0,540778001;1,645340956;2,352065598;-0,0339294610000001;0,519344161
2,973535041;7,269560257;7,873838742;4,016036229;4,054975724;5,246914122;1,886357134;-0,540778001;1,645340956;2,352065598;-0,0339294610000001
7,901883003;2,973535041;7,269560257;7,873838742;4,016036229;4,054975724;5,246914122;1,886357134;-0,540778001;1,645340956;2,352065598
15,7556203;7,901883003;2,973535041;7,269560257;7,873838742;4,016036229;4,054975724;5,246914122;1,886357134;-0,540778001;1,645340956
7,747021994;15,7556203;7,901883003;2,973535041;7,269560257;7,873838742;4,016036229;4,054975724;5,246914122;1,886357134;-0,540778001
0,443280817;7,747021994;15,7556203;7,901883003;2,973535041;7,269560257;7,873838742;4,016036229;4,054975724;5,246914122;1,886357134
8,870540112;0,443280817;7,747021994;15,7556203;7,901883003;2,973535041;7,269560257;7,873838742;4,016036229;4,054975724;5,246914122
15,538669773;8,870540112;0,443280817;7,747021994;15,7556203;7,901883003;2,973535041;7,269560257;7,873838742;4,016036229;4,054975724
11,776456388;15,538669773;8,870540112;0,443280817;7,747021994;15,7556203;7,901883003;2,973535041;7,269560257;7,873838742;4,016036229
12,278913233;11,776456388;15,538669773;8,870540112;0,443280817;7,747021994;15,7556203;7,901883003;2,973535041;7,269560257;7,873838742
23,536780135;12,278913233;11,776456388;15,538669773;8,870540112;0,443280817;7,747021994;15,7556203;7,901883003;2,973535041;7,269560257
28,003191972;23,536780135;12,278913233;11,776456388;15,538669773;8,870540112;0,443280817;7,747021994;15,7556203;7,901883003;2,973535041
24,340651758;28,003191972;23,536780135;12,278913233;11,776456388;15,538669773;8,870540112;0,443280817;7,747021994;15,7556203;7,901883003
23,826657701;24,340651758;28,003191972;23,536780135;12,278913233;11,776456388;15,538669773;8,870540112;0,443280817;7,747021994;15,7556203
24,849806042;23,826657701;24,340651758;28,003191972;23,536780135;12,278913233;11,776456388;15,538669773;8,870540112;0,443280817;7,747021994
31,414576474;24,849806042;23,826657701;24,340651758;28,003191972;23,536780135;12,278913233;11,776456388;15,538669773;8,870540112;0,443280817
