"Y";"Y_L1";"Y_L2";"Y_L3";"Y_L4";"Y_L5";"Y_L6";"Y_L7";"Y_L8";"Y_L9";"Y_L10";"Y_L11"
-0,024;0,224;-0,26;0,169;-0,417;-0,054;-0,35;-0,694;-0,472;-0,073;0,852;0,466
0,019;-0,024;0,224;-0,26;0,169;-0,417;-0,054;-0,35;-0,694;-0,472;-0,073;0,852
-0,078;0,019;-0,024;0,224;-0,26;0,169;-0,417;-0,054;-0,35;-0,694;-0,472;-0,073
0,432;-0,078;0,019;-0,024;0,224;-0,26;0,169;-0,417;-0,054;-0,35;-0,694;-0,472
0,731;0,432;-0,078;0,019;-0,024;0,224;-0,26;0,169;-0,417;-0,054;-0,35;-0,694
0,641;0,731;0,432;-0,078;0,019;-0,024;0,224;-0,26;0,169;-0,417;-0,054;-0,35
-0,377;0,641;0,731;0,432;-0,078;0,019;-0,024;0,224;-0,26;0,169;-0,417;-0,054
-0,693;-0,377;0,641;0,731;0,432;-0,078;0,019;-0,024;0,224;-0,26;0,169;-0,417
-0,728;-0,693;-0,377;0,641;0,731;0,432;-0,078;0,019;-0,024;0,224;-0,26;0,169
0,227;-0,728;-0,693;-0,377;0,641;0,731;0,432;-0,078;0,019;-0,024;0,224;-0,26
0,405;0,227;-0,728;-0,693;-0,377;0,641;0,731;0,432;-0,078;0,019;-0,024;0,224
0,572;0,405;0,227;-0,728;-0,693;-0,377;0,641;0,731;0,432;-0,078;0,019;-0,024
-0,042;0,572;0,405;0,227;-0,728;-0,693;-0,377;0,641;0,731;0,432;-0,078;0,019
-0,689;-0,042;0,572;0,405;0,227;-0,728;-0,693;-0,377;0,641;0,731;0,432;-0,078
-0,851;-0,689;-0,042;0,572;0,405;0,227;-0,728;-0,693;-0,377;0,641;0,731;0,432
-0,678;-0,851;-0,689;-0,042;0,572;0,405;0,227;-0,728;-0,693;-0,377;0,641;0,731
-0,037;-0,678;-0,851;-0,689;-0,042;0,572;0,405;0,227;-0,728;-0,693;-0,377;0,641
-0,064;-0,037;-0,678;-0,851;-0,689;-0,042;0,572;0,405;0,227;-0,728;-0,693;-0,377
-0,2;-0,064;-0,037;-0,678;-0,851;-0,689;-0,042;0,572;0,405;0,227;-0,728;-0,693
0,37;-0,2;-0,064;-0,037;-0,678;-0,851;-0,689;-0,042;0,572;0,405;0,227;-0,728
0,936;0,37;-0,2;-0,064;-0,037;-0,678;-0,851;-0,689;-0,042;0,572;0,405;0,227
0,67;0,936;0,37;-0,2;-0,064;-0,037;-0,678;-0,851;-0,689;-0,042;0,572;0,405
-0,159;0,67;0,936;0,37;-0,2;-0,064;-0,037;-0,678;-0,851;-0,689;-0,042;0,572
-0,578;-0,159;0,67;0,936;0,37;-0,2;-0,064;-0,037;-0,678;-0,851;-0,689;-0,042
-0,341;-0,578;-0,159;0,67;0,936;0,37;-0,2;-0,064;-0,037;-0,678;-0,851;-0,689
-0,1;-0,341;-0,578;-0,159;0,67;0,936;0,37;-0,2;-0,064;-0,037;-0,678;-0,851
-0,311;-0,1;-0,341;-0,578;-0,159;0,67;0,936;0,37;-0,2;-0,064;-0,037;-0,678
0,318;-0,311;-0,1;-0,341;-0,578;-0,159;0,67;0,936;0,37;-0,2;-0,064;-0,037
0,57;0,318;-0,311;-0,1;-0,341;-0,578;-0,159;0,67;0,936;0,37;-0,2;-0,064
0,559;0,57;0,318;-0,311;-0,1;-0,341;-0,578;-0,159;0,67;0,936;0,37;-0,2
0,234;0,559;0,57;0,318;-0,311;-0,1;-0,341;-0,578;-0,159;0,67;0,936;0,37
-0,099;0,234;0,559;0,57;0,318;-0,311;-0,1;-0,341;-0,578;-0,159;0,67;0,936
-0,279;-0,099;0,234;0,559;0,57;0,318;-0,311;-0,1;-0,341;-0,578;-0,159;0,67
-0,88;-0,279;-0,099;0,234;0,559;0,57;0,318;-0,311;-0,1;-0,341;-0,578;-0,159
-0,646;-0,88;-0,279;-0,099;0,234;0,559;0,57;0,318;-0,311;-0,1;-0,341;-0,578
-0,174;-0,646;-0,88;-0,279;-0,099;0,234;0,559;0,57;0,318;-0,311;-0,1;-0,341
0,491;-0,174;-0,646;-0,88;-0,279;-0,099;0,234;0,559;0,57;0,318;-0,311;-0,1
0,478;0,491;-0,174;-0,646;-0,88;-0,279;-0,099;0,234;0,559;0,57;0,318;-0,311
0,541;0,478;0,491;-0,174;-0,646;-0,88;-0,279;-0,099;0,234;0,559;0,57;0,318
0,481;0,541;0,478;0,491;-0,174;-0,646;-0,88;-0,279;-0,099;0,234;0,559;0,57
0,174;0,481;0,541;0,478;0,491;-0,174;-0,646;-0,88;-0,279;-0,099;0,234;0,559
0,539;0,174;0,481;0,541;0,478;0,491;-0,174;-0,646;-0,88;-0,279;-0,099;0,234
0,326;0,539;0,174;0,481;0,541;0,478;0,491;-0,174;-0,646;-0,88;-0,279;-0,099
0,028;0,326;0,539;0,174;0,481;0,541;0,478;0,491;-0,174;-0,646;-0,88;-0,279
-0,844;0,028;0,326;0,539;0,174;0,481;0,541;0,478;0,491;-0,174;-0,646;-0,88
-1,131;-0,844;0,028;0,326;0,539;0,174;0,481;0,541;0,478;0,491;-0,174;-0,646
-0,98;-1,131;-0,844;0,028;0,326;0,539;0,174;0,481;0,541;0,478;0,491;-0,174
-0,485;-0,98;-1,131;-0,844;0,028;0,326;0,539;0,174;0,481;0,541;0,478;0,491
-0,181;-0,485;-0,98;-1,131;-0,844;0,028;0,326;0,539;0,174;0,481;0,541;0,478
0,064;-0,181;-0,485;-0,98;-1,131;-0,844;0,028;0,326;0,539;0,174;0,481;0,541
0,515;0,064;-0,181;-0,485;-0,98;-1,131;-0,844;0,028;0,326;0,539;0,174;0,481
0,886;0,515;0,064;-0,181;-0,485;-0,98;-1,131;-0,844;0,028;0,326;0,539;0,174
0,875;0,886;0,515;0,064;-0,181;-0,485;-0,98;-1,131;-0,844;0,028;0,326;0,539
0,477;0,875;0,886;0,515;0,064;-0,181;-0,485;-0,98;-1,131;-0,844;0,028;0,326
-0,487;0,477;0,875;0,886;0,515;0,064;-0,181;-0,485;-0,98;-1,131;-0,844;0,028
-0,672;-0,487;0,477;0,875;0,886;0,515;0,064;-0,181;-0,485;-0,98;-1,131;-0,844
-1,104;-0,672;-0,487;0,477;0,875;0,886;0,515;0,064;-0,181;-0,485;-0,98;-1,131
-0,408;-1,104;-0,672;-0,487;0,477;0,875;0,886;0,515;0,064;-0,181;-0,485;-0,98
-0,215;-0,408;-1,104;-0,672;-0,487;0,477;0,875;0,886;0,515;0,064;-0,181;-0,485
-0,057;-0,215;-0,408;-1,104;-0,672;-0,487;0,477;0,875;0,886;0,515;0,064;-0,181
-0,825;-0,057;-0,215;-0,408;-1,104;-0,672;-0,487;0,477;0,875;0,886;0,515;0,064
-1,092;-0,825;-0,057;-0,215;-0,408;-1,104;-0,672;-0,487;0,477;0,875;0,886;0,515
-0,864;-1,092;-0,825;-0,057;-0,215;-0,408;-1,104;-0,672;-0,487;0,477;0,875;0,886
-0,325;-0,864;-1,092;-0,825;-0,057;-0,215;-0,408;-1,104;-0,672;-0,487;0,477;0,875
0,191;-0,325;-0,864;-1,092;-0,825;-0,057;-0,215;-0,408;-1,104;-0,672;-0,487;0,477
0,046;0,191;-0,325;-0,864;-1,092;-0,825;-0,057;-0,215;-0,408;-1,104;-0,672;-0,487
0,08;0,046;0,191;-0,325;-0,864;-1,092;-0,825;-0,057;-0,215;-0,408;-1,104;-0,672
-0,888;0,08;0,046;0,191;-0,325;-0,864;-1,092;-0,825;-0,057;-0,215;-0,408;-1,104
-0,637;-0,888;0,08;0,046;0,191;-0,325;-0,864;-1,092;-0,825;-0,057;-0,215;-0,408
-0,115;-0,637;-0,888;0,08;0,046;0,191;-0,325;-0,864;-1,092;-0,825;-0,057;-0,215
0,537;-0,115;-0,637;-0,888;0,08;0,046;0,191;-0,325;-0,864;-1,092;-0,825;-0,057
-0,0460000000000001;0,537;-0,115;-0,637;-0,888;0,08;0,046;0,191;-0,325;-0,864;-1,092;-0,825
-0,168;-0,0460000000000001;0,537;-0,115;-0,637;-0,888;0,08;0,046;0,191;-0,325;-0,864;-1,092
-0,355;-0,168;-0,0460000000000001;0,537;-0,115;-0,637;-0,888;0,08;0,046;0,191;-0,325;-0,864
0,105;-0,355;-0,168;-0,0460000000000001;0,537;-0,115;-0,637;-0,888;0,08;0,046;0,191;-0,325
-0,216;0,105;-0,355;-0,168;-0,0460000000000001;0,537;-0,115;-0,637;-0,888;0,08;0,046;0,191
0,425;-0,216;0,105;-0,355;-0,168;-0,0460000000000001;0,537;-0,115;-0,637;-0,888;0,08;0,046
-0,262;0,425;-0,216;0,105;-0,355;-0,168;-0,0460000000000001;0,537;-0,115;-0,637;-0,888;0,08
-0,139;-0,262;0,425;-0,216;0,105;-0,355;-0,168;-0,0460000000000001;0,537;-0,115;-0,637;-0,888
-1,002;-0,139;-0,262;0,425;-0,216;0,105;-0,355;-0,168;-0,0460000000000001;0,537;-0,115;-0,637
-0,75;-1,002;-0,139;-0,262;0,425;-0,216;0,105;-0,355;-0,168;-0,0460000000000001;0,537;-0,115
-1,501;-0,75;-1,002;-0,139;-0,262;0,425;-0,216;0,105;-0,355;-0,168;-0,0460000000000001;0,537
-0,506;-1,501;-0,75;-1,002;-0,139;-0,262;0,425;-0,216;0,105;-0,355;-0,168;-0,0460000000000001
-0,113;-0,506;-1,501;-0,75;-1,002;-0,139;-0,262;0,425;-0,216;0,105;-0,355;-0,168
0,436;-0,113;-0,506;-1,501;-0,75;-1,002;-0,139;-0,262;0,425;-0,216;0,105;-0,355
-0,382;0,436;-0,113;-0,506;-1,501;-0,75;-1,002;-0,139;-0,262;0,425;-0,216;0,105
-0,226;-0,382;0,436;-0,113;-0,506;-1,501;-0,75;-1,002;-0,139;-0,262;0,425;-0,216
0,699;-0,226;-0,382;0,436;-0,113;-0,506;-1,501;-0,75;-1,002;-0,139;-0,262;0,425
1,696;0,699;-0,226;-0,382;0,436;-0,113;-0,506;-1,501;-0,75;-1,002;-0,139;-0,262
1,541;1,696;0,699;-0,226;-0,382;0,436;-0,113;-0,506;-1,501;-0,75;-1,002;-0,139
0,95;1,541;1,696;0,699;-0,226;-0,382;0,436;-0,113;-0,506;-1,501;-0,75;-1,002
0,672;0,95;1,541;1,696;0,699;-0,226;-0,382;0,436;-0,113;-0,506;-1,501;-0,75
0,242;0,672;0,95;1,541;1,696;0,699;-0,226;-0,382;0,436;-0,113;-0,506;-1,501
0,082;0,242;0,672;0,95;1,541;1,696;0,699;-0,226;-0,382;0,436;-0,113;-0,506
-0,495;0,082;0,242;0,672;0,95;1,541;1,696;0,699;-0,226;-0,382;0,436;-0,113
0,334;-0,495;0,082;0,242;0,672;0,95;1,541;1,696;0,699;-0,226;-0,382;0,436
0,633;0,334;-0,495;0,082;0,242;0,672;0,95;1,541;1,696;0,699;-0,226;-0,382
1,149;0,633;0,334;-0,495;0,082;0,242;0,672;0,95;1,541;1,696;0,699;-0,226
1,133;1,149;0,633;0,334;-0,495;0,082;0,242;0,672;0,95;1,541;1,696;0,699
0,792;1,133;1,149;0,633;0,334;-0,495;0,082;0,242;0,672;0,95;1,541;1,696
0,641;0,792;1,133;1,149;0,633;0,334;-0,495;0,082;0,242;0,672;0,95;1,541
0,786;0,641;0,792;1,133;1,149;0,633;0,334;-0,495;0,082;0,242;0,672;0,95
1,072;0,786;0,641;0,792;1,133;1,149;0,633;0,334;-0,495;0,082;0,242;0,672
1,185;1,072;0,786;0,641;0,792;1,133;1,149;0,633;0,334;-0,495;0,082;0,242
0,499;1,185;1,072;0,786;0,641;0,792;1,133;1,149;0,633;0,334;-0,495;0,082
0,65;0,499;1,185;1,072;0,786;0,641;0,792;1,133;1,149;0,633;0,334;-0,495
0,8;0,65;0,499;1,185;1,072;0,786;0,641;0,792;1,133;1,149;0,633;0,334
0,766;0,8;0,65;0,499;1,185;1,072;0,786;0,641;0,792;1,133;1,149;0,633
0,976;0,766;0,8;0,65;0,499;1,185;1,072;0,786;0,641;0,792;1,133;1,149
1,108;0,976;0,766;0,8;0,65;0,499;1,185;1,072;0,786;0,641;0,792;1,133
1,223;1,108;0,976;0,766;0,8;0,65;0,499;1,185;1,072;0,786;0,641;0,792
0,74;1,223;1,108;0,976;0,766;0,8;0,65;0,499;1,185;1,072;0,786;0,641
0,318;0,74;1,223;1,108;0,976;0,766;0,8;0,65;0,499;1,185;1,072;0,786
0,347;0,318;0,74;1,223;1,108;0,976;0,766;0,8;0,65;0,499;1,185;1,072
-0,372;0,347;0,318;0,74;1,223;1,108;0,976;0,766;0,8;0,65;0,499;1,185
-0,834;-0,372;0,347;0,318;0,74;1,223;1,108;0,976;0,766;0,8;0,65;0,499
-0,931;-0,834;-0,372;0,347;0,318;0,74;1,223;1,108;0,976;0,766;0,8;0,65
-0,083;-0,931;-0,834;-0,372;0,347;0,318;0,74;1,223;1,108;0,976;0,766;0,8
0,851;-0,083;-0,931;-0,834;-0,372;0,347;0,318;0,74;1,223;1,108;0,976;0,766
0,772;0,851;-0,083;-0,931;-0,834;-0,372;0,347;0,318;0,74;1,223;1,108;0,976
0,493;0,772;0,851;-0,083;-0,931;-0,834;-0,372;0,347;0,318;0,74;1,223;1,108
-0,023;0,493;0,772;0,851;-0,083;-0,931;-0,834;-0,372;0,347;0,318;0,74;1,223
0,281;-0,023;0,493;0,772;0,851;-0,083;-0,931;-0,834;-0,372;0,347;0,318;0,74
0,834;0,281;-0,023;0,493;0,772;0,851;-0,083;-0,931;-0,834;-0,372;0,347;0,318
0,587;0,834;0,281;-0,023;0,493;0,772;0,851;-0,083;-0,931;-0,834;-0,372;0,347
0,328;0,587;0,834;0,281;-0,023;0,493;0,772;0,851;-0,083;-0,931;-0,834;-0,372
-0,413;0,328;0,587;0,834;0,281;-0,023;0,493;0,772;0,851;-0,083;-0,931;-0,834
-0,475;-0,413;0,328;0,587;0,834;0,281;-0,023;0,493;0,772;0,851;-0,083;-0,931
-0,379;-0,475;-0,413;0,328;0,587;0,834;0,281;-0,023;0,493;0,772;0,851;-0,083
-0,125;-0,379;-0,475;-0,413;0,328;0,587;0,834;0,281;-0,023;0,493;0,772;0,851
0,559;-0,125;-0,379;-0,475;-0,413;0,328;0,587;0,834;0,281;-0,023;0,493;0,772
1,202;0,559;-0,125;-0,379;-0,475;-0,413;0,328;0,587;0,834;0,281;-0,023;0,493
1,194;1,202;0,559;-0,125;-0,379;-0,475;-0,413;0,328;0,587;0,834;0,281;-0,023
0,209;1,194;1,202;0,559;-0,125;-0,379;-0,475;-0,413;0,328;0,587;0,834;0,281
-0,619;0,209;1,194;1,202;0,559;-0,125;-0,379;-0,475;-0,413;0,328;0,587;0,834
-0,93;-0,619;0,209;1,194;1,202;0,559;-0,125;-0,379;-0,475;-0,413;0,328;0,587
-0,651;-0,93;-0,619;0,209;1,194;1,202;0,559;-0,125;-0,379;-0,475;-0,413;0,328
-0,994;-0,651;-0,93;-0,619;0,209;1,194;1,202;0,559;-0,125;-0,379;-0,475;-0,413
-1,298;-0,994;-0,651;-0,93;-0,619;0,209;1,194;1,202;0,559;-0,125;-0,379;-0,475
-1,683;-1,298;-0,994;-0,651;-0,93;-0,619;0,209;1,194;1,202;0,559;-0,125;-0,379
-1,896;-1,683;-1,298;-0,994;-0,651;-0,93;-0,619;0,209;1,194;1,202;0,559;-0,125
-1,632;-1,896;-1,683;-1,298;-0,994;-0,651;-0,93;-0,619;0,209;1,194;1,202;0,559
-1,349;-1,632;-1,896;-1,683;-1,298;-0,994;-0,651;-0,93;-0,619;0,209;1,194;1,202
-1,046;-1,349;-1,632;-1,896;-1,683;-1,298;-0,994;-0,651;-0,93;-0,619;0,209;1,194
-1,021;-1,046;-1,349;-1,632;-1,896;-1,683;-1,298;-0,994;-0,651;-0,93;-0,619;0,209
-0,7;-1,021;-1,046;-1,349;-1,632;-1,896;-1,683;-1,298;-0,994;-0,651;-0,93;-0,619
-0,077;-0,7;-1,021;-1,046;-1,349;-1,632;-1,896;-1,683;-1,298;-0,994;-0,651;-0,93
-0,212;-0,077;-0,7;-1,021;-1,046;-1,349;-1,632;-1,896;-1,683;-1,298;-0,994;-0,651
-0,343;-0,212;-0,077;-0,7;-1,021;-1,046;-1,349;-1,632;-1,896;-1,683;-1,298;-0,994
-0,674;-0,343;-0,212;-0,077;-0,7;-1,021;-1,046;-1,349;-1,632;-1,896;-1,683;-1,298
-0,661;-0,674;-0,343;-0,212;-0,077;-0,7;-1,021;-1,046;-1,349;-1,632;-1,896;-1,683
-0,58;-0,661;-0,674;-0,343;-0,212;-0,077;-0,7;-1,021;-1,046;-1,349;-1,632;-1,896
-0,78;-0,58;-0,661;-0,674;-0,343;-0,212;-0,077;-0,7;-1,021;-1,046;-1,349;-1,632
-0,905;-0,78;-0,58;-0,661;-0,674;-0,343;-0,212;-0,077;-0,7;-1,021;-1,046;-1,349
-1,107;-0,905;-0,78;-0,58;-0,661;-0,674;-0,343;-0,212;-0,077;-0,7;-1,021;-1,046
-1,003;-1,107;-0,905;-0,78;-0,58;-0,661;-0,674;-0,343;-0,212;-0,077;-0,7;-1,021
-0,65;-1,003;-1,107;-0,905;-0,78;-0,58;-0,661;-0,674;-0,343;-0,212;-0,077;-0,7
-0,437;-0,65;-1,003;-1,107;-0,905;-0,78;-0,58;-0,661;-0,674;-0,343;-0,212;-0,077
-0,086;-0,437;-0,65;-1,003;-1,107;-0,905;-0,78;-0,58;-0,661;-0,674;-0,343;-0,212
0,047;-0,086;-0,437;-0,65;-1,003;-1,107;-0,905;-0,78;-0,58;-0,661;-0,674;-0,343
0,873;0,047;-0,086;-0,437;-0,65;-1,003;-1,107;-0,905;-0,78;-0,58;-0,661;-0,674
2,036;0,873;0,047;-0,086;-0,437;-0,65;-1,003;-1,107;-0,905;-0,78;-0,58;-0,661
1,655;2,036;0,873;0,047;-0,086;-0,437;-0,65;-1,003;-1,107;-0,905;-0,78;-0,58
0,791;1,655;2,036;0,873;0,047;-0,086;-0,437;-0,65;-1,003;-1,107;-0,905;-0,78
-0,674;0,791;1,655;2,036;0,873;0,047;-0,086;-0,437;-0,65;-1,003;-1,107;-0,905
-0,396;-0,674;0,791;1,655;2,036;0,873;0,047;-0,086;-0,437;-0,65;-1,003;-1,107
-0,971;-0,396;-0,674;0,791;1,655;2,036;0,873;0,047;-0,086;-0,437;-0,65;-1,003
-1,065;-0,971;-0,396;-0,674;0,791;1,655;2,036;0,873;0,047;-0,086;-0,437;-0,65
-0,791;-1,065;-0,971;-0,396;-0,674;0,791;1,655;2,036;0,873;0,047;-0,086;-0,437
0,379;-0,791;-1,065;-0,971;-0,396;-0,674;0,791;1,655;2,036;0,873;0,047;-0,086
0,789;0,379;-0,791;-1,065;-0,971;-0,396;-0,674;0,791;1,655;2,036;0,873;0,047
0,652;0,789;0,379;-0,791;-1,065;-0,971;-0,396;-0,674;0,791;1,655;2,036;0,873
-0,056;0,652;0,789;0,379;-0,791;-1,065;-0,971;-0,396;-0,674;0,791;1,655;2,036
-0,092;-0,056;0,652;0,789;0,379;-0,791;-1,065;-0,971;-0,396;-0,674;0,791;1,655
-0,00600000000000001;-0,092;-0,056;0,652;0,789;0,379;-0,791;-1,065;-0,971;-0,396;-0,674;0,791
0,903;-0,00600000000000001;-0,092;-0,056;0,652;0,789;0,379;-0,791;-1,065;-0,971;-0,396;-0,674
1,538;0,903;-0,00600000000000001;-0,092;-0,056;0,652;0,789;0,379;-0,791;-1,065;-0,971;-0,396
2,054;1,538;0,903;-0,00600000000000001;-0,092;-0,056;0,652;0,789;0,379;-0,791;-1,065;-0,971
1,209;2,054;1,538;0,903;-0,00600000000000001;-0,092;-0,056;0,652;0,789;0,379;-0,791;-1,065
0,829;1,209;2,054;1,538;0,903;-0,00600000000000001;-0,092;-0,056;0,652;0,789;0,379;-0,791
0,303;0,829;1,209;2,054;1,538;0,903;-0,00600000000000001;-0,092;-0,056;0,652;0,789;0,379
0,607;0,303;0,829;1,209;2,054;1,538;0,903;-0,00600000000000001;-0,092;-0,056;0,652;0,789
0,066;0,607;0,303;0,829;1,209;2,054;1,538;0,903;-0,00600000000000001;-0,092;-0,056;0,652
0,078;0,066;0,607;0,303;0,829;1,209;2,054;1,538;0,903;-0,00600000000000001;-0,092;-0,056
0,198;0,078;0,066;0,607;0,303;0,829;1,209;2,054;1,538;0,903;-0,00600000000000001;-0,092
0,66;0,198;0,078;0,066;0,607;0,303;0,829;1,209;2,054;1,538;0,903;-0,00600000000000001
0,931;0,66;0,198;0,078;0,066;0,607;0,303;0,829;1,209;2,054;1,538;0,903
1,569;0,931;0,66;0,198;0,078;0,066;0,607;0,303;0,829;1,209;2,054;1,538
2,481;1,569;0,931;0,66;0,198;0,078;0,066;0,607;0,303;0,829;1,209;2,054
2,802;2,481;1,569;0,931;0,66;0,198;0,078;0,066;0,607;0,303;0,829;1,209
2,077;2,802;2,481;1,569;0,931;0,66;0,198;0,078;0,066;0,607;0,303;0,829
1,406;2,077;2,802;2,481;1,569;0,931;0,66;0,198;0,078;0,066;0,607;0,303
1,235;1,406;2,077;2,802;2,481;1,569;0,931;0,66;0,198;0,078;0,066;0,607
1,983;1,235;1,406;2,077;2,802;2,481;1,569;0,931;0,66;0,198;0,078;0,066
2,279;1,983;1,235;1,406;2,077;2,802;2,481;1,569;0,931;0,66;0,198;0,078
2,188;2,279;1,983;1,235;1,406;2,077;2,802;2,481;1,569;0,931;0,66;0,198
1,667;2,188;2,279;1,983;1,235;1,406;2,077;2,802;2,481;1,569;0,931;0,66
1,275;1,667;2,188;2,279;1,983;1,235;1,406;2,077;2,802;2,481;1,569;0,931
1,471;1,275;1,667;2,188;2,279;1,983;1,235;1,406;2,077;2,802;2,481;1,569
1,794;1,471;1,275;1,667;2,188;2,279;1,983;1,235;1,406;2,077;2,802;2,481
1,932;1,794;1,471;1,275;1,667;2,188;2,279;1,983;1,235;1,406;2,077;2,802
1,937;1,932;1,794;1,471;1,275;1,667;2,188;2,279;1,983;1,235;1,406;2,077
2,042;1,937;1,932;1,794;1,471;1,275;1,667;2,188;2,279;1,983;1,235;1,406
2,348;2,042;1,937;1,932;1,794;1,471;1,275;1,667;2,188;2,279;1,983;1,235
2,502;2,348;2,042;1,937;1,932;1,794;1,471;1,275;1,667;2,188;2,279;1,983
2,141;2,502;2,348;2,042;1,937;1,932;1,794;1,471;1,275;1,667;2,188;2,279
1,47;2,141;2,502;2,348;2,042;1,937;1,932;1,794;1,471;1,275;1,667;2,188
1,142;1,47;2,141;2,502;2,348;2,042;1,937;1,932;1,794;1,471;1,275;1,667
1,368;1,142;1,47;2,141;2,502;2,348;2,042;1,937;1,932;1,794;1,471;1,275
1,752;1,368;1,142;1,47;2,141;2,502;2,348;2,042;1,937;1,932;1,794;1,471
1,982;1,752;1,368;1,142;1,47;2,141;2,502;2,348;2,042;1,937;1,932;1,794
1,822;1,982;1,752;1,368;1,142;1,47;2,141;2,502;2,348;2,042;1,937;1,932
1,515;1,822;1,982;1,752;1,368;1,142;1,47;2,141;2,502;2,348;2,042;1,937
1,069;1,515;1,822;1,982;1,752;1,368;1,142;1,47;2,141;2,502;2,348;2,042
0,961;1,069;1,515;1,822;1,982;1,752;1,368;1,142;1,47;2,141;2,502;2,348
1,055;0,961;1,069;1,515;1,822;1,982;1,752;1,368;1,142;1,47;2,141;2,502
1,027;1,055;0,961;1,069;1,515;1,822;1,982;1,752;1,368;1,142;1,47;2,141
0,55;1,027;1,055;0,961;1,069;1,515;1,822;1,982;1,752;1,368;1,142;1,47
0,267;0,55;1,027;1,055;0,961;1,069;1,515;1,822;1,982;1,752;1,368;1,142
0,05;0,267;0,55;1,027;1,055;0,961;1,069;1,515;1,822;1,982;1,752;1,368
-0,148;0,05;0,267;0,55;1,027;1,055;0,961;1,069;1,515;1,822;1,982;1,752
-0,748;-0,148;0,05;0,267;0,55;1,027;1,055;0,961;1,069;1,515;1,822;1,982
-1,266;-0,748;-0,148;0,05;0,267;0,55;1,027;1,055;0,961;1,069;1,515;1,822
-1,399;-1,266;-0,748;-0,148;0,05;0,267;0,55;1,027;1,055;0,961;1,069;1,515
-0,453;-1,399;-1,266;-0,748;-0,148;0,05;0,267;0,55;1,027;1,055;0,961;1,069
-0,024;-0,453;-1,399;-1,266;-0,748;-0,148;0,05;0,267;0,55;1,027;1,055;0,961
0,321;-0,024;-0,453;-1,399;-1,266;-0,748;-0,148;0,05;0,267;0,55;1,027;1,055
-0,174;0,321;-0,024;-0,453;-1,399;-1,266;-0,748;-0,148;0,05;0,267;0,55;1,027
-0,35;-0,174;0,321;-0,024;-0,453;-1,399;-1,266;-0,748;-0,148;0,05;0,267;0,55
-0,768;-0,35;-0,174;0,321;-0,024;-0,453;-1,399;-1,266;-0,748;-0,148;0,05;0,267
-1,088;-0,768;-0,35;-0,174;0,321;-0,024;-0,453;-1,399;-1,266;-0,748;-0,148;0,05
-1,258;-1,088;-0,768;-0,35;-0,174;0,321;-0,024;-0,453;-1,399;-1,266;-0,748;-0,148
-1,063;-1,258;-1,088;-0,768;-0,35;-0,174;0,321;-0,024;-0,453;-1,399;-1,266;-0,748
-1,302;-1,063;-1,258;-1,088;-0,768;-0,35;-0,174;0,321;-0,024;-0,453;-1,399;-1,266
-1,487;-1,302;-1,063;-1,258;-1,088;-0,768;-0,35;-0,174;0,321;-0,024;-0,453;-1,399
-1,341;-1,487;-1,302;-1,063;-1,258;-1,088;-0,768;-0,35;-0,174;0,321;-0,024;-0,453
-0,253;-1,341;-1,487;-1,302;-1,063;-1,258;-1,088;-0,768;-0,35;-0,174;0,321;-0,024
0,59;-0,253;-1,341;-1,487;-1,302;-1,063;-1,258;-1,088;-0,768;-0,35;-0,174;0,321
0,939;0,59;-0,253;-1,341;-1,487;-1,302;-1,063;-1,258;-1,088;-0,768;-0,35;-0,174
0,403;0,939;0,59;-0,253;-1,341;-1,487;-1,302;-1,063;-1,258;-1,088;-0,768;-0,35
0,049;0,403;0,939;0,59;-0,253;-1,341;-1,487;-1,302;-1,063;-1,258;-1,088;-0,768
-0,616;0,049;0,403;0,939;0,59;-0,253;-1,341;-1,487;-1,302;-1,063;-1,258;-1,088
-0,848;-0,616;0,049;0,403;0,939;0,59;-0,253;-1,341;-1,487;-1,302;-1,063;-1,258
-1,267;-0,848;-0,616;0,049;0,403;0,939;0,59;-0,253;-1,341;-1,487;-1,302;-1,063
-1,076;-1,267;-0,848;-0,616;0,049;0,403;0,939;0,59;-0,253;-1,341;-1,487;-1,302
-1,281;-1,076;-1,267;-0,848;-0,616;0,049;0,403;0,939;0,59;-0,253;-1,341;-1,487
-0,888;-1,281;-1,076;-1,267;-0,848;-0,616;0,049;0,403;0,939;0,59;-0,253;-1,341
-0,977;-0,888;-1,281;-1,076;-1,267;-0,848;-0,616;0,049;0,403;0,939;0,59;-0,253
-0,375;-0,977;-0,888;-1,281;-1,076;-1,267;-0,848;-0,616;0,049;0,403;0,939;0,59
-0,699;-0,375;-0,977;-0,888;-1,281;-1,076;-1,267;-0,848;-0,616;0,049;0,403;0,939
-1,114;-0,699;-0,375;-0,977;-0,888;-1,281;-1,076;-1,267;-0,848;-0,616;0,049;0,403
-1,808;-1,114;-0,699;-0,375;-0,977;-0,888;-1,281;-1,076;-1,267;-0,848;-0,616;0,049
-1,701;-1,808;-1,114;-0,699;-0,375;-0,977;-0,888;-1,281;-1,076;-1,267;-0,848;-0,616
-1,213;-1,701;-1,808;-1,114;-0,699;-0,375;-0,977;-0,888;-1,281;-1,076;-1,267;-0,848
-1,159;-1,213;-1,701;-1,808;-1,114;-0,699;-0,375;-0,977;-0,888;-1,281;-1,076;-1,267
-1,098;-1,159;-1,213;-1,701;-1,808;-1,114;-0,699;-0,375;-0,977;-0,888;-1,281;-1,076
-0,838;-1,098;-1,159;-1,213;-1,701;-1,808;-1,114;-0,699;-0,375;-0,977;-0,888;-1,281
-0,406;-0,838;-1,098;-1,159;-1,213;-1,701;-1,808;-1,114;-0,699;-0,375;-0,977;-0,888
0,237;-0,406;-0,838;-1,098;-1,159;-1,213;-1,701;-1,808;-1,114;-0,699;-0,375;-0,977
0,505;0,237;-0,406;-0,838;-1,098;-1,159;-1,213;-1,701;-1,808;-1,114;-0,699;-0,375
0,695;0,505;0,237;-0,406;-0,838;-1,098;-1,159;-1,213;-1,701;-1,808;-1,114;-0,699
0,563;0,695;0,505;0,237;-0,406;-0,838;-1,098;-1,159;-1,213;-1,701;-1,808;-1,114
0,394;0,563;0,695;0,505;0,237;-0,406;-0,838;-1,098;-1,159;-1,213;-1,701;-1,808
0,344;0,394;0,563;0,695;0,505;0,237;-0,406;-0,838;-1,098;-1,159;-1,213;-1,701
0,139;0,344;0,394;0,563;0,695;0,505;0,237;-0,406;-0,838;-1,098;-1,159;-1,213
-0,059;0,139;0,344;0,394;0,563;0,695;0,505;0,237;-0,406;-0,838;-1,098;-1,159
-0,05;-0,059;0,139;0,344;0,394;0,563;0,695;0,505;0,237;-0,406;-0,838;-1,098
-0,066;-0,05;-0,059;0,139;0,344;0,394;0,563;0,695;0,505;0,237;-0,406;-0,838
0,22;-0,066;-0,05;-0,059;0,139;0,344;0,394;0,563;0,695;0,505;0,237;-0,406
0,061;0,22;-0,066;-0,05;-0,059;0,139;0,344;0,394;0,563;0,695;0,505;0,237
-0,284;0,061;0,22;-0,066;-0,05;-0,059;0,139;0,344;0,394;0,563;0,695;0,505
-0,365;-0,284;0,061;0,22;-0,066;-0,05;-0,059;0,139;0,344;0,394;0,563;0,695
-0,044;-0,365;-0,284;0,061;0,22;-0,066;-0,05;-0,059;0,139;0,344;0,394;0,563
0,808;-0,044;-0,365;-0,284;0,061;0,22;-0,066;-0,05;-0,059;0,139;0,344;0,394
1,081;0,808;-0,044;-0,365;-0,284;0,061;0,22;-0,066;-0,05;-0,059;0,139;0,344
1,095;1,081;0,808;-0,044;-0,365;-0,284;0,061;0,22;-0,066;-0,05;-0,059;0,139
0,762;1,095;1,081;0,808;-0,044;-0,365;-0,284;0,061;0,22;-0,066;-0,05;-0,059
0,523;0,762;1,095;1,081;0,808;-0,044;-0,365;-0,284;0,061;0,22;-0,066;-0,05
0,277;0,523;0,762;1,095;1,081;0,808;-0,044;-0,365;-0,284;0,061;0,22;-0,066
-0,018;0,277;0,523;0,762;1,095;1,081;0,808;-0,044;-0,365;-0,284;0,061;0,22
-0,24;-0,018;0,277;0,523;0,762;1,095;1,081;0,808;-0,044;-0,365;-0,284;0,061
-0,342;-0,24;-0,018;0,277;0,523;0,762;1,095;1,081;0,808;-0,044;-0,365;-0,284
-0,228;-0,342;-0,24;-0,018;0,277;0,523;0,762;1,095;1,081;0,808;-0,044;-0,365
0,014;-0,228;-0,342;-0,24;-0,018;0,277;0,523;0,762;1,095;1,081;0,808;-0,044
0,696;0,014;-0,228;-0,342;-0,24;-0,018;0,277;0,523;0,762;1,095;1,081;0,808
1,229;0,696;0,014;-0,228;-0,342;-0,24;-0,018;0,277;0,523;0,762;1,095;1,081
1,499;1,229;0,696;0,014;-0,228;-0,342;-0,24;-0,018;0,277;0,523;0,762;1,095
1,439;1,499;1,229;0,696;0,014;-0,228;-0,342;-0,24;-0,018;0,277;0,523;0,762
1,274;1,439;1,499;1,229;0,696;0,014;-0,228;-0,342;-0,24;-0,018;0,277;0,523
1,301;1,274;1,439;1,499;1,229;0,696;0,014;-0,228;-0,342;-0,24;-0,018;0,277
1,229;1,301;1,274;1,439;1,499;1,229;0,696;0,014;-0,228;-0,342;-0,24;-0,018
1,126;1,229;1,301;1,274;1,439;1,499;1,229;0,696;0,014;-0,228;-0,342;-0,24
0,846;1,126;1,229;1,301;1,274;1,439;1,499;1,229;0,696;0,014;-0,228;-0,342
0,592;0,846;1,126;1,229;1,301;1,274;1,439;1,499;1,229;0,696;0,014;-0,228
0,927;0,592;0,846;1,126;1,229;1,301;1,274;1,439;1,499;1,229;0,696;0,014
1,702;0,927;0,592;0,846;1,126;1,229;1,301;1,274;1,439;1,499;1,229;0,696
2,683;1,702;0,927;0,592;0,846;1,126;1,229;1,301;1,274;1,439;1,499;1,229
2,855;2,683;1,702;0,927;0,592;0,846;1,126;1,229;1,301;1,274;1,439;1,499
2,506;2,855;2,683;1,702;0,927;0,592;0,846;1,126;1,229;1,301;1,274;1,439
2,346;2,506;2,855;2,683;1,702;0,927;0,592;0,846;1,126;1,229;1,301;1,274
2,322;2,346;2,506;2,855;2,683;1,702;0,927;0,592;0,846;1,126;1,229;1,301
2,115;2,322;2,346;2,506;2,855;2,683;1,702;0,927;0,592;0,846;1,126;1,229
1,531;2,115;2,322;2,346;2,506;2,855;2,683;1,702;0,927;0,592;0,846;1,126
1,112;1,531;2,115;2,322;2,346;2,506;2,855;2,683;1,702;0,927;0,592;0,846
1,297;1,112;1,531;2,115;2,322;2,346;2,506;2,855;2,683;1,702;0,927;0,592
1,028;1,297;1,112;1,531;2,115;2,322;2,346;2,506;2,855;2,683;1,702;0,927
0,984;1,028;1,297;1,112;1,531;2,115;2,322;2,346;2,506;2,855;2,683;1,702
0,645;0,984;1,028;1,297;1,112;1,531;2,115;2,322;2,346;2,506;2,855;2,683
0,943;0,645;0,984;1,028;1,297;1,112;1,531;2,115;2,322;2,346;2,506;2,855
1,295;0,943;0,645;0,984;1,028;1,297;1,112;1,531;2,115;2,322;2,346;2,506
1,673;1,295;0,943;0,645;0,984;1,028;1,297;1,112;1,531;2,115;2,322;2,346
1,885;1,673;1,295;0,943;0,645;0,984;1,028;1,297;1,112;1,531;2,115;2,322
1,583;1,885;1,673;1,295;0,943;0,645;0,984;1,028;1,297;1,112;1,531;2,115
1,134;1,583;1,885;1,673;1,295;0,943;0,645;0,984;1,028;1,297;1,112;1,531
0,608;1,134;1,583;1,885;1,673;1,295;0,943;0,645;0,984;1,028;1,297;1,112
0,371;0,608;1,134;1,583;1,885;1,673;1,295;0,943;0,645;0,984;1,028;1,297
0,369;0,371;0,608;1,134;1,583;1,885;1,673;1,295;0,943;0,645;0,984;1,028
0,235;0,369;0,371;0,608;1,134;1,583;1,885;1,673;1,295;0,943;0,645;0,984
0,486;0,235;0,369;0,371;0,608;1,134;1,583;1,885;1,673;1,295;0,943;0,645
0,544;0,486;0,235;0,369;0,371;0,608;1,134;1,583;1,885;1,673;1,295;0,943
0,766;0,544;0,486;0,235;0,369;0,371;0,608;1,134;1,583;1,885;1,673;1,295
1,021;0,766;0,544;0,486;0,235;0,369;0,371;0,608;1,134;1,583;1,885;1,673
1,282;1,021;0,766;0,544;0,486;0,235;0,369;0,371;0,608;1,134;1,583;1,885
1,482;1,282;1,021;0,766;0,544;0,486;0,235;0,369;0,371;0,608;1,134;1,583
1,286;1,482;1,282;1,021;0,766;0,544;0,486;0,235;0,369;0,371;0,608;1,134
0,833;1,286;1,482;1,282;1,021;0,766;0,544;0,486;0,235;0,369;0,371;0,608
0,468;0,833;1,286;1,482;1,282;1,021;0,766;0,544;0,486;0,235;0,369;0,371
0,169;0,468;0,833;1,286;1,482;1,282;1,021;0,766;0,544;0,486;0,235;0,369
0,097;0,169;0,468;0,833;1,286;1,482;1,282;1,021;0,766;0,544;0,486;0,235
0,029;0,097;0,169;0,468;0,833;1,286;1,482;1,282;1,021;0,766;0,544;0,486
0,073;0,029;0,097;0,169;0,468;0,833;1,286;1,482;1,282;1,021;0,766;0,544
0,318;0,073;0,029;0,097;0,169;0,468;0,833;1,286;1,482;1,282;1,021;0,766
0,319;0,318;0,073;0,029;0,097;0,169;0,468;0,833;1,286;1,482;1,282;1,021
0,383;0,319;0,318;0,073;0,029;0,097;0,169;0,468;0,833;1,286;1,482;1,282
0,466;0,383;0,319;0,318;0,073;0,029;0,097;0,169;0,468;0,833;1,286;1,482
0,732;0,466;0,383;0,319;0,318;0,073;0,029;0,097;0,169;0,468;0,833;1,286
0,815;0,732;0,466;0,383;0,319;0,318;0,073;0,029;0,097;0,169;0,468;0,833
0,481;0,815;0,732;0,466;0,383;0,319;0,318;0,073;0,029;0,097;0,169;0,468
-0,036;0,481;0,815;0,732;0,466;0,383;0,319;0,318;0,073;0,029;0,097;0,169
-0,502;-0,036;0,481;0,815;0,732;0,466;0,383;0,319;0,318;0,073;0,029;0,097
-0,797;-0,502;-0,036;0,481;0,815;0,732;0,466;0,383;0,319;0,318;0,073;0,029
-1,215;-0,797;-0,502;-0,036;0,481;0,815;0,732;0,466;0,383;0,319;0,318;0,073
-1,4;-1,215;-0,797;-0,502;-0,036;0,481;0,815;0,732;0,466;0,383;0,319;0,318
-1,191;-1,4;-1,215;-0,797;-0,502;-0,036;0,481;0,815;0,732;0,466;0,383;0,319
-0,358;-1,191;-1,4;-1,215;-0,797;-0,502;-0,036;0,481;0,815;0,732;0,466;0,383
0,111;-0,358;-1,191;-1,4;-1,215;-0,797;-0,502;-0,036;0,481;0,815;0,732;0,466
0,05;0,111;-0,358;-1,191;-1,4;-1,215;-0,797;-0,502;-0,036;0,481;0,815;0,732
-0,242;0,05;0,111;-0,358;-1,191;-1,4;-1,215;-0,797;-0,502;-0,036;0,481;0,815
-1,117;-0,242;0,05;0,111;-0,358;-1,191;-1,4;-1,215;-0,797;-0,502;-0,036;0,481
-1,881;-1,117;-0,242;0,05;0,111;-0,358;-1,191;-1,4;-1,215;-0,797;-0,502;-0,036
-2,684;-1,881;-1,117;-0,242;0,05;0,111;-0,358;-1,191;-1,4;-1,215;-0,797;-0,502
-2,737;-2,684;-1,881;-1,117;-0,242;0,05;0,111;-0,358;-1,191;-1,4;-1,215;-0,797
-2,431;-2,737;-2,684;-1,881;-1,117;-0,242;0,05;0,111;-0,358;-1,191;-1,4;-1,215
-2,408;-2,431;-2,737;-2,684;-1,881;-1,117;-0,242;0,05;0,111;-0,358;-1,191;-1,4
-2,016;-2,408;-2,431;-2,737;-2,684;-1,881;-1,117;-0,242;0,05;0,111;-0,358;-1,191
-1,552;-2,016;-2,408;-2,431;-2,737;-2,684;-1,881;-1,117;-0,242;0,05;0,111;-0,358
-0,538;-1,552;-2,016;-2,408;-2,431;-2,737;-2,684;-1,881;-1,117;-0,242;0,05;0,111
0,075;-0,538;-1,552;-2,016;-2,408;-2,431;-2,737;-2,684;-1,881;-1,117;-0,242;0,05
0,709;0,075;-0,538;-1,552;-2,016;-2,408;-2,431;-2,737;-2,684;-1,881;-1,117;-0,242
0,838;0,709;0,075;-0,538;-1,552;-2,016;-2,408;-2,431;-2,737;-2,684;-1,881;-1,117
0,524;0,838;0,709;0,075;-0,538;-1,552;-2,016;-2,408;-2,431;-2,737;-2,684;-1,881
-0,312;0,524;0,838;0,709;0,075;-0,538;-1,552;-2,016;-2,408;-2,431;-2,737;-2,684
-1,062;-0,312;0,524;0,838;0,709;0,075;-0,538;-1,552;-2,016;-2,408;-2,431;-2,737
-1,489;-1,062;-0,312;0,524;0,838;0,709;0,075;-0,538;-1,552;-2,016;-2,408;-2,431
-1,616;-1,489;-1,062;-0,312;0,524;0,838;0,709;0,075;-0,538;-1,552;-2,016;-2,408
-1,376;-1,616;-1,489;-1,062;-0,312;0,524;0,838;0,709;0,075;-0,538;-1,552;-2,016
-1,131;-1,376;-1,616;-1,489;-1,062;-0,312;0,524;0,838;0,709;0,075;-0,538;-1,552
-0,668;-1,131;-1,376;-1,616;-1,489;-1,062;-0,312;0,524;0,838;0,709;0,075;-0,538
-0,263;-0,668;-1,131;-1,376;-1,616;-1,489;-1,062;-0,312;0,524;0,838;0,709;0,075
0,333;-0,263;-0,668;-1,131;-1,376;-1,616;-1,489;-1,062;-0,312;0,524;0,838;0,709
0,454;0,333;-0,263;-0,668;-1,131;-1,376;-1,616;-1,489;-1,062;-0,312;0,524;0,838
0,187;0,454;0,333;-0,263;-0,668;-1,131;-1,376;-1,616;-1,489;-1,062;-0,312;0,524
-0,206;0,187;0,454;0,333;-0,263;-0,668;-1,131;-1,376;-1,616;-1,489;-1,062;-0,312
-0,594;-0,206;0,187;0,454;0,333;-0,263;-0,668;-1,131;-1,376;-1,616;-1,489;-1,062
-0,799;-0,594;-0,206;0,187;0,454;0,333;-0,263;-0,668;-1,131;-1,376;-1,616;-1,489
-0,912;-0,799;-0,594;-0,206;0,187;0,454;0,333;-0,263;-0,668;-1,131;-1,376;-1,616
-0,937;-0,912;-0,799;-0,594;-0,206;0,187;0,454;0,333;-0,263;-0,668;-1,131;-1,376
-0,878;-0,937;-0,912;-0,799;-0,594;-0,206;0,187;0,454;0,333;-0,263;-0,668;-1,131
-0,896;-0,878;-0,937;-0,912;-0,799;-0,594;-0,206;0,187;0,454;0,333;-0,263;-0,668
-0,704;-0,896;-0,878;-0,937;-0,912;-0,799;-0,594;-0,206;0,187;0,454;0,333;-0,263
-0,272;-0,704;-0,896;-0,878;-0,937;-0,912;-0,799;-0,594;-0,206;0,187;0,454;0,333
0,139;-0,272;-0,704;-0,896;-0,878;-0,937;-0,912;-0,799;-0,594;-0,206;0,187;0,454
0,865;0,139;-0,272;-0,704;-0,896;-0,878;-0,937;-0,912;-0,799;-0,594;-0,206;0,187
1,081;0,865;0,139;-0,272;-0,704;-0,896;-0,878;-0,937;-0,912;-0,799;-0,594;-0,206
1,052;1,081;0,865;0,139;-0,272;-0,704;-0,896;-0,878;-0,937;-0,912;-0,799;-0,594
0,439;1,052;1,081;0,865;0,139;-0,272;-0,704;-0,896;-0,878;-0,937;-0,912;-0,799
-0,223;0,439;1,052;1,081;0,865;0,139;-0,272;-0,704;-0,896;-0,878;-0,937;-0,912
-0,556;-0,223;0,439;1,052;1,081;0,865;0,139;-0,272;-0,704;-0,896;-0,878;-0,937
-0,633;-0,556;-0,223;0,439;1,052;1,081;0,865;0,139;-0,272;-0,704;-0,896;-0,878
-0,21;-0,633;-0,556;-0,223;0,439;1,052;1,081;0,865;0,139;-0,272;-0,704;-0,896
-0,243;-0,21;-0,633;-0,556;-0,223;0,439;1,052;1,081;0,865;0,139;-0,272;-0,704
-0,237;-0,243;-0,21;-0,633;-0,556;-0,223;0,439;1,052;1,081;0,865;0,139;-0,272
0,018;-0,237;-0,243;-0,21;-0,633;-0,556;-0,223;0,439;1,052;1,081;0,865;0,139
0,74;0,018;-0,237;-0,243;-0,21;-0,633;-0,556;-0,223;0,439;1,052;1,081;0,865
1,205;0,74;0,018;-0,237;-0,243;-0,21;-0,633;-0,556;-0,223;0,439;1,052;1,081
1,011;1,205;0,74;0,018;-0,237;-0,243;-0,21;-0,633;-0,556;-0,223;0,439;1,052
0,6;1,011;1,205;0,74;0,018;-0,237;-0,243;-0,21;-0,633;-0,556;-0,223;0,439
0,142;0,6;1,011;1,205;0,74;0,018;-0,237;-0,243;-0,21;-0,633;-0,556;-0,223
-0,208;0,142;0,6;1,011;1,205;0,74;0,018;-0,237;-0,243;-0,21;-0,633;-0,556
-0,655;-0,208;0,142;0,6;1,011;1,205;0,74;0,018;-0,237;-0,243;-0,21;-0,633
-0,751;-0,655;-0,208;0,142;0,6;1,011;1,205;0,74;0,018;-0,237;-0,243;-0,21
-0,803;-0,751;-0,655;-0,208;0,142;0,6;1,011;1,205;0,74;0,018;-0,237;-0,243
-0,664;-0,803;-0,751;-0,655;-0,208;0,142;0,6;1,011;1,205;0,74;0,018;-0,237
-0,562;-0,664;-0,803;-0,751;-0,655;-0,208;0,142;0,6;1,011;1,205;0,74;0,018
-0,196;-0,562;-0,664;-0,803;-0,751;-0,655;-0,208;0,142;0,6;1,011;1,205;0,74
0,27;-0,196;-0,562;-0,664;-0,803;-0,751;-0,655;-0,208;0,142;0,6;1,011;1,205
0,715;0,27;-0,196;-0,562;-0,664;-0,803;-0,751;-0,655;-0,208;0,142;0,6;1,011
0,912;0,715;0,27;-0,196;-0,562;-0,664;-0,803;-0,751;-0,655;-0,208;0,142;0,6
0,747;0,912;0,715;0,27;-0,196;-0,562;-0,664;-0,803;-0,751;-0,655;-0,208;0,142
0,414;0,747;0,912;0,715;0,27;-0,196;-0,562;-0,664;-0,803;-0,751;-0,655;-0,208
-0,157;0,414;0,747;0,912;0,715;0,27;-0,196;-0,562;-0,664;-0,803;-0,751;-0,655
-0,353;-0,157;0,414;0,747;0,912;0,715;0,27;-0,196;-0,562;-0,664;-0,803;-0,751
-0,723;-0,353;-0,157;0,414;0,747;0,912;0,715;0,27;-0,196;-0,562;-0,664;-0,803
-0,779;-0,723;-0,353;-0,157;0,414;0,747;0,912;0,715;0,27;-0,196;-0,562;-0,664
-0,856;-0,779;-0,723;-0,353;-0,157;0,414;0,747;0,912;0,715;0,27;-0,196;-0,562
-0,496;-0,856;-0,779;-0,723;-0,353;-0,157;0,414;0,747;0,912;0,715;0,27;-0,196
0,095;-0,496;-0,856;-0,779;-0,723;-0,353;-0,157;0,414;0,747;0,912;0,715;0,27
0,694;0,095;-0,496;-0,856;-0,779;-0,723;-0,353;-0,157;0,414;0,747;0,912;0,715
1,21;0,694;0,095;-0,496;-0,856;-0,779;-0,723;-0,353;-0,157;0,414;0,747;0,912
1,181;1,21;0,694;0,095;-0,496;-0,856;-0,779;-0,723;-0,353;-0,157;0,414;0,747
0,95;1,181;1,21;0,694;0,095;-0,496;-0,856;-0,779;-0,723;-0,353;-0,157;0,414
0,195;0,95;1,181;1,21;0,694;0,095;-0,496;-0,856;-0,779;-0,723;-0,353;-0,157
-0,427;0,195;0,95;1,181;1,21;0,694;0,095;-0,496;-0,856;-0,779;-0,723;-0,353
-0,868;-0,427;0,195;0,95;1,181;1,21;0,694;0,095;-0,496;-0,856;-0,779;-0,723
-0,848;-0,868;-0,427;0,195;0,95;1,181;1,21;0,694;0,095;-0,496;-0,856;-0,779
-0,541;-0,848;-0,868;-0,427;0,195;0,95;1,181;1,21;0,694;0,095;-0,496;-0,856
-0,407;-0,541;-0,848;-0,868;-0,427;0,195;0,95;1,181;1,21;0,694;0,095;-0,496
0,057;-0,407;-0,541;-0,848;-0,868;-0,427;0,195;0,95;1,181;1,21;0,694;0,095
0,528;0,057;-0,407;-0,541;-0,848;-0,868;-0,427;0,195;0,95;1,181;1,21;0,694
1,348;0,528;0,057;-0,407;-0,541;-0,848;-0,868;-0,427;0,195;0,95;1,181;1,21
1,576;1,348;0,528;0,057;-0,407;-0,541;-0,848;-0,868;-0,427;0,195;0,95;1,181
1,644;1,576;1,348;0,528;0,057;-0,407;-0,541;-0,848;-0,868;-0,427;0,195;0,95
1,235;1,644;1,576;1,348;0,528;0,057;-0,407;-0,541;-0,848;-0,868;-0,427;0,195
0,681;1,235;1,644;1,576;1,348;0,528;0,057;-0,407;-0,541;-0,848;-0,868;-0,427
0,207;0,681;1,235;1,644;1,576;1,348;0,528;0,057;-0,407;-0,541;-0,848;-0,868
0,182;0,207;0,681;1,235;1,644;1,576;1,348;0,528;0,057;-0,407;-0,541;-0,848
0,51;0,182;0,207;0,681;1,235;1,644;1,576;1,348;0,528;0,057;-0,407;-0,541
0,84;0,51;0,182;0,207;0,681;1,235;1,644;1,576;1,348;0,528;0,057;-0,407
0,878;0,84;0,51;0,182;0,207;0,681;1,235;1,644;1,576;1,348;0,528;0,057
1,164;0,878;0,84;0,51;0,182;0,207;0,681;1,235;1,644;1,576;1,348;0,528
1,5;1,164;0,878;0,84;0,51;0,182;0,207;0,681;1,235;1,644;1,576;1,348
1,987;1,5;1,164;0,878;0,84;0,51;0,182;0,207;0,681;1,235;1,644;1,576
2,426;1,987;1,5;1,164;0,878;0,84;0,51;0,182;0,207;0,681;1,235;1,644
2,265;2,426;1,987;1,5;1,164;0,878;0,84;0,51;0,182;0,207;0,681;1,235
1,947;2,265;2,426;1,987;1,5;1,164;0,878;0,84;0,51;0,182;0,207;0,681
1,386;1,947;2,265;2,426;1,987;1,5;1,164;0,878;0,84;0,51;0,182;0,207
0,949;1,386;1,947;2,265;2,426;1,987;1,5;1,164;0,878;0,84;0,51;0,182
0,697;0,949;1,386;1,947;2,265;2,426;1,987;1,5;1,164;0,878;0,84;0,51
0,428;0,697;0,949;1,386;1,947;2,265;2,426;1,987;1,5;1,164;0,878;0,84
0,527;0,428;0,697;0,949;1,386;1,947;2,265;2,426;1,987;1,5;1,164;0,878
0,66;0,527;0,428;0,697;0,949;1,386;1,947;2,265;2,426;1,987;1,5;1,164
1,093;0,66;0,527;0,428;0,697;0,949;1,386;1,947;2,265;2,426;1,987;1,5
1,339;1,093;0,66;0,527;0,428;0,697;0,949;1,386;1,947;2,265;2,426;1,987
1,906;1,339;1,093;0,66;0,527;0,428;0,697;0,949;1,386;1,947;2,265;2,426
2,321;1,906;1,339;1,093;0,66;0,527;0,428;0,697;0,949;1,386;1,947;2,265
2,516;2,321;1,906;1,339;1,093;0,66;0,527;0,428;0,697;0,949;1,386;1,947
2,148;2,516;2,321;1,906;1,339;1,093;0,66;0,527;0,428;0,697;0,949;1,386
1,287;2,148;2,516;2,321;1,906;1,339;1,093;0,66;0,527;0,428;0,697;0,949
0,965;1,287;2,148;2,516;2,321;1,906;1,339;1,093;0,66;0,527;0,428;0,697
0,654;0,965;1,287;2,148;2,516;2,321;1,906;1,339;1,093;0,66;0,527;0,428
0,665;0,654;0,965;1,287;2,148;2,516;2,321;1,906;1,339;1,093;0,66;0,527
0,576;0,665;0,654;0,965;1,287;2,148;2,516;2,321;1,906;1,339;1,093;0,66
0,601;0,576;0,665;0,654;0,965;1,287;2,148;2,516;2,321;1,906;1,339;1,093
0,893;0,601;0,576;0,665;0,654;0,965;1,287;2,148;2,516;2,321;1,906;1,339
1,85;0,893;0,601;0,576;0,665;0,654;0,965;1,287;2,148;2,516;2,321;1,906
2,636;1,85;0,893;0,601;0,576;0,665;0,654;0,965;1,287;2,148;2,516;2,321
2,947;2,636;1,85;0,893;0,601;0,576;0,665;0,654;0,965;1,287;2,148;2,516
2,383;2,947;2,636;1,85;0,893;0,601;0,576;0,665;0,654;0,965;1,287;2,148
2,101;2,383;2,947;2,636;1,85;0,893;0,601;0,576;0,665;0,654;0,965;1,287
1,478;2,101;2,383;2,947;2,636;1,85;0,893;0,601;0,576;0,665;0,654;0,965
1,321;1,478;2,101;2,383;2,947;2,636;1,85;0,893;0,601;0,576;0,665;0,654
0,942;1,321;1,478;2,101;2,383;2,947;2,636;1,85;0,893;0,601;0,576;0,665
1,105;0,942;1,321;1,478;2,101;2,383;2,947;2,636;1,85;0,893;0,601;0,576
0,593;1,105;0,942;1,321;1,478;2,101;2,383;2,947;2,636;1,85;0,893;0,601
0,448;0,593;1,105;0,942;1,321;1,478;2,101;2,383;2,947;2,636;1,85;0,893
0,815;0,448;0,593;1,105;0,942;1,321;1,478;2,101;2,383;2,947;2,636;1,85
1,507;0,815;0,448;0,593;1,105;0,942;1,321;1,478;2,101;2,383;2,947;2,636
1,863;1,507;0,815;0,448;0,593;1,105;0,942;1,321;1,478;2,101;2,383;2,947
1,959;1,863;1,507;0,815;0,448;0,593;1,105;0,942;1,321;1,478;2,101;2,383
2,236;1,959;1,863;1,507;0,815;0,448;0,593;1,105;0,942;1,321;1,478;2,101
2,321;2,236;1,959;1,863;1,507;0,815;0,448;0,593;1,105;0,942;1,321;1,478
2,304;2,321;2,236;1,959;1,863;1,507;0,815;0,448;0,593;1,105;0,942;1,321
1,266;2,304;2,321;2,236;1,959;1,863;1,507;0,815;0,448;0,593;1,105;0,942
0,792;1,266;2,304;2,321;2,236;1,959;1,863;1,507;0,815;0,448;0,593;1,105
0,329;0,792;1,266;2,304;2,321;2,236;1,959;1,863;1,507;0,815;0,448;0,593
0,732;0,329;0,792;1,266;2,304;2,321;2,236;1,959;1,863;1,507;0,815;0,448
0,775;0,732;0,329;0,792;1,266;2,304;2,321;2,236;1,959;1,863;1,507;0,815
1,074;0,775;0,732;0,329;0,792;1,266;2,304;2,321;2,236;1,959;1,863;1,507
1,498;1,074;0,775;0,732;0,329;0,792;1,266;2,304;2,321;2,236;1,959;1,863
2,503;1,498;1,074;0,775;0,732;0,329;0,792;1,266;2,304;2,321;2,236;1,959
3,058;2,503;1,498;1,074;0,775;0,732;0,329;0,792;1,266;2,304;2,321;2,236
3,275;3,058;2,503;1,498;1,074;0,775;0,732;0,329;0,792;1,266;2,304;2,321
2,667;3,275;3,058;2,503;1,498;1,074;0,775;0,732;0,329;0,792;1,266;2,304
1,953;2,667;3,275;3,058;2,503;1,498;1,074;0,775;0,732;0,329;0,792;1,266
1,404;1,953;2,667;3,275;3,058;2,503;1,498;1,074;0,775;0,732;0,329;0,792
1,062;1,404;1,953;2,667;3,275;3,058;2,503;1,498;1,074;0,775;0,732;0,329
0,936;1,062;1,404;1,953;2,667;3,275;3,058;2,503;1,498;1,074;0,775;0,732
0,701;0,936;1,062;1,404;1,953;2,667;3,275;3,058;2,503;1,498;1,074;0,775
0,506;0,701;0,936;1,062;1,404;1,953;2,667;3,275;3,058;2,503;1,498;1,074
0,708;0,506;0,701;0,936;1,062;1,404;1,953;2,667;3,275;3,058;2,503;1,498
1,691;0,708;0,506;0,701;0,936;1,062;1,404;1,953;2,667;3,275;3,058;2,503
2,729;1,691;0,708;0,506;0,701;0,936;1,062;1,404;1,953;2,667;3,275;3,058
3,161;2,729;1,691;0,708;0,506;0,701;0,936;1,062;1,404;1,953;2,667;3,275
2,851;3,161;2,729;1,691;0,708;0,506;0,701;0,936;1,062;1,404;1,953;2,667
2,344;2,851;3,161;2,729;1,691;0,708;0,506;0,701;0,936;1,062;1,404;1,953
1,906;2,344;2,851;3,161;2,729;1,691;0,708;0,506;0,701;0,936;1,062;1,404
1,78;1,906;2,344;2,851;3,161;2,729;1,691;0,708;0,506;0,701;0,936;1,062
1,587;1,78;1,906;2,344;2,851;3,161;2,729;1,691;0,708;0,506;0,701;0,936
1,486;1,587;1,78;1,906;2,344;2,851;3,161;2,729;1,691;0,708;0,506;0,701
1,228;1,486;1,587;1,78;1,906;2,344;2,851;3,161;2,729;1,691;0,708;0,506
1,508;1,228;1,486;1,587;1,78;1,906;2,344;2,851;3,161;2,729;1,691;0,708
2,388;1,508;1,228;1,486;1,587;1,78;1,906;2,344;2,851;3,161;2,729;1,691
3,264;2,388;1,508;1,228;1,486;1,587;1,78;1,906;2,344;2,851;3,161;2,729
3,679;3,264;2,388;1,508;1,228;1,486;1,587;1,78;1,906;2,344;2,851;3,161
3,575;3,679;3,264;2,388;1,508;1,228;1,486;1,587;1,78;1,906;2,344;2,851
3,424;3,575;3,679;3,264;2,388;1,508;1,228;1,486;1,587;1,78;1,906;2,344
3,198;3,424;3,575;3,679;3,264;2,388;1,508;1,228;1,486;1,587;1,78;1,906
2,664;3,198;3,424;3,575;3,679;3,264;2,388;1,508;1,228;1,486;1,587;1,78
1,892;2,664;3,198;3,424;3,575;3,679;3,264;2,388;1,508;1,228;1,486;1,587
1,358;1,892;2,664;3,198;3,424;3,575;3,679;3,264;2,388;1,508;1,228;1,486
1,405;1,358;1,892;2,664;3,198;3,424;3,575;3,679;3,264;2,388;1,508;1,228
1,853;1,405;1,358;1,892;2,664;3,198;3,424;3,575;3,679;3,264;2,388;1,508
2,31;1,853;1,405;1,358;1,892;2,664;3,198;3,424;3,575;3,679;3,264;2,388
2,947;2,31;1,853;1,405;1,358;1,892;2,664;3,198;3,424;3,575;3,679;3,264
3,344;2,947;2,31;1,853;1,405;1,358;1,892;2,664;3,198;3,424;3,575;3,679
3,964;3,344;2,947;2,31;1,853;1,405;1,358;1,892;2,664;3,198;3,424;3,575
4,023;3,964;3,344;2,947;2,31;1,853;1,405;1,358;1,892;2,664;3,198;3,424
3,62;4,023;3,964;3,344;2,947;2,31;1,853;1,405;1,358;1,892;2,664;3,198
2,804;3,62;4,023;3,964;3,344;2,947;2,31;1,853;1,405;1,358;1,892;2,664
1,413;2,804;3,62;4,023;3,964;3,344;2,947;2,31;1,853;1,405;1,358;1,892
1,116;1,413;2,804;3,62;4,023;3,964;3,344;2,947;2,31;1,853;1,405;1,358
1,199;1,116;1,413;2,804;3,62;4,023;3,964;3,344;2,947;2,31;1,853;1,405
1,446;1,199;1,116;1,413;2,804;3,62;4,023;3,964;3,344;2,947;2,31;1,853
0,88;1,446;1,199;1,116;1,413;2,804;3,62;4,023;3,964;3,344;2,947;2,31
0,468;0,88;1,446;1,199;1,116;1,413;2,804;3,62;4,023;3,964;3,344;2,947
0,72;0,468;0,88;1,446;1,199;1,116;1,413;2,804;3,62;4,023;3,964;3,344
0,832;0,72;0,468;0,88;1,446;1,199;1,116;1,413;2,804;3,62;4,023;3,964
0,649;0,832;0,72;0,468;0,88;1,446;1,199;1,116;1,413;2,804;3,62;4,023
3,46944695195361e-18;0,649;0,832;0,72;0,468;0,88;1,446;1,199;1,116;1,413;2,804;3,62
-0,337;3,46944695195361e-18;0,649;0,832;0,72;0,468;0,88;1,446;1,199;1,116;1,413;2,804
-0,889;-0,337;3,46944695195361e-18;0,649;0,832;0,72;0,468;0,88;1,446;1,199;1,116;1,413
-0,583;-0,889;-0,337;3,46944695195361e-18;0,649;0,832;0,72;0,468;0,88;1,446;1,199;1,116
-0,114;-0,583;-0,889;-0,337;3,46944695195361e-18;0,649;0,832;0,72;0,468;0,88;1,446;1,199
0,046;-0,114;-0,583;-0,889;-0,337;3,46944695195361e-18;0,649;0,832;0,72;0,468;0,88;1,446
-0,678;0,046;-0,114;-0,583;-0,889;-0,337;3,46944695195361e-18;0,649;0,832;0,72;0,468;0,88
-1,451;-0,678;0,046;-0,114;-0,583;-0,889;-0,337;3,46944695195361e-18;0,649;0,832;0,72;0,468
-1,633;-1,451;-0,678;0,046;-0,114;-0,583;-0,889;-0,337;3,46944695195361e-18;0,649;0,832;0,72
-1,578;-1,633;-1,451;-0,678;0,046;-0,114;-0,583;-0,889;-0,337;3,46944695195361e-18;0,649;0,832
-1,233;-1,578;-1,633;-1,451;-0,678;0,046;-0,114;-0,583;-0,889;-0,337;3,46944695195361e-18;0,649
-1,213;-1,233;-1,578;-1,633;-1,451;-0,678;0,046;-0,114;-0,583;-0,889;-0,337;3,46944695195361e-18
-1,094;-1,213;-1,233;-1,578;-1,633;-1,451;-0,678;0,046;-0,114;-0,583;-0,889;-0,337
-1,281;-1,094;-1,213;-1,233;-1,578;-1,633;-1,451;-0,678;0,046;-0,114;-0,583;-0,889
-1,342;-1,281;-1,094;-1,213;-1,233;-1,578;-1,633;-1,451;-0,678;0,046;-0,114;-0,583
-1,947;-1,342;-1,281;-1,094;-1,213;-1,233;-1,578;-1,633;-1,451;-0,678;0,046;-0,114
-2,688;-1,947;-1,342;-1,281;-1,094;-1,213;-1,233;-1,578;-1,633;-1,451;-0,678;0,046
-4,072;-2,688;-1,947;-1,342;-1,281;-1,094;-1,213;-1,233;-1,578;-1,633;-1,451;-0,678
-4,346;-4,072;-2,688;-1,947;-1,342;-1,281;-1,094;-1,213;-1,233;-1,578;-1,633;-1,451
-4,715;-4,346;-4,072;-2,688;-1,947;-1,342;-1,281;-1,094;-1,213;-1,233;-1,578;-1,633
-4,151;-4,715;-4,346;-4,072;-2,688;-1,947;-1,342;-1,281;-1,094;-1,213;-1,233;-1,578
-3,922;-4,151;-4,715;-4,346;-4,072;-2,688;-1,947;-1,342;-1,281;-1,094;-1,213;-1,233
-2,89;-3,922;-4,151;-4,715;-4,346;-4,072;-2,688;-1,947;-1,342;-1,281;-1,094;-1,213
-2,192;-2,89;-3,922;-4,151;-4,715;-4,346;-4,072;-2,688;-1,947;-1,342;-1,281;-1,094
-2,154;-2,192;-2,89;-3,922;-4,151;-4,715;-4,346;-4,072;-2,688;-1,947;-1,342;-1,281
-2,58;-2,154;-2,192;-2,89;-3,922;-4,151;-4,715;-4,346;-4,072;-2,688;-1,947;-1,342
-2,761;-2,58;-2,154;-2,192;-2,89;-3,922;-4,151;-4,715;-4,346;-4,072;-2,688;-1,947
-3,282;-2,761;-2,58;-2,154;-2,192;-2,89;-3,922;-4,151;-4,715;-4,346;-4,072;-2,688
-3,374;-3,282;-2,761;-2,58;-2,154;-2,192;-2,89;-3,922;-4,151;-4,715;-4,346;-4,072
-3,359;-3,374;-3,282;-2,761;-2,58;-2,154;-2,192;-2,89;-3,922;-4,151;-4,715;-4,346
-3,552;-3,359;-3,374;-3,282;-2,761;-2,58;-2,154;-2,192;-2,89;-3,922;-4,151;-4,715
-4,621;-3,552;-3,359;-3,374;-3,282;-2,761;-2,58;-2,154;-2,192;-2,89;-3,922;-4,151
-5,199;-4,621;-3,552;-3,359;-3,374;-3,282;-2,761;-2,58;-2,154;-2,192;-2,89;-3,922
-4,114;-5,199;-4,621;-3,552;-3,359;-3,374;-3,282;-2,761;-2,58;-2,154;-2,192;-2,89
-1,845;-4,114;-5,199;-4,621;-3,552;-3,359;-3,374;-3,282;-2,761;-2,58;-2,154;-2,192
0,236;-1,845;-4,114;-5,199;-4,621;-3,552;-3,359;-3,374;-3,282;-2,761;-2,58;-2,154
1,377;0,236;-1,845;-4,114;-5,199;-4,621;-3,552;-3,359;-3,374;-3,282;-2,761;-2,58
1,85;1,377;0,236;-1,845;-4,114;-5,199;-4,621;-3,552;-3,359;-3,374;-3,282;-2,761
0,778;1,85;1,377;0,236;-1,845;-4,114;-5,199;-4,621;-3,552;-3,359;-3,374;-3,282
-0,577;0,778;1,85;1,377;0,236;-1,845;-4,114;-5,199;-4,621;-3,552;-3,359;-3,374
-2,276;-0,577;0,778;1,85;1,377;0,236;-1,845;-4,114;-5,199;-4,621;-3,552;-3,359
-2,617;-2,276;-0,577;0,778;1,85;1,377;0,236;-1,845;-4,114;-5,199;-4,621;-3,552
-2,685;-2,617;-2,276;-0,577;0,778;1,85;1,377;0,236;-1,845;-4,114;-5,199;-4,621
-2,966;-2,685;-2,617;-2,276;-0,577;0,778;1,85;1,377;0,236;-1,845;-4,114;-5,199
-3,63;-2,966;-2,685;-2,617;-2,276;-0,577;0,778;1,85;1,377;0,236;-1,845;-4,114
-2,471;-3,63;-2,966;-2,685;-2,617;-2,276;-0,577;0,778;1,85;1,377;0,236;-1,845
0,0820000000000001;-2,471;-3,63;-2,966;-2,685;-2,617;-2,276;-0,577;0,778;1,85;1,377;0,236
2,518;0,0820000000000001;-2,471;-3,63;-2,966;-2,685;-2,617;-2,276;-0,577;0,778;1,85;1,377
2,775;2,518;0,0820000000000001;-2,471;-3,63;-2,966;-2,685;-2,617;-2,276;-0,577;0,778;1,85
1,4;2,775;2,518;0,0820000000000001;-2,471;-3,63;-2,966;-2,685;-2,617;-2,276;-0,577;0,778
-0,597;1,4;2,775;2,518;0,0820000000000001;-2,471;-3,63;-2,966;-2,685;-2,617;-2,276;-0,577
-2,439;-0,597;1,4;2,775;2,518;0,0820000000000001;-2,471;-3,63;-2,966;-2,685;-2,617;-2,276
-3,604;-2,439;-0,597;1,4;2,775;2,518;0,0820000000000001;-2,471;-3,63;-2,966;-2,685;-2,617
-3,812;-3,604;-2,439;-0,597;1,4;2,775;2,518;0,0820000000000001;-2,471;-3,63;-2,966;-2,685
-3,529;-3,812;-3,604;-2,439;-0,597;1,4;2,775;2,518;0,0820000000000001;-2,471;-3,63;-2,966
-3,62;-3,529;-3,812;-3,604;-2,439;-0,597;1,4;2,775;2,518;0,0820000000000001;-2,471;-3,63
-3,722;-3,62;-3,529;-3,812;-3,604;-2,439;-0,597;1,4;2,775;2,518;0,0820000000000001;-2,471
-3,021;-3,722;-3,62;-3,529;-3,812;-3,604;-2,439;-0,597;1,4;2,775;2,518;0,0820000000000001
-1,019;-3,021;-3,722;-3,62;-3,529;-3,812;-3,604;-2,439;-0,597;1,4;2,775;2,518
0,992;-1,019;-3,021;-3,722;-3,62;-3,529;-3,812;-3,604;-2,439;-0,597;1,4;2,775
2,263;0,992;-1,019;-3,021;-3,722;-3,62;-3,529;-3,812;-3,604;-2,439;-0,597;1,4
1,806;2,263;0,992;-1,019;-3,021;-3,722;-3,62;-3,529;-3,812;-3,604;-2,439;-0,597
0,388;1,806;2,263;0,992;-1,019;-3,021;-3,722;-3,62;-3,529;-3,812;-3,604;-2,439
-1,807;0,388;1,806;2,263;0,992;-1,019;-3,021;-3,722;-3,62;-3,529;-3,812;-3,604
-3,181;-1,807;0,388;1,806;2,263;0,992;-1,019;-3,021;-3,722;-3,62;-3,529;-3,812
-4,028;-3,181;-1,807;0,388;1,806;2,263;0,992;-1,019;-3,021;-3,722;-3,62;-3,529
-3,898;-4,028;-3,181;-1,807;0,388;1,806;2,263;0,992;-1,019;-3,021;-3,722;-3,62
-3,716;-3,898;-4,028;-3,181;-1,807;0,388;1,806;2,263;0,992;-1,019;-3,021;-3,722
-2,591;-3,716;-3,898;-4,028;-3,181;-1,807;0,388;1,806;2,263;0,992;-1,019;-3,021
-0,236;-2,591;-3,716;-3,898;-4,028;-3,181;-1,807;0,388;1,806;2,263;0,992;-1,019
2,617;-0,236;-2,591;-3,716;-3,898;-4,028;-3,181;-1,807;0,388;1,806;2,263;0,992
4,921;2,617;-0,236;-2,591;-3,716;-3,898;-4,028;-3,181;-1,807;0,388;1,806;2,263
5,266;4,921;2,617;-0,236;-2,591;-3,716;-3,898;-4,028;-3,181;-1,807;0,388;1,806
4,232;5,266;4,921;2,617;-0,236;-2,591;-3,716;-3,898;-4,028;-3,181;-1,807;0,388
2,234;4,232;5,266;4,921;2,617;-0,236;-2,591;-3,716;-3,898;-4,028;-3,181;-1,807
0,15;2,234;4,232;5,266;4,921;2,617;-0,236;-2,591;-3,716;-3,898;-4,028;-3,181
-1,152;0,15;2,234;4,232;5,266;4,921;2,617;-0,236;-2,591;-3,716;-3,898;-4,028
-1,046;-1,152;0,15;2,234;4,232;5,266;4,921;2,617;-0,236;-2,591;-3,716;-3,898
-0,551;-1,046;-1,152;0,15;2,234;4,232;5,266;4,921;2,617;-0,236;-2,591;-3,716
0,13;-0,551;-1,046;-1,152;0,15;2,234;4,232;5,266;4,921;2,617;-0,236;-2,591
0,288;0,13;-0,551;-1,046;-1,152;0,15;2,234;4,232;5,266;4,921;2,617;-0,236
2,378;0,288;0,13;-0,551;-1,046;-1,152;0,15;2,234;4,232;5,266;4,921;2,617
4,355;2,378;0,288;0,13;-0,551;-1,046;-1,152;0,15;2,234;4,232;5,266;4,921
5,967;4,355;2,378;0,288;0,13;-0,551;-1,046;-1,152;0,15;2,234;4,232;5,266
5,365;5,967;4,355;2,378;0,288;0,13;-0,551;-1,046;-1,152;0,15;2,234;4,232
4,331;5,365;5,967;4,355;2,378;0,288;0,13;-0,551;-1,046;-1,152;0,15;2,234
3,042;4,331;5,365;5,967;4,355;2,378;0,288;0,13;-0,551;-1,046;-1,152;0,15
1,736;3,042;4,331;5,365;5,967;4,355;2,378;0,288;0,13;-0,551;-1,046;-1,152
0,434;1,736;3,042;4,331;5,365;5,967;4,355;2,378;0,288;0,13;-0,551;-1,046
-0,388;0,434;1,736;3,042;4,331;5,365;5,967;4,355;2,378;0,288;0,13;-0,551
-0,773;-0,388;0,434;1,736;3,042;4,331;5,365;5,967;4,355;2,378;0,288;0,13
-0,661;-0,773;-0,388;0,434;1,736;3,042;4,331;5,365;5,967;4,355;2,378;0,288
-0,125;-0,661;-0,773;-0,388;0,434;1,736;3,042;4,331;5,365;5,967;4,355;2,378
0,746;-0,125;-0,661;-0,773;-0,388;0,434;1,736;3,042;4,331;5,365;5,967;4,355
1,782;0,746;-0,125;-0,661;-0,773;-0,388;0,434;1,736;3,042;4,331;5,365;5,967
2,397;1,782;0,746;-0,125;-0,661;-0,773;-0,388;0,434;1,736;3,042;4,331;5,365
2,587;2,397;1,782;0,746;-0,125;-0,661;-0,773;-0,388;0,434;1,736;3,042;4,331
2,086;2,587;2,397;1,782;0,746;-0,125;-0,661;-0,773;-0,388;0,434;1,736;3,042
1,413;2,086;2,587;2,397;1,782;0,746;-0,125;-0,661;-0,773;-0,388;0,434;1,736
0,454;1,413;2,086;2,587;2,397;1,782;0,746;-0,125;-0,661;-0,773;-0,388;0,434
-0,122;0,454;1,413;2,086;2,587;2,397;1,782;0,746;-0,125;-0,661;-0,773;-0,388
-0,396;-0,122;0,454;1,413;2,086;2,587;2,397;1,782;0,746;-0,125;-0,661;-0,773
-0,21;-0,396;-0,122;0,454;1,413;2,086;2,587;2,397;1,782;0,746;-0,125;-0,661
0,303;-0,21;-0,396;-0,122;0,454;1,413;2,086;2,587;2,397;1,782;0,746;-0,125
0,445;0,303;-0,21;-0,396;-0,122;0,454;1,413;2,086;2,587;2,397;1,782;0,746
1,086;0,445;0,303;-0,21;-0,396;-0,122;0,454;1,413;2,086;2,587;2,397;1,782
1,778;1,086;0,445;0,303;-0,21;-0,396;-0,122;0,454;1,413;2,086;2,587;2,397
2,569;1,778;1,086;0,445;0,303;-0,21;-0,396;-0,122;0,454;1,413;2,086;2,587
2,623;2,569;1,778;1,086;0,445;0,303;-0,21;-0,396;-0,122;0,454;1,413;2,086
2,109;2,623;2,569;1,778;1,086;0,445;0,303;-0,21;-0,396;-0,122;0,454;1,413
1,503;2,109;2,623;2,569;1,778;1,086;0,445;0,303;-0,21;-0,396;-0,122;0,454
0,982;1,503;2,109;2,623;2,569;1,778;1,086;0,445;0,303;-0,21;-0,396;-0,122
0,484;0,982;1,503;2,109;2,623;2,569;1,778;1,086;0,445;0,303;-0,21;-0,396
0,225;0,484;0,982;1,503;2,109;2,623;2,569;1,778;1,086;0,445;0,303;-0,21
0,082;0,225;0,484;0,982;1,503;2,109;2,623;2,569;1,778;1,086;0,445;0,303
-0,035;0,082;0,225;0,484;0,982;1,503;2,109;2,623;2,569;1,778;1,086;0,445
0,172;-0,035;0,082;0,225;0,484;0,982;1,503;2,109;2,623;2,569;1,778;1,086
0,623;0,172;-0,035;0,082;0,225;0,484;0,982;1,503;2,109;2,623;2,569;1,778
1,456;0,623;0,172;-0,035;0,082;0,225;0,484;0,982;1,503;2,109;2,623;2,569
2,136;1,456;0,623;0,172;-0,035;0,082;0,225;0,484;0,982;1,503;2,109;2,623
2,295;2,136;1,456;0,623;0,172;-0,035;0,082;0,225;0,484;0,982;1,503;2,109
2,122;2,295;2,136;1,456;0,623;0,172;-0,035;0,082;0,225;0,484;0,982;1,503
1,439;2,122;2,295;2,136;1,456;0,623;0,172;-0,035;0,082;0,225;0,484;0,982
0,747;1,439;2,122;2,295;2,136;1,456;0,623;0,172;-0,035;0,082;0,225;0,484
0,00600000000000002;0,747;1,439;2,122;2,295;2,136;1,456;0,623;0,172;-0,035;0,082;0,225
-0,113;0,00600000000000002;0,747;1,439;2,122;2,295;2,136;1,456;0,623;0,172;-0,035;0,082
-0,187;-0,113;0,00600000000000002;0,747;1,439;2,122;2,295;2,136;1,456;0,623;0,172;-0,035
-0,244;-0,187;-0,113;0,00600000000000002;0,747;1,439;2,122;2,295;2,136;1,456;0,623;0,172
-0,21;-0,244;-0,187;-0,113;0,00600000000000002;0,747;1,439;2,122;2,295;2,136;1,456;0,623
0,737;-0,21;-0,244;-0,187;-0,113;0,00600000000000002;0,747;1,439;2,122;2,295;2,136;1,456
1,77;0,737;-0,21;-0,244;-0,187;-0,113;0,00600000000000002;0,747;1,439;2,122;2,295;2,136
2,737;1,77;0,737;-0,21;-0,244;-0,187;-0,113;0,00600000000000002;0,747;1,439;2,122;2,295
2,677;2,737;1,77;0,737;-0,21;-0,244;-0,187;-0,113;0,00600000000000002;0,747;1,439;2,122
2,504;2,677;2,737;1,77;0,737;-0,21;-0,244;-0,187;-0,113;0,00600000000000002;0,747;1,439
1,64;2,504;2,677;2,737;1,77;0,737;-0,21;-0,244;-0,187;-0,113;0,00600000000000002;0,747
0,665;1,64;2,504;2,677;2,737;1,77;0,737;-0,21;-0,244;-0,187;-0,113;0,00600000000000002
0,016;0,665;1,64;2,504;2,677;2,737;1,77;0,737;-0,21;-0,244;-0,187;-0,113
-0,188;0,016;0,665;1,64;2,504;2,677;2,737;1,77;0,737;-0,21;-0,244;-0,187
0,083;-0,188;0,016;0,665;1,64;2,504;2,677;2,737;1,77;0,737;-0,21;-0,244
-0,093;0,083;-0,188;0,016;0,665;1,64;2,504;2,677;2,737;1,77;0,737;-0,21
0,09;-0,093;0,083;-0,188;0,016;0,665;1,64;2,504;2,677;2,737;1,77;0,737
0,679;0,09;-0,093;0,083;-0,188;0,016;0,665;1,64;2,504;2,677;2,737;1,77
1,656;0,679;0,09;-0,093;0,083;-0,188;0,016;0,665;1,64;2,504;2,677;2,737
2,192;1,656;0,679;0,09;-0,093;0,083;-0,188;0,016;0,665;1,64;2,504;2,677
2,163;2,192;1,656;0,679;0,09;-0,093;0,083;-0,188;0,016;0,665;1,64;2,504
1,75;2,163;2,192;1,656;0,679;0,09;-0,093;0,083;-0,188;0,016;0,665;1,64
1,144;1,75;2,163;2,192;1,656;0,679;0,09;-0,093;0,083;-0,188;0,016;0,665
0,302;1,144;1,75;2,163;2,192;1,656;0,679;0,09;-0,093;0,083;-0,188;0,016
-0,271;0,302;1,144;1,75;2,163;2,192;1,656;0,679;0,09;-0,093;0,083;-0,188
-0,592;-0,271;0,302;1,144;1,75;2,163;2,192;1,656;0,679;0,09;-0,093;0,083
-0,571;-0,592;-0,271;0,302;1,144;1,75;2,163;2,192;1,656;0,679;0,09;-0,093
-0,544;-0,571;-0,592;-0,271;0,302;1,144;1,75;2,163;2,192;1,656;0,679;0,09
-0,329;-0,544;-0,571;-0,592;-0,271;0,302;1,144;1,75;2,163;2,192;1,656;0,679
0,219;-0,329;-0,544;-0,571;-0,592;-0,271;0,302;1,144;1,75;2,163;2,192;1,656
0,931;0,219;-0,329;-0,544;-0,571;-0,592;-0,271;0,302;1,144;1,75;2,163;2,192
1,646;0,931;0,219;-0,329;-0,544;-0,571;-0,592;-0,271;0,302;1,144;1,75;2,163
1,772;1,646;0,931;0,219;-0,329;-0,544;-0,571;-0,592;-0,271;0,302;1,144;1,75
1,462;1,772;1,646;0,931;0,219;-0,329;-0,544;-0,571;-0,592;-0,271;0,302;1,144
0,847;1,462;1,772;1,646;0,931;0,219;-0,329;-0,544;-0,571;-0,592;-0,271;0,302
0,35;0,847;1,462;1,772;1,646;0,931;0,219;-0,329;-0,544;-0,571;-0,592;-0,271
-0,064;0,35;0,847;1,462;1,772;1,646;0,931;0,219;-0,329;-0,544;-0,571;-0,592
-0,197;-0,064;0,35;0,847;1,462;1,772;1,646;0,931;0,219;-0,329;-0,544;-0,571
-0,346;-0,197;-0,064;0,35;0,847;1,462;1,772;1,646;0,931;0,219;-0,329;-0,544
-0,275;-0,346;-0,197;-0,064;0,35;0,847;1,462;1,772;1,646;0,931;0,219;-0,329
0,06;-0,275;-0,346;-0,197;-0,064;0,35;0,847;1,462;1,772;1,646;0,931;0,219
1,365;0,06;-0,275;-0,346;-0,197;-0,064;0,35;0,847;1,462;1,772;1,646;0,931
2,974;1,365;0,06;-0,275;-0,346;-0,197;-0,064;0,35;0,847;1,462;1,772;1,646
3,075;2,974;1,365;0,06;-0,275;-0,346;-0,197;-0,064;0,35;0,847;1,462;1,772
2,031;3,075;2,974;1,365;0,06;-0,275;-0,346;-0,197;-0,064;0,35;0,847;1,462
1,069;2,031;3,075;2,974;1,365;0,06;-0,275;-0,346;-0,197;-0,064;0,35;0,847
1,452;1,069;2,031;3,075;2,974;1,365;0,06;-0,275;-0,346;-0,197;-0,064;0,35
2,395;1,452;1,069;2,031;3,075;2,974;1,365;0,06;-0,275;-0,346;-0,197;-0,064
3,155;2,395;1,452;1,069;2,031;3,075;2,974;1,365;0,06;-0,275;-0,346;-0,197
3,419;3,155;2,395;1,452;1,069;2,031;3,075;2,974;1,365;0,06;-0,275;-0,346
2,851;3,419;3,155;2,395;1,452;1,069;2,031;3,075;2,974;1,365;0,06;-0,275
2,096;2,851;3,419;3,155;2,395;1,452;1,069;2,031;3,075;2,974;1,365;0,06
1,914;2,096;2,851;3,419;3,155;2,395;1,452;1,069;2,031;3,075;2,974;1,365
2,914;1,914;2,096;2,851;3,419;3,155;2,395;1,452;1,069;2,031;3,075;2,974
4,113;2,914;1,914;2,096;2,851;3,419;3,155;2,395;1,452;1,069;2,031;3,075
4,937;4,113;2,914;1,914;2,096;2,851;3,419;3,155;2,395;1,452;1,069;2,031
5,06;4,937;4,113;2,914;1,914;2,096;2,851;3,419;3,155;2,395;1,452;1,069
