"YA_L1";"YA_L2";"YA_L3";"YA_L4";"YA_L5";"YA_L6";"YA_L7";"YA_L8";"YA_L9";"YA_L10";"YA_L11"
-2,972509473;-4,428377218;-5,174472311;-4,937029109;-4,005555902;-4,864953776;-5,240298044;-5,069351283;-6,267488379;-7,305228508;-9,13187366
-2,465729602;-2,972509473;-4,428377218;-5,174472311;-4,937029109;-4,005555902;-4,864953776;-5,240298044;-5,069351283;-6,267488379;-7,305228508
-2,645472925;-2,465729602;-2,972509473;-4,428377218;-5,174472311;-4,937029109;-4,005555902;-4,864953776;-5,240298044;-5,069351283;-6,267488379
-4,443871878;-2,645472925;-2,465729602;-2,972509473;-4,428377218;-5,174472311;-4,937029109;-4,005555902;-4,864953776;-5,240298044;-5,069351283
-4,646606912;-4,443871878;-2,645472925;-2,465729602;-2,972509473;-4,428377218;-5,174472311;-4,937029109;-4,005555902;-4,864953776;-5,240298044
-4,50237683;-4,646606912;-4,443871878;-2,645472925;-2,465729602;-2,972509473;-4,428377218;-5,174472311;-4,937029109;-4,005555902;-4,864953776
-2,401453134;-4,50237683;-4,646606912;-4,443871878;-2,645472925;-2,465729602;-2,972509473;-4,428377218;-5,174472311;-4,937029109;-4,005555902
-0,156809503;-2,401453134;-4,50237683;-4,646606912;-4,443871878;-2,645472925;-2,465729602;-2,972509473;-4,428377218;-5,174472311;-4,937029109
2,81138128;-0,156809503;-2,401453134;-4,50237683;-4,646606912;-4,443871878;-2,645472925;-2,465729602;-2,972509473;-4,428377218;-5,174472311
5,96678221;2,81138128;-0,156809503;-2,401453134;-4,50237683;-4,646606912;-4,443871878;-2,645472925;-2,465729602;-2,972509473;-4,428377218
9,187360603;5,96678221;2,81138128;-0,156809503;-2,401453134;-4,50237683;-4,646606912;-4,443871878;-2,645472925;-2,465729602;-2,972509473
11,520130237;9,187360603;5,96678221;2,81138128;-0,156809503;-2,401453134;-4,50237683;-4,646606912;-4,443871878;-2,645472925;-2,465729602
12,628714953;11,520130237;9,187360603;5,96678221;2,81138128;-0,156809503;-2,401453134;-4,50237683;-4,646606912;-4,443871878;-2,645472925
13,937627066;12,628714953;11,520130237;9,187360603;5,96678221;2,81138128;-0,156809503;-2,401453134;-4,50237683;-4,646606912;-4,443871878
14,163095966;13,937627066;12,628714953;11,520130237;9,187360603;5,96678221;2,81138128;-0,156809503;-2,401453134;-4,50237683;-4,646606912
15,500708294;14,163095966;13,937627066;12,628714953;11,520130237;9,187360603;5,96678221;2,81138128;-0,156809503;-2,401453134;-4,50237683
15,147642649;15,500708294;14,163095966;13,937627066;12,628714953;11,520130237;9,187360603;5,96678221;2,81138128;-0,156809503;-2,401453134
15,120919193;15,147642649;15,500708294;14,163095966;13,937627066;12,628714953;11,520130237;9,187360603;5,96678221;2,81138128;-0,156809503
15,152464105;15,120919193;15,147642649;15,500708294;14,163095966;13,937627066;12,628714953;11,520130237;9,187360603;5,96678221;2,81138128
15,508637036;15,152464105;15,120919193;15,147642649;15,500708294;14,163095966;13,937627066;12,628714953;11,520130237;9,187360603;5,96678221
15,813243312;15,508637036;15,152464105;15,120919193;15,147642649;15,500708294;14,163095966;13,937627066;12,628714953;11,520130237;9,187360603
15,655521946;15,813243312;15,508637036;15,152464105;15,120919193;15,147642649;15,500708294;14,163095966;13,937627066;12,628714953;11,520130237
14,397178304;15,655521946;15,813243312;15,508637036;15,152464105;15,120919193;15,147642649;15,500708294;14,163095966;13,937627066;12,628714953
12,289986031;14,397178304;15,655521946;15,813243312;15,508637036;15,152464105;15,120919193;15,147642649;15,500708294;14,163095966;13,937627066
11,704692448;12,289986031;14,397178304;15,655521946;15,813243312;15,508637036;15,152464105;15,120919193;15,147642649;15,500708294;14,163095966
11,495320786;11,704692448;12,289986031;14,397178304;15,655521946;15,813243312;15,508637036;15,152464105;15,120919193;15,147642649;15,500708294
10,744008217;11,495320786;11,704692448;12,289986031;14,397178304;15,655521946;15,813243312;15,508637036;15,152464105;15,120919193;15,147642649
10,21177759;10,744008217;11,495320786;11,704692448;12,289986031;14,397178304;15,655521946;15,813243312;15,508637036;15,152464105;15,120919193
8,879672875;10,21177759;10,744008217;11,495320786;11,704692448;12,289986031;14,397178304;15,655521946;15,813243312;15,508637036;15,152464105
6,376191057;8,879672875;10,21177759;10,744008217;11,495320786;11,704692448;12,289986031;14,397178304;15,655521946;15,813243312;15,508637036
3,384693894;6,376191057;8,879672875;10,21177759;10,744008217;11,495320786;11,704692448;12,289986031;14,397178304;15,655521946;15,813243312
0,918978646;3,384693894;6,376191057;8,879672875;10,21177759;10,744008217;11,495320786;11,704692448;12,289986031;14,397178304;15,655521946
-1,619329162;0,918978646;3,384693894;6,376191057;8,879672875;10,21177759;10,744008217;11,495320786;11,704692448;12,289986031;14,397178304
-3,934688875;-1,619329162;0,918978646;3,384693894;6,376191057;8,879672875;10,21177759;10,744008217;11,495320786;11,704692448;12,289986031
-6,177618204;-3,934688875;-1,619329162;0,918978646;3,384693894;6,376191057;8,879672875;10,21177759;10,744008217;11,495320786;11,704692448
-7,248246533;-6,177618204;-3,934688875;-1,619329162;0,918978646;3,384693894;6,376191057;8,879672875;10,21177759;10,744008217;11,495320786
-8,986298605;-7,248246533;-6,177618204;-3,934688875;-1,619329162;0,918978646;3,384693894;6,376191057;8,879672875;10,21177759;10,744008217
-11,779600615;-8,986298605;-7,248246533;-6,177618204;-3,934688875;-1,619329162;0,918978646;3,384693894;6,376191057;8,879672875;10,21177759
-13,948332434;-11,779600615;-8,986298605;-7,248246533;-6,177618204;-3,934688875;-1,619329162;0,918978646;3,384693894;6,376191057;8,879672875
-16,899475687;-13,948332434;-11,779600615;-8,986298605;-7,248246533;-6,177618204;-3,934688875;-1,619329162;0,918978646;3,384693894;6,376191057
-19,329344939;-16,899475687;-13,948332434;-11,779600615;-8,986298605;-7,248246533;-6,177618204;-3,934688875;-1,619329162;0,918978646;3,384693894
-18,081561139;-19,329344939;-16,899475687;-13,948332434;-11,779600615;-8,986298605;-7,248246533;-6,177618204;-3,934688875;-1,619329162;0,918978646
-18,522042814;-18,081561139;-19,329344939;-16,899475687;-13,948332434;-11,779600615;-8,986298605;-7,248246533;-6,177618204;-3,934688875;-1,619329162
-19,162435315;-18,522042814;-18,081561139;-19,329344939;-16,899475687;-13,948332434;-11,779600615;-8,986298605;-7,248246533;-6,177618204;-3,934688875
-19,97849568;-19,162435315;-18,522042814;-18,081561139;-19,329344939;-16,899475687;-13,948332434;-11,779600615;-8,986298605;-7,248246533;-6,177618204
-20,44568268;-19,97849568;-19,162435315;-18,522042814;-18,081561139;-19,329344939;-16,899475687;-13,948332434;-11,779600615;-8,986298605;-7,248246533
-20,810068815;-20,44568268;-19,97849568;-19,162435315;-18,522042814;-18,081561139;-19,329344939;-16,899475687;-13,948332434;-11,779600615;-8,986298605
-21,272485073;-20,810068815;-20,44568268;-19,97849568;-19,162435315;-18,522042814;-18,081561139;-19,329344939;-16,899475687;-13,948332434;-11,779600615
-22,686095646;-21,272485073;-20,810068815;-20,44568268;-19,97849568;-19,162435315;-18,522042814;-18,081561139;-19,329344939;-16,899475687;-13,948332434
-23,086752316;-22,686095646;-21,272485073;-20,810068815;-20,44568268;-19,97849568;-19,162435315;-18,522042814;-18,081561139;-19,329344939;-16,899475687
-24,208088352;-23,086752316;-22,686095646;-21,272485073;-20,810068815;-20,44568268;-19,97849568;-19,162435315;-18,522042814;-18,081561139;-19,329344939
-25,531731284;-24,208088352;-23,086752316;-22,686095646;-21,272485073;-20,810068815;-20,44568268;-19,97849568;-19,162435315;-18,522042814;-18,081561139
-24,705719219;-25,531731284;-24,208088352;-23,086752316;-22,686095646;-21,272485073;-20,810068815;-20,44568268;-19,97849568;-19,162435315;-18,522042814
-25,516163404;-24,705719219;-25,531731284;-24,208088352;-23,086752316;-22,686095646;-21,272485073;-20,810068815;-20,44568268;-19,97849568;-19,162435315
-25,287844913;-25,516163404;-24,705719219;-25,531731284;-24,208088352;-23,086752316;-22,686095646;-21,272485073;-20,810068815;-20,44568268;-19,97849568
-26,002719307;-25,287844913;-25,516163404;-24,705719219;-25,531731284;-24,208088352;-23,086752316;-22,686095646;-21,272485073;-20,810068815;-20,44568268
-27,752082399;-26,002719307;-25,287844913;-25,516163404;-24,705719219;-25,531731284;-24,208088352;-23,086752316;-22,686095646;-21,272485073;-20,810068815
-29,906550298;-27,752082399;-26,002719307;-25,287844913;-25,516163404;-24,705719219;-25,531731284;-24,208088352;-23,086752316;-22,686095646;-21,272485073
-31,625217346;-29,906550298;-27,752082399;-26,002719307;-25,287844913;-25,516163404;-24,705719219;-25,531731284;-24,208088352;-23,086752316;-22,686095646
-32,749009834;-31,625217346;-29,906550298;-27,752082399;-26,002719307;-25,287844913;-25,516163404;-24,705719219;-25,531731284;-24,208088352;-23,086752316
-33,409521138;-32,749009834;-31,625217346;-29,906550298;-27,752082399;-26,002719307;-25,287844913;-25,516163404;-24,705719219;-25,531731284;-24,208088352
-32,993474847;-33,409521138;-32,749009834;-31,625217346;-29,906550298;-27,752082399;-26,002719307;-25,287844913;-25,516163404;-24,705719219;-25,531731284
-31,953183213;-32,993474847;-33,409521138;-32,749009834;-31,625217346;-29,906550298;-27,752082399;-26,002719307;-25,287844913;-25,516163404;-24,705719219
-29,191421227;-31,953183213;-32,993474847;-33,409521138;-32,749009834;-31,625217346;-29,906550298;-27,752082399;-26,002719307;-25,287844913;-25,516163404
-27,571570988;-29,191421227;-31,953183213;-32,993474847;-33,409521138;-32,749009834;-31,625217346;-29,906550298;-27,752082399;-26,002719307;-25,287844913
-26,200805516;-27,571570988;-29,191421227;-31,953183213;-32,993474847;-33,409521138;-32,749009834;-31,625217346;-29,906550298;-27,752082399;-26,002719307
-27,071706461;-26,200805516;-27,571570988;-29,191421227;-31,953183213;-32,993474847;-33,409521138;-32,749009834;-31,625217346;-29,906550298;-27,752082399
-28,494970503;-27,071706461;-26,200805516;-27,571570988;-29,191421227;-31,953183213;-32,993474847;-33,409521138;-32,749009834;-31,625217346;-29,906550298
-28,00157089;-28,494970503;-27,071706461;-26,200805516;-27,571570988;-29,191421227;-31,953183213;-32,993474847;-33,409521138;-32,749009834;-31,625217346
-25,568462627;-28,00157089;-28,494970503;-27,071706461;-26,200805516;-27,571570988;-29,191421227;-31,953183213;-32,993474847;-33,409521138;-32,749009834
-22,288175302;-25,568462627;-28,00157089;-28,494970503;-27,071706461;-26,200805516;-27,571570988;-29,191421227;-31,953183213;-32,993474847;-33,409521138
-20,264900712;-22,288175302;-25,568462627;-28,00157089;-28,494970503;-27,071706461;-26,200805516;-27,571570988;-29,191421227;-31,953183213;-32,993474847
-16,430742154;-20,264900712;-22,288175302;-25,568462627;-28,00157089;-28,494970503;-27,071706461;-26,200805516;-27,571570988;-29,191421227;-31,953183213
-12,747923894;-16,430742154;-20,264900712;-22,288175302;-25,568462627;-28,00157089;-28,494970503;-27,071706461;-26,200805516;-27,571570988;-29,191421227
-9,206722582;-12,747923894;-16,430742154;-20,264900712;-22,288175302;-25,568462627;-28,00157089;-28,494970503;-27,071706461;-26,200805516;-27,571570988
-6,006190956;-9,206722582;-12,747923894;-16,430742154;-20,264900712;-22,288175302;-25,568462627;-28,00157089;-28,494970503;-27,071706461;-26,200805516
-3,078088603;-6,006190956;-9,206722582;-12,747923894;-16,430742154;-20,264900712;-22,288175302;-25,568462627;-28,00157089;-28,494970503;-27,071706461
-2,342807183;-3,078088603;-6,006190956;-9,206722582;-12,747923894;-16,430742154;-20,264900712;-22,288175302;-25,568462627;-28,00157089;-28,494970503
1,7864563;-2,342807183;-3,078088603;-6,006190956;-9,206722582;-12,747923894;-16,430742154;-20,264900712;-22,288175302;-25,568462627;-28,00157089
6,383334546;1,7864563;-2,342807183;-3,078088603;-6,006190956;-9,206722582;-12,747923894;-16,430742154;-20,264900712;-22,288175302;-25,568462627
9,547850338;6,383334546;1,7864563;-2,342807183;-3,078088603;-6,006190956;-9,206722582;-12,747923894;-16,430742154;-20,264900712;-22,288175302
11,54921613;9,547850338;6,383334546;1,7864563;-2,342807183;-3,078088603;-6,006190956;-9,206722582;-12,747923894;-16,430742154;-20,264900712
12,766814962;11,54921613;9,547850338;6,383334546;1,7864563;-2,342807183;-3,078088603;-6,006190956;-9,206722582;-12,747923894;-16,430742154
14,926260973;12,766814962;11,54921613;9,547850338;6,383334546;1,7864563;-2,342807183;-3,078088603;-6,006190956;-9,206722582;-12,747923894
15,22103734;14,926260973;12,766814962;11,54921613;9,547850338;6,383334546;1,7864563;-2,342807183;-3,078088603;-6,006190956;-9,206722582
14,462928838;15,22103734;14,926260973;12,766814962;11,54921613;9,547850338;6,383334546;1,7864563;-2,342807183;-3,078088603;-6,006190956
12,901439352;14,462928838;15,22103734;14,926260973;12,766814962;11,54921613;9,547850338;6,383334546;1,7864563;-2,342807183;-3,078088603
8,973744571;12,901439352;14,462928838;15,22103734;14,926260973;12,766814962;11,54921613;9,547850338;6,383334546;1,7864563;-2,342807183
6,623573772;8,973744571;12,901439352;14,462928838;15,22103734;14,926260973;12,766814962;11,54921613;9,547850338;6,383334546;1,7864563
5,65281462;6,623573772;8,973744571;12,901439352;14,462928838;15,22103734;14,926260973;12,766814962;11,54921613;9,547850338;6,383334546
4,890936011;5,65281462;6,623573772;8,973744571;12,901439352;14,462928838;15,22103734;14,926260973;12,766814962;11,54921613;9,547850338
4,000286842;4,890936011;5,65281462;6,623573772;8,973744571;12,901439352;14,462928838;15,22103734;14,926260973;12,766814962;11,54921613
3,065642729;4,000286842;4,890936011;5,65281462;6,623573772;8,973744571;12,901439352;14,462928838;15,22103734;14,926260973;12,766814962
1,759023355;3,065642729;4,000286842;4,890936011;5,65281462;6,623573772;8,973744571;12,901439352;14,462928838;15,22103734;14,926260973
0,89564679;1,759023355;3,065642729;4,000286842;4,890936011;5,65281462;6,623573772;8,973744571;12,901439352;14,462928838;15,22103734
-0,869730138;0,89564679;1,759023355;3,065642729;4,000286842;4,890936011;5,65281462;6,623573772;8,973744571;12,901439352;14,462928838
-1,934788789;-0,869730138;0,89564679;1,759023355;3,065642729;4,000286842;4,890936011;5,65281462;6,623573772;8,973744571;12,901439352
-3,42647577;-1,934788789;-0,869730138;0,89564679;1,759023355;3,065642729;4,000286842;4,890936011;5,65281462;6,623573772;8,973744571
-3,524113825;-3,42647577;-1,934788789;-0,869730138;0,89564679;1,759023355;3,065642729;4,000286842;4,890936011;5,65281462;6,623573772
-1,979819086;-3,524113825;-3,42647577;-1,934788789;-0,869730138;0,89564679;1,759023355;3,065642729;4,000286842;4,890936011;5,65281462
-1,633166069;-1,979819086;-3,524113825;-3,42647577;-1,934788789;-0,869730138;0,89564679;1,759023355;3,065642729;4,000286842;4,890936011
-0,09780721;-1,633166069;-1,979819086;-3,524113825;-3,42647577;-1,934788789;-0,869730138;0,89564679;1,759023355;3,065642729;4,000286842
0,135153378;-0,09780721;-1,633166069;-1,979819086;-3,524113825;-3,42647577;-1,934788789;-0,869730138;0,89564679;1,759023355;3,065642729
0,547729394;0,135153378;-0,09780721;-1,633166069;-1,979819086;-3,524113825;-3,42647577;-1,934788789;-0,869730138;0,89564679;1,759023355
1,772221084;0,547729394;0,135153378;-0,09780721;-1,633166069;-1,979819086;-3,524113825;-3,42647577;-1,934788789;-0,869730138;0,89564679
2,490995385;1,772221084;0,547729394;0,135153378;-0,09780721;-1,633166069;-1,979819086;-3,524113825;-3,42647577;-1,934788789;-0,869730138
3,226827104;2,490995385;1,772221084;0,547729394;0,135153378;-0,09780721;-1,633166069;-1,979819086;-3,524113825;-3,42647577;-1,934788789
4,446160614;3,226827104;2,490995385;1,772221084;0,547729394;0,135153378;-0,09780721;-1,633166069;-1,979819086;-3,524113825;-3,42647577
4,735213348;4,446160614;3,226827104;2,490995385;1,772221084;0,547729394;0,135153378;-0,09780721;-1,633166069;-1,979819086;-3,524113825
5,306834699;4,735213348;4,446160614;3,226827104;2,490995385;1,772221084;0,547729394;0,135153378;-0,09780721;-1,633166069;-1,979819086
5,961016907;5,306834699;4,735213348;4,446160614;3,226827104;2,490995385;1,772221084;0,547729394;0,135153378;-0,09780721;-1,633166069
8,327163835;5,961016907;5,306834699;4,735213348;4,446160614;3,226827104;2,490995385;1,772221084;0,547729394;0,135153378;-0,09780721
11,531327777;8,327163835;5,961016907;5,306834699;4,735213348;4,446160614;3,226827104;2,490995385;1,772221084;0,547729394;0,135153378
13,65132348;11,531327777;8,327163835;5,961016907;5,306834699;4,735213348;4,446160614;3,226827104;2,490995385;1,772221084;0,547729394
14,35579656;13,65132348;11,531327777;8,327163835;5,961016907;5,306834699;4,735213348;4,446160614;3,226827104;2,490995385;1,772221084
14,257578888;14,35579656;13,65132348;11,531327777;8,327163835;5,961016907;5,306834699;4,735213348;4,446160614;3,226827104;2,490995385
15,433479747;14,257578888;14,35579656;13,65132348;11,531327777;8,327163835;5,961016907;5,306834699;4,735213348;4,446160614;3,226827104
16,315491525;15,433479747;14,257578888;14,35579656;13,65132348;11,531327777;8,327163835;5,961016907;5,306834699;4,735213348;4,446160614
15,780710043;16,315491525;15,433479747;14,257578888;14,35579656;13,65132348;11,531327777;8,327163835;5,961016907;5,306834699;4,735213348
16,310159733;15,780710043;16,315491525;15,433479747;14,257578888;14,35579656;13,65132348;11,531327777;8,327163835;5,961016907;5,306834699
17,437488192;16,310159733;15,780710043;16,315491525;15,433479747;14,257578888;14,35579656;13,65132348;11,531327777;8,327163835;5,961016907
18,660603493;17,437488192;16,310159733;15,780710043;16,315491525;15,433479747;14,257578888;14,35579656;13,65132348;11,531327777;8,327163835
18,756584938;18,660603493;17,437488192;16,310159733;15,780710043;16,315491525;15,433479747;14,257578888;14,35579656;13,65132348;11,531327777
17,247497379;18,756584938;18,660603493;17,437488192;16,310159733;15,780710043;16,315491525;15,433479747;14,257578888;14,35579656;13,65132348
15,070539504;17,247497379;18,756584938;18,660603493;17,437488192;16,310159733;15,780710043;16,315491525;15,433479747;14,257578888;14,35579656
12,457640506;15,070539504;17,247497379;18,756584938;18,660603493;17,437488192;16,310159733;15,780710043;16,315491525;15,433479747;14,257578888
11,826009965;12,457640506;15,070539504;17,247497379;18,756584938;18,660603493;17,437488192;16,310159733;15,780710043;16,315491525;15,433479747
11,073552414;11,826009965;12,457640506;15,070539504;17,247497379;18,756584938;18,660603493;17,437488192;16,310159733;15,780710043;16,315491525
9,069353927;11,073552414;11,826009965;12,457640506;15,070539504;17,247497379;18,756584938;18,660603493;17,437488192;16,310159733;15,780710043
6,917251419;9,069353927;11,073552414;11,826009965;12,457640506;15,070539504;17,247497379;18,756584938;18,660603493;17,437488192;16,310159733
6,058175197;6,917251419;9,069353927;11,073552414;11,826009965;12,457640506;15,070539504;17,247497379;18,756584938;18,660603493;17,437488192
4,328776676;6,058175197;6,917251419;9,069353927;11,073552414;11,826009965;12,457640506;15,070539504;17,247497379;18,756584938;18,660603493
2,949465673;4,328776676;6,058175197;6,917251419;9,069353927;11,073552414;11,826009965;12,457640506;15,070539504;17,247497379;18,756584938
1,494062372;2,949465673;4,328776676;6,058175197;6,917251419;9,069353927;11,073552414;11,826009965;12,457640506;15,070539504;17,247497379
0,848773597;1,494062372;2,949465673;4,328776676;6,058175197;6,917251419;9,069353927;11,073552414;11,826009965;12,457640506;15,070539504
1,160158006;0,848773597;1,494062372;2,949465673;4,328776676;6,058175197;6,917251419;9,069353927;11,073552414;11,826009965;12,457640506
0,580736956;1,160158006;0,848773597;1,494062372;2,949465673;4,328776676;6,058175197;6,917251419;9,069353927;11,073552414;11,826009965
-0,172115651;0,580736956;1,160158006;0,848773597;1,494062372;2,949465673;4,328776676;6,058175197;6,917251419;9,069353927;11,073552414
-0,80869391;-0,172115651;0,580736956;1,160158006;0,848773597;1,494062372;2,949465673;4,328776676;6,058175197;6,917251419;9,069353927
-1,399821761;-0,80869391;-0,172115651;0,580736956;1,160158006;0,848773597;1,494062372;2,949465673;4,328776676;6,058175197;6,917251419
-2,793472634;-1,399821761;-0,80869391;-0,172115651;0,580736956;1,160158006;0,848773597;1,494062372;2,949465673;4,328776676;6,058175197
-2,75033395;-2,793472634;-1,399821761;-0,80869391;-0,172115651;0,580736956;1,160158006;0,848773597;1,494062372;2,949465673;4,328776676
-3,708403207;-2,75033395;-2,793472634;-1,399821761;-0,80869391;-0,172115651;0,580736956;1,160158006;0,848773597;1,494062372;2,949465673
-3,782035428;-3,708403207;-2,75033395;-2,793472634;-1,399821761;-0,80869391;-0,172115651;0,580736956;1,160158006;0,848773597;1,494062372
-3,808532546;-3,782035428;-3,708403207;-2,75033395;-2,793472634;-1,399821761;-0,80869391;-0,172115651;0,580736956;1,160158006;0,848773597
-4,154946573;-3,808532546;-3,782035428;-3,708403207;-2,75033395;-2,793472634;-1,399821761;-0,80869391;-0,172115651;0,580736956;1,160158006
-4,779581134;-4,154946573;-3,808532546;-3,782035428;-3,708403207;-2,75033395;-2,793472634;-1,399821761;-0,80869391;-0,172115651;0,580736956
-6,483386197;-4,779581134;-4,154946573;-3,808532546;-3,782035428;-3,708403207;-2,75033395;-2,793472634;-1,399821761;-0,80869391;-0,172115651
-8,210761383;-6,483386197;-4,779581134;-4,154946573;-3,808532546;-3,782035428;-3,708403207;-2,75033395;-2,793472634;-1,399821761;-0,80869391
-10,592456051;-8,210761383;-6,483386197;-4,779581134;-4,154946573;-3,808532546;-3,782035428;-3,708403207;-2,75033395;-2,793472634;-1,399821761
-11,946559365;-10,592456051;-8,210761383;-6,483386197;-4,779581134;-4,154946573;-3,808532546;-3,782035428;-3,708403207;-2,75033395;-2,793472634
-11,511944517;-11,946559365;-10,592456051;-8,210761383;-6,483386197;-4,779581134;-4,154946573;-3,808532546;-3,782035428;-3,708403207;-2,75033395
-10,320772503;-11,511944517;-11,946559365;-10,592456051;-8,210761383;-6,483386197;-4,779581134;-4,154946573;-3,808532546;-3,782035428;-3,708403207
-8,56409689;-10,320772503;-11,511944517;-11,946559365;-10,592456051;-8,210761383;-6,483386197;-4,779581134;-4,154946573;-3,808532546;-3,782035428
-6,960323401;-8,56409689;-10,320772503;-11,511944517;-11,946559365;-10,592456051;-8,210761383;-6,483386197;-4,779581134;-4,154946573;-3,808532546
-7,373854661;-6,960323401;-8,56409689;-10,320772503;-11,511944517;-11,946559365;-10,592456051;-8,210761383;-6,483386197;-4,779581134;-4,154946573
-8,07251051;-7,373854661;-6,960323401;-8,56409689;-10,320772503;-11,511944517;-11,946559365;-10,592456051;-8,210761383;-6,483386197;-4,779581134
-8,949993555;-8,07251051;-7,373854661;-6,960323401;-8,56409689;-10,320772503;-11,511944517;-11,946559365;-10,592456051;-8,210761383;-6,483386197
-11,199329992;-8,949993555;-8,07251051;-7,373854661;-6,960323401;-8,56409689;-10,320772503;-11,511944517;-11,946559365;-10,592456051;-8,210761383
-12,642233737;-11,199329992;-8,949993555;-8,07251051;-7,373854661;-6,960323401;-8,56409689;-10,320772503;-11,511944517;-11,946559365;-10,592456051
-13,253283433;-12,642233737;-11,199329992;-8,949993555;-8,07251051;-7,373854661;-6,960323401;-8,56409689;-10,320772503;-11,511944517;-11,946559365
-11,486904502;-13,253283433;-12,642233737;-11,199329992;-8,949993555;-8,07251051;-7,373854661;-6,960323401;-8,56409689;-10,320772503;-11,511944517
-10,798569793;-11,486904502;-13,253283433;-12,642233737;-11,199329992;-8,949993555;-8,07251051;-7,373854661;-6,960323401;-8,56409689;-10,320772503
-11,762545854;-10,798569793;-11,486904502;-13,253283433;-12,642233737;-11,199329992;-8,949993555;-8,07251051;-7,373854661;-6,960323401;-8,56409689
-12,320883292;-11,762545854;-10,798569793;-11,486904502;-13,253283433;-12,642233737;-11,199329992;-8,949993555;-8,07251051;-7,373854661;-6,960323401
-16,381830005;-12,320883292;-11,762545854;-10,798569793;-11,486904502;-13,253283433;-12,642233737;-11,199329992;-8,949993555;-8,07251051;-7,373854661
-19,712587273;-16,381830005;-12,320883292;-11,762545854;-10,798569793;-11,486904502;-13,253283433;-12,642233737;-11,199329992;-8,949993555;-8,07251051
-22,226535513;-19,712587273;-16,381830005;-12,320883292;-11,762545854;-10,798569793;-11,486904502;-13,253283433;-12,642233737;-11,199329992;-8,949993555
-23,192369433;-22,226535513;-19,712587273;-16,381830005;-12,320883292;-11,762545854;-10,798569793;-11,486904502;-13,253283433;-12,642233737;-11,199329992
-23,225223295;-23,192369433;-22,226535513;-19,712587273;-16,381830005;-12,320883292;-11,762545854;-10,798569793;-11,486904502;-13,253283433;-12,642233737
-21,838097793;-23,225223295;-23,192369433;-22,226535513;-19,712587273;-16,381830005;-12,320883292;-11,762545854;-10,798569793;-11,486904502;-13,253283433
-20,135341046;-21,838097793;-23,225223295;-23,192369433;-22,226535513;-19,712587273;-16,381830005;-12,320883292;-11,762545854;-10,798569793;-11,486904502
-18,367542782;-20,135341046;-21,838097793;-23,225223295;-23,192369433;-22,226535513;-19,712587273;-16,381830005;-12,320883292;-11,762545854;-10,798569793
-18,142803367;-18,367542782;-20,135341046;-21,838097793;-23,225223295;-23,192369433;-22,226535513;-19,712587273;-16,381830005;-12,320883292;-11,762545854
-19,206430287;-18,142803367;-18,367542782;-20,135341046;-21,838097793;-23,225223295;-23,192369433;-22,226535513;-19,712587273;-16,381830005;-12,320883292
-18,580049391;-19,206430287;-18,142803367;-18,367542782;-20,135341046;-21,838097793;-23,225223295;-23,192369433;-22,226535513;-19,712587273;-16,381830005
-18,782720545;-18,580049391;-19,206430287;-18,142803367;-18,367542782;-20,135341046;-21,838097793;-23,225223295;-23,192369433;-22,226535513;-19,712587273
-16,942023659;-18,782720545;-18,580049391;-19,206430287;-18,142803367;-18,367542782;-20,135341046;-21,838097793;-23,225223295;-23,192369433;-22,226535513
-15,017227328;-16,942023659;-18,782720545;-18,580049391;-19,206430287;-18,142803367;-18,367542782;-20,135341046;-21,838097793;-23,225223295;-23,192369433
-11,841362691;-15,017227328;-16,942023659;-18,782720545;-18,580049391;-19,206430287;-18,142803367;-18,367542782;-20,135341046;-21,838097793;-23,225223295
-10,539854444;-11,841362691;-15,017227328;-16,942023659;-18,782720545;-18,580049391;-19,206430287;-18,142803367;-18,367542782;-20,135341046;-21,838097793
-9,854706334;-10,539854444;-11,841362691;-15,017227328;-16,942023659;-18,782720545;-18,580049391;-19,206430287;-18,142803367;-18,367542782;-20,135341046
-7,412423426;-9,854706334;-10,539854444;-11,841362691;-15,017227328;-16,942023659;-18,782720545;-18,580049391;-19,206430287;-18,142803367;-18,367542782
-6,780098168;-7,412423426;-9,854706334;-10,539854444;-11,841362691;-15,017227328;-16,942023659;-18,782720545;-18,580049391;-19,206430287;-18,142803367
-6,836862507;-6,780098168;-7,412423426;-9,854706334;-10,539854444;-11,841362691;-15,017227328;-16,942023659;-18,782720545;-18,580049391;-19,206430287
-7,425586362;-6,836862507;-6,780098168;-7,412423426;-9,854706334;-10,539854444;-11,841362691;-15,017227328;-16,942023659;-18,782720545;-18,580049391
-7,042016706;-7,425586362;-6,836862507;-6,780098168;-7,412423426;-9,854706334;-10,539854444;-11,841362691;-15,017227328;-16,942023659;-18,782720545
-7,399123514;-7,042016706;-7,425586362;-6,836862507;-6,780098168;-7,412423426;-9,854706334;-10,539854444;-11,841362691;-15,017227328;-16,942023659
-7,302630399;-7,399123514;-7,042016706;-7,425586362;-6,836862507;-6,780098168;-7,412423426;-9,854706334;-10,539854444;-11,841362691;-15,017227328
-5,441893186;-7,302630399;-7,399123514;-7,042016706;-7,425586362;-6,836862507;-6,780098168;-7,412423426;-9,854706334;-10,539854444;-11,841362691
-3,782354723;-5,441893186;-7,302630399;-7,399123514;-7,042016706;-7,425586362;-6,836862507;-6,780098168;-7,412423426;-9,854706334;-10,539854444
-4,35206262;-3,782354723;-5,441893186;-7,302630399;-7,399123514;-7,042016706;-7,425586362;-6,836862507;-6,780098168;-7,412423426;-9,854706334
-4,665043559;-4,35206262;-3,782354723;-5,441893186;-7,302630399;-7,399123514;-7,042016706;-7,425586362;-6,836862507;-6,780098168;-7,412423426
-5,425790247;-4,665043559;-4,35206262;-3,782354723;-5,441893186;-7,302630399;-7,399123514;-7,042016706;-7,425586362;-6,836862507;-6,780098168
-7,480374173;-5,425790247;-4,665043559;-4,35206262;-3,782354723;-5,441893186;-7,302630399;-7,399123514;-7,042016706;-7,425586362;-6,836862507
-8,423516464;-7,480374173;-5,425790247;-4,665043559;-4,35206262;-3,782354723;-5,441893186;-7,302630399;-7,399123514;-7,042016706;-7,425586362
-8,483826396;-8,423516464;-7,480374173;-5,425790247;-4,665043559;-4,35206262;-3,782354723;-5,441893186;-7,302630399;-7,399123514;-7,042016706
-7,200263108;-8,483826396;-8,423516464;-7,480374173;-5,425790247;-4,665043559;-4,35206262;-3,782354723;-5,441893186;-7,302630399;-7,399123514
-6,084824542;-7,200263108;-8,483826396;-8,423516464;-7,480374173;-5,425790247;-4,665043559;-4,35206262;-3,782354723;-5,441893186;-7,302630399
-4,193772149;-6,084824542;-7,200263108;-8,483826396;-8,423516464;-7,480374173;-5,425790247;-4,665043559;-4,35206262;-3,782354723;-5,441893186
-3,328431615;-4,193772149;-6,084824542;-7,200263108;-8,483826396;-8,423516464;-7,480374173;-5,425790247;-4,665043559;-4,35206262;-3,782354723
-4,000000839;-3,328431615;-4,193772149;-6,084824542;-7,200263108;-8,483826396;-8,423516464;-7,480374173;-5,425790247;-4,665043559;-4,35206262
-4,236485408;-4,000000839;-3,328431615;-4,193772149;-6,084824542;-7,200263108;-8,483826396;-8,423516464;-7,480374173;-5,425790247;-4,665043559
-4,218946564;-4,236485408;-4,000000839;-3,328431615;-4,193772149;-6,084824542;-7,200263108;-8,483826396;-8,423516464;-7,480374173;-5,425790247
-3,800770746;-4,218946564;-4,236485408;-4,000000839;-3,328431615;-4,193772149;-6,084824542;-7,200263108;-8,483826396;-8,423516464;-7,480374173
-2,335940025;-3,800770746;-4,218946564;-4,236485408;-4,000000839;-3,328431615;-4,193772149;-6,084824542;-7,200263108;-8,483826396;-8,423516464
-0,319528769;-2,335940025;-3,800770746;-4,218946564;-4,236485408;-4,000000839;-3,328431615;-4,193772149;-6,084824542;-7,200263108;-8,483826396
0,434952249;-0,319528769;-2,335940025;-3,800770746;-4,218946564;-4,236485408;-4,000000839;-3,328431615;-4,193772149;-6,084824542;-7,200263108
0,771329615;0,434952249;-0,319528769;-2,335940025;-3,800770746;-4,218946564;-4,236485408;-4,000000839;-3,328431615;-4,193772149;-6,084824542
1,595698373;0,771329615;0,434952249;-0,319528769;-2,335940025;-3,800770746;-4,218946564;-4,236485408;-4,000000839;-3,328431615;-4,193772149
2,411698368;1,595698373;0,771329615;0,434952249;-0,319528769;-2,335940025;-3,800770746;-4,218946564;-4,236485408;-4,000000839;-3,328431615
1,737246709;2,411698368;1,595698373;0,771329615;0,434952249;-0,319528769;-2,335940025;-3,800770746;-4,218946564;-4,236485408;-4,000000839
1,255435824;1,737246709;2,411698368;1,595698373;0,771329615;0,434952249;-0,319528769;-2,335940025;-3,800770746;-4,218946564;-4,236485408
0,873765279;1,255435824;1,737246709;2,411698368;1,595698373;0,771329615;0,434952249;-0,319528769;-2,335940025;-3,800770746;-4,218946564
0,464573864;0,873765279;1,255435824;1,737246709;2,411698368;1,595698373;0,771329615;0,434952249;-0,319528769;-2,335940025;-3,800770746
0,808600773;0,464573864;0,873765279;1,255435824;1,737246709;2,411698368;1,595698373;0,771329615;0,434952249;-0,319528769;-2,335940025
0,516514573;0,808600773;0,464573864;0,873765279;1,255435824;1,737246709;2,411698368;1,595698373;0,771329615;0,434952249;-0,319528769
0,289260783;0,516514573;0,808600773;0,464573864;0,873765279;1,255435824;1,737246709;2,411698368;1,595698373;0,771329615;0,434952249
-0,506491998;0,289260783;0,516514573;0,808600773;0,464573864;0,873765279;1,255435824;1,737246709;2,411698368;1,595698373;0,771329615
-0,988032598;-0,506491998;0,289260783;0,516514573;0,808600773;0,464573864;0,873765279;1,255435824;1,737246709;2,411698368;1,595698373
-1,734466535;-0,988032598;-0,506491998;0,289260783;0,516514573;0,808600773;0,464573864;0,873765279;1,255435824;1,737246709;2,411698368
-3,647305486;-1,734466535;-0,988032598;-0,506491998;0,289260783;0,516514573;0,808600773;0,464573864;0,873765279;1,255435824;1,737246709
-4,947660955;-3,647305486;-1,734466535;-0,988032598;-0,506491998;0,289260783;0,516514573;0,808600773;0,464573864;0,873765279;1,255435824
-5,190295651;-4,947660955;-3,647305486;-1,734466535;-0,988032598;-0,506491998;0,289260783;0,516514573;0,808600773;0,464573864;0,873765279
-4,550177103;-5,190295651;-4,947660955;-3,647305486;-1,734466535;-0,988032598;-0,506491998;0,289260783;0,516514573;0,808600773;0,464573864
-4,125734898;-4,550177103;-5,190295651;-4,947660955;-3,647305486;-1,734466535;-0,988032598;-0,506491998;0,289260783;0,516514573;0,808600773
-3,539535873;-4,125734898;-4,550177103;-5,190295651;-4,947660955;-3,647305486;-1,734466535;-0,988032598;-0,506491998;0,289260783;0,516514573
-3,93115673;-3,539535873;-4,125734898;-4,550177103;-5,190295651;-4,947660955;-3,647305486;-1,734466535;-0,988032598;-0,506491998;0,289260783
-3,367093741;-3,93115673;-3,539535873;-4,125734898;-4,550177103;-5,190295651;-4,947660955;-3,647305486;-1,734466535;-0,988032598;-0,506491998
-4,215910458;-3,367093741;-3,93115673;-3,539535873;-4,125734898;-4,550177103;-5,190295651;-4,947660955;-3,647305486;-1,734466535;-0,988032598
-4,404313233;-4,215910458;-3,367093741;-3,93115673;-3,539535873;-4,125734898;-4,550177103;-5,190295651;-4,947660955;-3,647305486;-1,734466535
-3,926214383;-4,404313233;-4,215910458;-3,367093741;-3,93115673;-3,539535873;-4,125734898;-4,550177103;-5,190295651;-4,947660955;-3,647305486
-3,438111742;-3,926214383;-4,404313233;-4,215910458;-3,367093741;-3,93115673;-3,539535873;-4,125734898;-4,550177103;-5,190295651;-4,947660955
-2,32801803;-3,438111742;-3,926214383;-4,404313233;-4,215910458;-3,367093741;-3,93115673;-3,539535873;-4,125734898;-4,550177103;-5,190295651
-1,190015138;-2,32801803;-3,438111742;-3,926214383;-4,404313233;-4,215910458;-3,367093741;-3,93115673;-3,539535873;-4,125734898;-4,550177103
0,0682051489999999;-1,190015138;-2,32801803;-3,438111742;-3,926214383;-4,404313233;-4,215910458;-3,367093741;-3,93115673;-3,539535873;-4,125734898
-0,184103544;0,0682051489999999;-1,190015138;-2,32801803;-3,438111742;-3,926214383;-4,404313233;-4,215910458;-3,367093741;-3,93115673;-3,539535873
-0,0172674650000001;-0,184103544;0,0682051489999999;-1,190015138;-2,32801803;-3,438111742;-3,926214383;-4,404313233;-4,215910458;-3,367093741;-3,93115673
-1,120632268;-0,0172674650000001;-0,184103544;0,0682051489999999;-1,190015138;-2,32801803;-3,438111742;-3,926214383;-4,404313233;-4,215910458;-3,367093741
-1,288672678;-1,120632268;-0,0172674650000001;-0,184103544;0,0682051489999999;-1,190015138;-2,32801803;-3,438111742;-3,926214383;-4,404313233;-4,215910458
-2,233401201;-1,288672678;-1,120632268;-0,0172674650000001;-0,184103544;0,0682051489999999;-1,190015138;-2,32801803;-3,438111742;-3,926214383;-4,404313233
-2,101548272;-2,233401201;-1,288672678;-1,120632268;-0,0172674650000001;-0,184103544;0,0682051489999999;-1,190015138;-2,32801803;-3,438111742;-3,926214383
-1,737402237;-2,101548272;-2,233401201;-1,288672678;-1,120632268;-0,0172674650000001;-0,184103544;0,0682051489999999;-1,190015138;-2,32801803;-3,438111742
-1,840394203;-1,737402237;-2,101548272;-2,233401201;-1,288672678;-1,120632268;-0,0172674650000001;-0,184103544;0,0682051489999999;-1,190015138;-2,32801803
-1,067622503;-1,840394203;-1,737402237;-2,101548272;-2,233401201;-1,288672678;-1,120632268;-0,0172674650000001;-0,184103544;0,0682051489999999;-1,190015138
-0,852361993;-1,067622503;-1,840394203;-1,737402237;-2,101548272;-2,233401201;-1,288672678;-1,120632268;-0,0172674650000001;-0,184103544;0,0682051489999999
-0,938150599;-0,852361993;-1,067622503;-1,840394203;-1,737402237;-2,101548272;-2,233401201;-1,288672678;-1,120632268;-0,0172674650000001;-0,184103544
-2,541930707;-0,938150599;-0,852361993;-1,067622503;-1,840394203;-1,737402237;-2,101548272;-2,233401201;-1,288672678;-1,120632268;-0,0172674650000001
-2,614046063;-2,541930707;-0,938150599;-0,852361993;-1,067622503;-1,840394203;-1,737402237;-2,101548272;-2,233401201;-1,288672678;-1,120632268
-2,718142553;-2,614046063;-2,541930707;-0,938150599;-0,852361993;-1,067622503;-1,840394203;-1,737402237;-2,101548272;-2,233401201;-1,288672678
-2,218467919;-2,718142553;-2,614046063;-2,541930707;-0,938150599;-0,852361993;-1,067622503;-1,840394203;-1,737402237;-2,101548272;-2,233401201
-0,848356291;-2,218467919;-2,718142553;-2,614046063;-2,541930707;-0,938150599;-0,852361993;-1,067622503;-1,840394203;-1,737402237;-2,101548272
0,880209311;-0,848356291;-2,218467919;-2,718142553;-2,614046063;-2,541930707;-0,938150599;-0,852361993;-1,067622503;-1,840394203;-1,737402237
2,382433459;0,880209311;-0,848356291;-2,218467919;-2,718142553;-2,614046063;-2,541930707;-0,938150599;-0,852361993;-1,067622503;-1,840394203
3,239787443;2,382433459;0,880209311;-0,848356291;-2,218467919;-2,718142553;-2,614046063;-2,541930707;-0,938150599;-0,852361993;-1,067622503
4,601540856;3,239787443;2,382433459;0,880209311;-0,848356291;-2,218467919;-2,718142553;-2,614046063;-2,541930707;-0,938150599;-0,852361993
5,147957284;4,601540856;3,239787443;2,382433459;0,880209311;-0,848356291;-2,218467919;-2,718142553;-2,614046063;-2,541930707;-0,938150599
5,484463419;5,147957284;4,601540856;3,239787443;2,382433459;0,880209311;-0,848356291;-2,218467919;-2,718142553;-2,614046063;-2,541930707
5,718008455;5,484463419;5,147957284;4,601540856;3,239787443;2,382433459;0,880209311;-0,848356291;-2,218467919;-2,718142553;-2,614046063
7,982387706;5,718008455;5,484463419;5,147957284;4,601540856;3,239787443;2,382433459;0,880209311;-0,848356291;-2,218467919;-2,718142553
8,36236759;7,982387706;5,718008455;5,484463419;5,147957284;4,601540856;3,239787443;2,382433459;0,880209311;-0,848356291;-2,218467919
8,973630667;8,36236759;7,982387706;5,718008455;5,484463419;5,147957284;4,601540856;3,239787443;2,382433459;0,880209311;-0,848356291
10,933408748;8,973630667;8,36236759;7,982387706;5,718008455;5,484463419;5,147957284;4,601540856;3,239787443;2,382433459;0,880209311
11,194364587;10,933408748;8,973630667;8,36236759;7,982387706;5,718008455;5,484463419;5,147957284;4,601540856;3,239787443;2,382433459
11,959096395;11,194364587;10,933408748;8,973630667;8,36236759;7,982387706;5,718008455;5,484463419;5,147957284;4,601540856;3,239787443
12,08624392;11,959096395;11,194364587;10,933408748;8,973630667;8,36236759;7,982387706;5,718008455;5,484463419;5,147957284;4,601540856
12,09297045;12,08624392;11,959096395;11,194364587;10,933408748;8,973630667;8,36236759;7,982387706;5,718008455;5,484463419;5,147957284
12,311826055;12,09297045;12,08624392;11,959096395;11,194364587;10,933408748;8,973630667;8,36236759;7,982387706;5,718008455;5,484463419
12,349166986;12,311826055;12,09297045;12,08624392;11,959096395;11,194364587;10,933408748;8,973630667;8,36236759;7,982387706;5,718008455
11,36192256;12,349166986;12,311826055;12,09297045;12,08624392;11,959096395;11,194364587;10,933408748;8,973630667;8,36236759;7,982387706
12,091473466;11,36192256;12,349166986;12,311826055;12,09297045;12,08624392;11,959096395;11,194364587;10,933408748;8,973630667;8,36236759
11,94206873;12,091473466;11,36192256;12,349166986;12,311826055;12,09297045;12,08624392;11,959096395;11,194364587;10,933408748;8,973630667
12,628125577;11,94206873;12,091473466;11,36192256;12,349166986;12,311826055;12,09297045;12,08624392;11,959096395;11,194364587;10,933408748
13,224053689;12,628125577;11,94206873;12,091473466;11,36192256;12,349166986;12,311826055;12,09297045;12,08624392;11,959096395;11,194364587
11,723108587;13,224053689;12,628125577;11,94206873;12,091473466;11,36192256;12,349166986;12,311826055;12,09297045;12,08624392;11,959096395
11,671716436;11,723108587;13,224053689;12,628125577;11,94206873;12,091473466;11,36192256;12,349166986;12,311826055;12,09297045;12,08624392
11,051809505;11,671716436;11,723108587;13,224053689;12,628125577;11,94206873;12,091473466;11,36192256;12,349166986;12,311826055;12,09297045
10,842803246;11,051809505;11,671716436;11,723108587;13,224053689;12,628125577;11,94206873;12,091473466;11,36192256;12,349166986;12,311826055
10,910979901;10,842803246;11,051809505;11,671716436;11,723108587;13,224053689;12,628125577;11,94206873;12,091473466;11,36192256;12,349166986
10,087811411;10,910979901;10,842803246;11,051809505;11,671716436;11,723108587;13,224053689;12,628125577;11,94206873;12,091473466;11,36192256
9,379662177;10,087811411;10,910979901;10,842803246;11,051809505;11,671716436;11,723108587;13,224053689;12,628125577;11,94206873;12,091473466
12,273942396;9,379662177;10,087811411;10,910979901;10,842803246;11,051809505;11,671716436;11,723108587;13,224053689;12,628125577;11,94206873
12,536629259;12,273942396;9,379662177;10,087811411;10,910979901;10,842803246;11,051809505;11,671716436;11,723108587;13,224053689;12,628125577
11,245038094;12,536629259;12,273942396;9,379662177;10,087811411;10,910979901;10,842803246;11,051809505;11,671716436;11,723108587;13,224053689
10,595869403;11,245038094;12,536629259;12,273942396;9,379662177;10,087811411;10,910979901;10,842803246;11,051809505;11,671716436;11,723108587
10,613018215;10,595869403;11,245038094;12,536629259;12,273942396;9,379662177;10,087811411;10,910979901;10,842803246;11,051809505;11,671716436
9,985955274;10,613018215;10,595869403;11,245038094;12,536629259;12,273942396;9,379662177;10,087811411;10,910979901;10,842803246;11,051809505
10,047635438;9,985955274;10,613018215;10,595869403;11,245038094;12,536629259;12,273942396;9,379662177;10,087811411;10,910979901;10,842803246
9,506663061;10,047635438;9,985955274;10,613018215;10,595869403;11,245038094;12,536629259;12,273942396;9,379662177;10,087811411;10,910979901
9,239008754;9,506663061;10,047635438;9,985955274;10,613018215;10,595869403;11,245038094;12,536629259;12,273942396;9,379662177;10,087811411
8,123641192;9,239008754;9,506663061;10,047635438;9,985955274;10,613018215;10,595869403;11,245038094;12,536629259;12,273942396;9,379662177
8,857443856;8,123641192;9,239008754;9,506663061;10,047635438;9,985955274;10,613018215;10,595869403;11,245038094;12,536629259;12,273942396
10,482300056;8,857443856;8,123641192;9,239008754;9,506663061;10,047635438;9,985955274;10,613018215;10,595869403;11,245038094;12,536629259
9,10760082;10,482300056;8,857443856;8,123641192;9,239008754;9,506663061;10,047635438;9,985955274;10,613018215;10,595869403;11,245038094
8,009048579;9,10760082;10,482300056;8,857443856;8,123641192;9,239008754;9,506663061;10,047635438;9,985955274;10,613018215;10,595869403
8,592512298;8,009048579;9,10760082;10,482300056;8,857443856;8,123641192;9,239008754;9,506663061;10,047635438;9,985955274;10,613018215
10,202723536;8,592512298;8,009048579;9,10760082;10,482300056;8,857443856;8,123641192;9,239008754;9,506663061;10,047635438;9,985955274
10,79375337;10,202723536;8,592512298;8,009048579;9,10760082;10,482300056;8,857443856;8,123641192;9,239008754;9,506663061;10,047635438
14,536973014;10,79375337;10,202723536;8,592512298;8,009048579;9,10760082;10,482300056;8,857443856;8,123641192;9,239008754;9,506663061
13,944793914;14,536973014;10,79375337;10,202723536;8,592512298;8,009048579;9,10760082;10,482300056;8,857443856;8,123641192;9,239008754
15,138587997;13,944793914;14,536973014;10,79375337;10,202723536;8,592512298;8,009048579;9,10760082;10,482300056;8,857443856;8,123641192
16,539169465;15,138587997;13,944793914;14,536973014;10,79375337;10,202723536;8,592512298;8,009048579;9,10760082;10,482300056;8,857443856
18,417435837;16,539169465;15,138587997;13,944793914;14,536973014;10,79375337;10,202723536;8,592512298;8,009048579;9,10760082;10,482300056
18,425319659;18,417435837;16,539169465;15,138587997;13,944793914;14,536973014;10,79375337;10,202723536;8,592512298;8,009048579;9,10760082
17,657989683;18,425319659;18,417435837;16,539169465;15,138587997;13,944793914;14,536973014;10,79375337;10,202723536;8,592512298;8,009048579
17,362451344;17,657989683;18,425319659;18,417435837;16,539169465;15,138587997;13,944793914;14,536973014;10,79375337;10,202723536;8,592512298
18,804396505;17,362451344;17,657989683;18,425319659;18,417435837;16,539169465;15,138587997;13,944793914;14,536973014;10,79375337;10,202723536
19,453582486;18,804396505;17,362451344;17,657989683;18,425319659;18,417435837;16,539169465;15,138587997;13,944793914;14,536973014;10,79375337
18,782658234;19,453582486;18,804396505;17,362451344;17,657989683;18,425319659;18,417435837;16,539169465;15,138587997;13,944793914;14,536973014
18,220519458;18,782658234;19,453582486;18,804396505;17,362451344;17,657989683;18,425319659;18,417435837;16,539169465;15,138587997;13,944793914
16,335290301;18,220519458;18,782658234;19,453582486;18,804396505;17,362451344;17,657989683;18,425319659;18,417435837;16,539169465;15,138587997
17,879953985;16,335290301;18,220519458;18,782658234;19,453582486;18,804396505;17,362451344;17,657989683;18,425319659;18,417435837;16,539169465
18,007159608;17,879953985;16,335290301;18,220519458;18,782658234;19,453582486;18,804396505;17,362451344;17,657989683;18,425319659;18,417435837
17,599576982;18,007159608;17,879953985;16,335290301;18,220519458;18,782658234;19,453582486;18,804396505;17,362451344;17,657989683;18,425319659
16,704493695;17,599576982;18,007159608;17,879953985;16,335290301;18,220519458;18,782658234;19,453582486;18,804396505;17,362451344;17,657989683
15,296068919;16,704493695;17,599576982;18,007159608;17,879953985;16,335290301;18,220519458;18,782658234;19,453582486;18,804396505;17,362451344
14,56516468;15,296068919;16,704493695;17,599576982;18,007159608;17,879953985;16,335290301;18,220519458;18,782658234;19,453582486;18,804396505
15,988204278;14,56516468;15,296068919;16,704493695;17,599576982;18,007159608;17,879953985;16,335290301;18,220519458;18,782658234;19,453582486
16,192068258;15,988204278;14,56516468;15,296068919;16,704493695;17,599576982;18,007159608;17,879953985;16,335290301;18,220519458;18,782658234
16,436817221;16,192068258;15,988204278;14,56516468;15,296068919;16,704493695;17,599576982;18,007159608;17,879953985;16,335290301;18,220519458
16,688063577;16,436817221;16,192068258;15,988204278;14,56516468;15,296068919;16,704493695;17,599576982;18,007159608;17,879953985;16,335290301
16,905386779;16,688063577;16,436817221;16,192068258;15,988204278;14,56516468;15,296068919;16,704493695;17,599576982;18,007159608;17,879953985
16,920729212;16,905386779;16,688063577;16,436817221;16,192068258;15,988204278;14,56516468;15,296068919;16,704493695;17,599576982;18,007159608
17,6021851;16,920729212;16,905386779;16,688063577;16,436817221;16,192068258;15,988204278;14,56516468;15,296068919;16,704493695;17,599576982
17,221736393;17,6021851;16,920729212;16,905386779;16,688063577;16,436817221;16,192068258;15,988204278;14,56516468;15,296068919;16,704493695
16,681329953;17,221736393;17,6021851;16,920729212;16,905386779;16,688063577;16,436817221;16,192068258;15,988204278;14,56516468;15,296068919
16,499338606;16,681329953;17,221736393;17,6021851;16,920729212;16,905386779;16,688063577;16,436817221;16,192068258;15,988204278;14,56516468
17,803605223;16,499338606;16,681329953;17,221736393;17,6021851;16,920729212;16,905386779;16,688063577;16,436817221;16,192068258;15,988204278
19,02765921;17,803605223;16,499338606;16,681329953;17,221736393;17,6021851;16,920729212;16,905386779;16,688063577;16,436817221;16,192068258
18,862134903;19,02765921;17,803605223;16,499338606;16,681329953;17,221736393;17,6021851;16,920729212;16,905386779;16,688063577;16,436817221
18,644062211;18,862134903;19,02765921;17,803605223;16,499338606;16,681329953;17,221736393;17,6021851;16,920729212;16,905386779;16,688063577
18,881997924;18,644062211;18,862134903;19,02765921;17,803605223;16,499338606;16,681329953;17,221736393;17,6021851;16,920729212;16,905386779
19,807571337;18,881997924;18,644062211;18,862134903;19,02765921;17,803605223;16,499338606;16,681329953;17,221736393;17,6021851;16,920729212
20,554588663;19,807571337;18,881997924;18,644062211;18,862134903;19,02765921;17,803605223;16,499338606;16,681329953;17,221736393;17,6021851
20,687300955;20,554588663;19,807571337;18,881997924;18,644062211;18,862134903;19,02765921;17,803605223;16,499338606;16,681329953;17,221736393
18,987868385;20,687300955;20,554588663;19,807571337;18,881997924;18,644062211;18,862134903;19,02765921;17,803605223;16,499338606;16,681329953
18,144123257;18,987868385;20,687300955;20,554588663;19,807571337;18,881997924;18,644062211;18,862134903;19,02765921;17,803605223;16,499338606
18,945241653;18,144123257;18,987868385;20,687300955;20,554588663;19,807571337;18,881997924;18,644062211;18,862134903;19,02765921;17,803605223
20,219480957;18,945241653;18,144123257;18,987868385;20,687300955;20,554588663;19,807571337;18,881997924;18,644062211;18,862134903;19,02765921
20,421572271;20,219480957;18,945241653;18,144123257;18,987868385;20,687300955;20,554588663;19,807571337;18,881997924;18,644062211;18,862134903
20,404907864;20,421572271;20,219480957;18,945241653;18,144123257;18,987868385;20,687300955;20,554588663;19,807571337;18,881997924;18,644062211
20,159226574;20,404907864;20,421572271;20,219480957;18,945241653;18,144123257;18,987868385;20,687300955;20,554588663;19,807571337;18,881997924
20,757485046;20,159226574;20,404907864;20,421572271;20,219480957;18,945241653;18,144123257;18,987868385;20,687300955;20,554588663;19,807571337
20,838667017;20,757485046;20,159226574;20,404907864;20,421572271;20,219480957;18,945241653;18,144123257;18,987868385;20,687300955;20,554588663
18,989272525;20,838667017;20,757485046;20,159226574;20,404907864;20,421572271;20,219480957;18,945241653;18,144123257;18,987868385;20,687300955
17,75730089;18,989272525;20,838667017;20,757485046;20,159226574;20,404907864;20,421572271;20,219480957;18,945241653;18,144123257;18,987868385
14,843343346;17,75730089;18,989272525;20,838667017;20,757485046;20,159226574;20,404907864;20,421572271;20,219480957;18,945241653;18,144123257
15,795770698;14,843343346;17,75730089;18,989272525;20,838667017;20,757485046;20,159226574;20,404907864;20,421572271;20,219480957;18,945241653
17,749205845;15,795770698;14,843343346;17,75730089;18,989272525;20,838667017;20,757485046;20,159226574;20,404907864;20,421572271;20,219480957
17,302100739;17,749205845;15,795770698;14,843343346;17,75730089;18,989272525;20,838667017;20,757485046;20,159226574;20,404907864;20,421572271
14,714572778;17,302100739;17,749205845;15,795770698;14,843343346;17,75730089;18,989272525;20,838667017;20,757485046;20,159226574;20,404907864
14,043059795;14,714572778;17,302100739;17,749205845;15,795770698;14,843343346;17,75730089;18,989272525;20,838667017;20,757485046;20,159226574
12,582626553;14,043059795;14,714572778;17,302100739;17,749205845;15,795770698;14,843343346;17,75730089;18,989272525;20,838667017;20,757485046
9,609116122;12,582626553;14,043059795;14,714572778;17,302100739;17,749205845;15,795770698;14,843343346;17,75730089;18,989272525;20,838667017
6,280048848;9,609116122;12,582626553;14,043059795;14,714572778;17,302100739;17,749205845;15,795770698;14,843343346;17,75730089;18,989272525
3,048769745;6,280048848;9,609116122;12,582626553;14,043059795;14,714572778;17,302100739;17,749205845;15,795770698;14,843343346;17,75730089
0,740340705;3,048769745;6,280048848;9,609116122;12,582626553;14,043059795;14,714572778;17,302100739;17,749205845;15,795770698;14,843343346
-2,256333318;0,740340705;3,048769745;6,280048848;9,609116122;12,582626553;14,043059795;14,714572778;17,302100739;17,749205845;15,795770698
-0,454865762;-2,256333318;0,740340705;3,048769745;6,280048848;9,609116122;12,582626553;14,043059795;14,714572778;17,302100739;17,749205845
-1,453752182;-0,454865762;-2,256333318;0,740340705;3,048769745;6,280048848;9,609116122;12,582626553;14,043059795;14,714572778;17,302100739
-4,168990887;-1,453752182;-0,454865762;-2,256333318;0,740340705;3,048769745;6,280048848;9,609116122;12,582626553;14,043059795;14,714572778
-6,991038112;-4,168990887;-1,453752182;-0,454865762;-2,256333318;0,740340705;3,048769745;6,280048848;9,609116122;12,582626553;14,043059795
-7,171930583;-6,991038112;-4,168990887;-1,453752182;-0,454865762;-2,256333318;0,740340705;3,048769745;6,280048848;9,609116122;12,582626553
-8,805946259;-7,171930583;-6,991038112;-4,168990887;-1,453752182;-0,454865762;-2,256333318;0,740340705;3,048769745;6,280048848;9,609116122
-10,257072952;-8,805946259;-7,171930583;-6,991038112;-4,168990887;-1,453752182;-0,454865762;-2,256333318;0,740340705;3,048769745;6,280048848
-10,232627341;-10,257072952;-8,805946259;-7,171930583;-6,991038112;-4,168990887;-1,453752182;-0,454865762;-2,256333318;0,740340705;3,048769745
-11,401018892;-10,232627341;-10,257072952;-8,805946259;-7,171930583;-6,991038112;-4,168990887;-1,453752182;-0,454865762;-2,256333318;0,740340705
-12,266849293;-11,401018892;-10,232627341;-10,257072952;-8,805946259;-7,171930583;-6,991038112;-4,168990887;-1,453752182;-0,454865762;-2,256333318
-12,258050602;-12,266849293;-11,401018892;-10,232627341;-10,257072952;-8,805946259;-7,171930583;-6,991038112;-4,168990887;-1,453752182;-0,454865762
-11,642531545;-12,258050602;-12,266849293;-11,401018892;-10,232627341;-10,257072952;-8,805946259;-7,171930583;-6,991038112;-4,168990887;-1,453752182
-15,117967316;-11,642531545;-12,258050602;-12,266849293;-11,401018892;-10,232627341;-10,257072952;-8,805946259;-7,171930583;-6,991038112;-4,168990887
-18,890305052;-15,117967316;-11,642531545;-12,258050602;-12,266849293;-11,401018892;-10,232627341;-10,257072952;-8,805946259;-7,171930583;-6,991038112
-23,155714895;-18,890305052;-15,117967316;-11,642531545;-12,258050602;-12,266849293;-11,401018892;-10,232627341;-10,257072952;-8,805946259;-7,171930583
-25,05917462;-23,155714895;-18,890305052;-15,117967316;-11,642531545;-12,258050602;-12,266849293;-11,401018892;-10,232627341;-10,257072952;-8,805946259
-27,207425463;-25,05917462;-23,155714895;-18,890305052;-15,117967316;-11,642531545;-12,258050602;-12,266849293;-11,401018892;-10,232627341;-10,257072952
-29,1765547;-27,207425463;-25,05917462;-23,155714895;-18,890305052;-15,117967316;-11,642531545;-12,258050602;-12,266849293;-11,401018892;-10,232627341
-30,974961704;-29,1765547;-27,207425463;-25,05917462;-23,155714895;-18,890305052;-15,117967316;-11,642531545;-12,258050602;-12,266849293;-11,401018892
-32,399033191;-30,974961704;-29,1765547;-27,207425463;-25,05917462;-23,155714895;-18,890305052;-15,117967316;-11,642531545;-12,258050602;-12,266849293
-34,058607102;-32,399033191;-30,974961704;-29,1765547;-27,207425463;-25,05917462;-23,155714895;-18,890305052;-15,117967316;-11,642531545;-12,258050602
-36,711029842;-34,058607102;-32,399033191;-30,974961704;-29,1765547;-27,207425463;-25,05917462;-23,155714895;-18,890305052;-15,117967316;-11,642531545
-38,376845667;-36,711029842;-34,058607102;-32,399033191;-30,974961704;-29,1765547;-27,207425463;-25,05917462;-23,155714895;-18,890305052;-15,117967316
-38,327446568;-38,376845667;-36,711029842;-34,058607102;-32,399033191;-30,974961704;-29,1765547;-27,207425463;-25,05917462;-23,155714895;-18,890305052
-37,776262568;-38,327446568;-38,376845667;-36,711029842;-34,058607102;-32,399033191;-30,974961704;-29,1765547;-27,207425463;-25,05917462;-23,155714895
-34,653145563;-37,776262568;-38,327446568;-38,376845667;-36,711029842;-34,058607102;-32,399033191;-30,974961704;-29,1765547;-27,207425463;-25,05917462
-28,553969624;-34,653145563;-37,776262568;-38,327446568;-38,376845667;-36,711029842;-34,058607102;-32,399033191;-30,974961704;-29,1765547;-27,207425463
-26,20812743;-28,553969624;-34,653145563;-37,776262568;-38,327446568;-38,376845667;-36,711029842;-34,058607102;-32,399033191;-30,974961704;-29,1765547
-25,660110222;-26,20812743;-28,553969624;-34,653145563;-37,776262568;-38,327446568;-38,376845667;-36,711029842;-34,058607102;-32,399033191;-30,974961704
-25,777685577;-25,660110222;-26,20812743;-28,553969624;-34,653145563;-37,776262568;-38,327446568;-38,376845667;-36,711029842;-34,058607102;-32,399033191
-24,297963237;-25,777685577;-25,660110222;-26,20812743;-28,553969624;-34,653145563;-37,776262568;-38,327446568;-38,376845667;-36,711029842;-34,058607102
-23,9800168;-24,297963237;-25,777685577;-25,660110222;-26,20812743;-28,553969624;-34,653145563;-37,776262568;-38,327446568;-38,376845667;-36,711029842
-21,82226924;-23,9800168;-24,297963237;-25,777685577;-25,660110222;-26,20812743;-28,553969624;-34,653145563;-37,776262568;-38,327446568;-38,376845667
-20,080210154;-21,82226924;-23,9800168;-24,297963237;-25,777685577;-25,660110222;-26,20812743;-28,553969624;-34,653145563;-37,776262568;-38,327446568
-16,740425631;-20,080210154;-21,82226924;-23,9800168;-24,297963237;-25,777685577;-25,660110222;-26,20812743;-28,553969624;-34,653145563;-37,776262568
-16,696512374;-16,740425631;-20,080210154;-21,82226924;-23,9800168;-24,297963237;-25,777685577;-25,660110222;-26,20812743;-28,553969624;-34,653145563
-14,83733195;-16,696512374;-16,740425631;-20,080210154;-21,82226924;-23,9800168;-24,297963237;-25,777685577;-25,660110222;-26,20812743;-28,553969624
-16,592965829;-14,83733195;-16,696512374;-16,740425631;-20,080210154;-21,82226924;-23,9800168;-24,297963237;-25,777685577;-25,660110222;-26,20812743
-19,909340787;-16,592965829;-14,83733195;-16,696512374;-16,740425631;-20,080210154;-21,82226924;-23,9800168;-24,297963237;-25,777685577;-25,660110222
-20,112794496;-19,909340787;-16,592965829;-14,83733195;-16,696512374;-16,740425631;-20,080210154;-21,82226924;-23,9800168;-24,297963237;-25,777685577
-19,192545371;-20,112794496;-19,909340787;-16,592965829;-14,83733195;-16,696512374;-16,740425631;-20,080210154;-21,82226924;-23,9800168;-24,297963237
-16,927562767;-19,192545371;-20,112794496;-19,909340787;-16,592965829;-14,83733195;-16,696512374;-16,740425631;-20,080210154;-21,82226924;-23,9800168
-16,928219232;-16,927562767;-19,192545371;-20,112794496;-19,909340787;-16,592965829;-14,83733195;-16,696512374;-16,740425631;-20,080210154;-21,82226924
-16,167451036;-16,928219232;-16,927562767;-19,192545371;-20,112794496;-19,909340787;-16,592965829;-14,83733195;-16,696512374;-16,740425631;-20,080210154
-16,774691791;-16,167451036;-16,928219232;-16,927562767;-19,192545371;-20,112794496;-19,909340787;-16,592965829;-14,83733195;-16,696512374;-16,740425631
-16,129088351;-16,774691791;-16,167451036;-16,928219232;-16,927562767;-19,192545371;-20,112794496;-19,909340787;-16,592965829;-14,83733195;-16,696512374
-18,786175613;-16,129088351;-16,774691791;-16,167451036;-16,928219232;-16,927562767;-19,192545371;-20,112794496;-19,909340787;-16,592965829;-14,83733195
-20,001416078;-18,786175613;-16,129088351;-16,774691791;-16,167451036;-16,928219232;-16,927562767;-19,192545371;-20,112794496;-19,909340787;-16,592965829
-21,266282438;-20,001416078;-18,786175613;-16,129088351;-16,774691791;-16,167451036;-16,928219232;-16,927562767;-19,192545371;-20,112794496;-19,909340787
-21,929071986;-21,266282438;-20,001416078;-18,786175613;-16,129088351;-16,774691791;-16,167451036;-16,928219232;-16,927562767;-19,192545371;-20,112794496
-22,101324197;-21,929071986;-21,266282438;-20,001416078;-18,786175613;-16,129088351;-16,774691791;-16,167451036;-16,928219232;-16,927562767;-19,192545371
-23,084623983;-22,101324197;-21,929071986;-21,266282438;-20,001416078;-18,786175613;-16,129088351;-16,774691791;-16,167451036;-16,928219232;-16,927562767
-24,001372691;-23,084623983;-22,101324197;-21,929071986;-21,266282438;-20,001416078;-18,786175613;-16,129088351;-16,774691791;-16,167451036;-16,928219232
-26,001811258;-24,001372691;-23,084623983;-22,101324197;-21,929071986;-21,266282438;-20,001416078;-18,786175613;-16,129088351;-16,774691791;-16,167451036
-27,520026953;-26,001811258;-24,001372691;-23,084623983;-22,101324197;-21,929071986;-21,266282438;-20,001416078;-18,786175613;-16,129088351;-16,774691791
-28,86161235;-27,520026953;-26,001811258;-24,001372691;-23,084623983;-22,101324197;-21,929071986;-21,266282438;-20,001416078;-18,786175613;-16,129088351
-29,255395891;-28,86161235;-27,520026953;-26,001811258;-24,001372691;-23,084623983;-22,101324197;-21,929071986;-21,266282438;-20,001416078;-18,786175613
-27,885456071;-29,255395891;-28,86161235;-27,520026953;-26,001811258;-24,001372691;-23,084623983;-22,101324197;-21,929071986;-21,266282438;-20,001416078
-26,624836807;-27,885456071;-29,255395891;-28,86161235;-27,520026953;-26,001811258;-24,001372691;-23,084623983;-22,101324197;-21,929071986;-21,266282438
-25,687030141;-26,624836807;-27,885456071;-29,255395891;-28,86161235;-27,520026953;-26,001811258;-24,001372691;-23,084623983;-22,101324197;-21,929071986
-24,903021116;-25,687030141;-26,624836807;-27,885456071;-29,255395891;-28,86161235;-27,520026953;-26,001811258;-24,001372691;-23,084623983;-22,101324197
-22,953591064;-24,903021116;-25,687030141;-26,624836807;-27,885456071;-29,255395891;-28,86161235;-27,520026953;-26,001811258;-24,001372691;-23,084623983
-22,338860785;-22,953591064;-24,903021116;-25,687030141;-26,624836807;-27,885456071;-29,255395891;-28,86161235;-27,520026953;-26,001811258;-24,001372691
-20,594548853;-22,338860785;-22,953591064;-24,903021116;-25,687030141;-26,624836807;-27,885456071;-29,255395891;-28,86161235;-27,520026953;-26,001811258
-19,651836485;-20,594548853;-22,338860785;-22,953591064;-24,903021116;-25,687030141;-26,624836807;-27,885456071;-29,255395891;-28,86161235;-27,520026953
-17,947585798;-19,651836485;-20,594548853;-22,338860785;-22,953591064;-24,903021116;-25,687030141;-26,624836807;-27,885456071;-29,255395891;-28,86161235
-15,060440623;-17,947585798;-19,651836485;-20,594548853;-22,338860785;-22,953591064;-24,903021116;-25,687030141;-26,624836807;-27,885456071;-29,255395891
-11,685074369;-15,060440623;-17,947585798;-19,651836485;-20,594548853;-22,338860785;-22,953591064;-24,903021116;-25,687030141;-26,624836807;-27,885456071
-7,890370613;-11,685074369;-15,060440623;-17,947585798;-19,651836485;-20,594548853;-22,338860785;-22,953591064;-24,903021116;-25,687030141;-26,624836807
-6,060754402;-7,890370613;-11,685074369;-15,060440623;-17,947585798;-19,651836485;-20,594548853;-22,338860785;-22,953591064;-24,903021116;-25,687030141
-3,938361919;-6,060754402;-7,890370613;-11,685074369;-15,060440623;-17,947585798;-19,651836485;-20,594548853;-22,338860785;-22,953591064;-24,903021116
-2,823181593;-3,938361919;-6,060754402;-7,890370613;-11,685074369;-15,060440623;-17,947585798;-19,651836485;-20,594548853;-22,338860785;-22,953591064
-2,096388703;-2,823181593;-3,938361919;-6,060754402;-7,890370613;-11,685074369;-15,060440623;-17,947585798;-19,651836485;-20,594548853;-22,338860785
-1,933272833;-2,096388703;-2,823181593;-3,938361919;-6,060754402;-7,890370613;-11,685074369;-15,060440623;-17,947585798;-19,651836485;-20,594548853
0,421107169;-1,933272833;-2,096388703;-2,823181593;-3,938361919;-6,060754402;-7,890370613;-11,685074369;-15,060440623;-17,947585798;-19,651836485
1,753808372;0,421107169;-1,933272833;-2,096388703;-2,823181593;-3,938361919;-6,060754402;-7,890370613;-11,685074369;-15,060440623;-17,947585798
3,7554441;1,753808372;0,421107169;-1,933272833;-2,096388703;-2,823181593;-3,938361919;-6,060754402;-7,890370613;-11,685074369;-15,060440623
4,489151661;3,7554441;1,753808372;0,421107169;-1,933272833;-2,096388703;-2,823181593;-3,938361919;-6,060754402;-7,890370613;-11,685074369
6,761111858;4,489151661;3,7554441;1,753808372;0,421107169;-1,933272833;-2,096388703;-2,823181593;-3,938361919;-6,060754402;-7,890370613
8,221661108;6,761111858;4,489151661;3,7554441;1,753808372;0,421107169;-1,933272833;-2,096388703;-2,823181593;-3,938361919;-6,060754402
8,35183032;8,221661108;6,761111858;4,489151661;3,7554441;1,753808372;0,421107169;-1,933272833;-2,096388703;-2,823181593;-3,938361919
8,488692572;8,35183032;8,221661108;6,761111858;4,489151661;3,7554441;1,753808372;0,421107169;-1,933272833;-2,096388703;-2,823181593
9,110975987;8,488692572;8,35183032;8,221661108;6,761111858;4,489151661;3,7554441;1,753808372;0,421107169;-1,933272833;-2,096388703
10,393662456;9,110975987;8,488692572;8,35183032;8,221661108;6,761111858;4,489151661;3,7554441;1,753808372;0,421107169;-1,933272833
11,604963011;10,393662456;9,110975987;8,488692572;8,35183032;8,221661108;6,761111858;4,489151661;3,7554441;1,753808372;0,421107169
11,805485127;11,604963011;10,393662456;9,110975987;8,488692572;8,35183032;8,221661108;6,761111858;4,489151661;3,7554441;1,753808372
10,173623406;11,805485127;11,604963011;10,393662456;9,110975987;8,488692572;8,35183032;8,221661108;6,761111858;4,489151661;3,7554441
8,678124041;10,173623406;11,805485127;11,604963011;10,393662456;9,110975987;8,488692572;8,35183032;8,221661108;6,761111858;4,489151661
8,26876839;8,678124041;10,173623406;11,805485127;11,604963011;10,393662456;9,110975987;8,488692572;8,35183032;8,221661108;6,761111858
9,019709663;8,26876839;8,678124041;10,173623406;11,805485127;11,604963011;10,393662456;9,110975987;8,488692572;8,35183032;8,221661108
6,928425536;9,019709663;8,26876839;8,678124041;10,173623406;11,805485127;11,604963011;10,393662456;9,110975987;8,488692572;8,35183032
4,953785718;6,928425536;9,019709663;8,26876839;8,678124041;10,173623406;11,805485127;11,604963011;10,393662456;9,110975987;8,488692572
3,418984169;4,953785718;6,928425536;9,019709663;8,26876839;8,678124041;10,173623406;11,805485127;11,604963011;10,393662456;9,110975987
2,564724851;3,418984169;4,953785718;6,928425536;9,019709663;8,26876839;8,678124041;10,173623406;11,805485127;11,604963011;10,393662456
1,312287393;2,564724851;3,418984169;4,953785718;6,928425536;9,019709663;8,26876839;8,678124041;10,173623406;11,805485127;11,604963011
1,391271058;1,312287393;2,564724851;3,418984169;4,953785718;6,928425536;9,019709663;8,26876839;8,678124041;10,173623406;11,805485127
1,101671819;1,391271058;1,312287393;2,564724851;3,418984169;4,953785718;6,928425536;9,019709663;8,26876839;8,678124041;10,173623406
1,98286182;1,101671819;1,391271058;1,312287393;2,564724851;3,418984169;4,953785718;6,928425536;9,019709663;8,26876839;8,678124041
3,144165962;1,98286182;1,101671819;1,391271058;1,312287393;2,564724851;3,418984169;4,953785718;6,928425536;9,019709663;8,26876839
4,50307727;3,144165962;1,98286182;1,101671819;1,391271058;1,312287393;2,564724851;3,418984169;4,953785718;6,928425536;9,019709663
7,018331089;4,50307727;3,144165962;1,98286182;1,101671819;1,391271058;1,312287393;2,564724851;3,418984169;4,953785718;6,928425536
6,525018078;7,018331089;4,50307727;3,144165962;1,98286182;1,101671819;1,391271058;1,312287393;2,564724851;3,418984169;4,953785718
6,809830564;6,525018078;7,018331089;4,50307727;3,144165962;1,98286182;1,101671819;1,391271058;1,312287393;2,564724851;3,418984169
7,632242224;6,809830564;6,525018078;7,018331089;4,50307727;3,144165962;1,98286182;1,101671819;1,391271058;1,312287393;2,564724851
7,811218298;7,632242224;6,809830564;6,525018078;7,018331089;4,50307727;3,144165962;1,98286182;1,101671819;1,391271058;1,312287393
7,911399224;7,811218298;7,632242224;6,809830564;6,525018078;7,018331089;4,50307727;3,144165962;1,98286182;1,101671819;1,391271058
8,406890163;7,911399224;7,811218298;7,632242224;6,809830564;6,525018078;7,018331089;4,50307727;3,144165962;1,98286182;1,101671819
8,535716464;8,406890163;7,911399224;7,811218298;7,632242224;6,809830564;6,525018078;7,018331089;4,50307727;3,144165962;1,98286182
9,627115926;8,535716464;8,406890163;7,911399224;7,811218298;7,632242224;6,809830564;6,525018078;7,018331089;4,50307727;3,144165962
9,945997892;9,627115926;8,535716464;8,406890163;7,911399224;7,811218298;7,632242224;6,809830564;6,525018078;7,018331089;4,50307727
9,889948357;9,945997892;9,627115926;8,535716464;8,406890163;7,911399224;7,811218298;7,632242224;6,809830564;6,525018078;7,018331089
10,050449703;9,889948357;9,945997892;9,627115926;8,535716464;8,406890163;7,911399224;7,811218298;7,632242224;6,809830564;6,525018078
7,688036341;10,050449703;9,889948357;9,945997892;9,627115926;8,535716464;8,406890163;7,911399224;7,811218298;7,632242224;6,809830564
8,095649808;7,688036341;10,050449703;9,889948357;9,945997892;9,627115926;8,535716464;8,406890163;7,911399224;7,811218298;7,632242224
7,343633447;8,095649808;7,688036341;10,050449703;9,889948357;9,945997892;9,627115926;8,535716464;8,406890163;7,911399224;7,811218298
5,981164268;7,343633447;8,095649808;7,688036341;10,050449703;9,889948357;9,945997892;9,627115926;8,535716464;8,406890163;7,911399224
6,157586238;5,981164268;7,343633447;8,095649808;7,688036341;10,050449703;9,889948357;9,945997892;9,627115926;8,535716464;8,406890163
6,104503526;6,157586238;5,981164268;7,343633447;8,095649808;7,688036341;10,050449703;9,889948357;9,945997892;9,627115926;8,535716464
6,460702222;6,104503526;6,157586238;5,981164268;7,343633447;8,095649808;7,688036341;10,050449703;9,889948357;9,945997892;9,627115926
5,93805338;6,460702222;6,104503526;6,157586238;5,981164268;7,343633447;8,095649808;7,688036341;10,050449703;9,889948357;9,945997892
4,584739645;5,93805338;6,460702222;6,104503526;6,157586238;5,981164268;7,343633447;8,095649808;7,688036341;10,050449703;9,889948357
3,610025715;4,584739645;5,93805338;6,460702222;6,104503526;6,157586238;5,981164268;7,343633447;8,095649808;7,688036341;10,050449703
3,783871893;3,610025715;4,584739645;5,93805338;6,460702222;6,104503526;6,157586238;5,981164268;7,343633447;8,095649808;7,688036341
3,036459198;3,783871893;3,610025715;4,584739645;5,93805338;6,460702222;6,104503526;6,157586238;5,981164268;7,343633447;8,095649808
2,410274334;3,036459198;3,783871893;3,610025715;4,584739645;5,93805338;6,460702222;6,104503526;6,157586238;5,981164268;7,343633447
2,713501723;2,410274334;3,036459198;3,783871893;3,610025715;4,584739645;5,93805338;6,460702222;6,104503526;6,157586238;5,981164268
4,795617849;2,713501723;2,410274334;3,036459198;3,783871893;3,610025715;4,584739645;5,93805338;6,460702222;6,104503526;6,157586238
5,867897285;4,795617849;2,713501723;2,410274334;3,036459198;3,783871893;3,610025715;4,584739645;5,93805338;6,460702222;6,104503526
7,174721293;5,867897285;4,795617849;2,713501723;2,410274334;3,036459198;3,783871893;3,610025715;4,584739645;5,93805338;6,460702222
7,846715756;7,174721293;5,867897285;4,795617849;2,713501723;2,410274334;3,036459198;3,783871893;3,610025715;4,584739645;5,93805338
8,207994798;7,846715756;7,174721293;5,867897285;4,795617849;2,713501723;2,410274334;3,036459198;3,783871893;3,610025715;4,584739645
7,986070016;8,207994798;7,846715756;7,174721293;5,867897285;4,795617849;2,713501723;2,410274334;3,036459198;3,783871893;3,610025715
6,835092815;7,986070016;8,207994798;7,846715756;7,174721293;5,867897285;4,795617849;2,713501723;2,410274334;3,036459198;3,783871893
7,049575243;6,835092815;7,986070016;8,207994798;7,846715756;7,174721293;5,867897285;4,795617849;2,713501723;2,410274334;3,036459198
6,375410065;7,049575243;6,835092815;7,986070016;8,207994798;7,846715756;7,174721293;5,867897285;4,795617849;2,713501723;2,410274334
6,807790915;6,375410065;7,049575243;6,835092815;7,986070016;8,207994798;7,846715756;7,174721293;5,867897285;4,795617849;2,713501723
7,461566287;6,807790915;6,375410065;7,049575243;6,835092815;7,986070016;8,207994798;7,846715756;7,174721293;5,867897285;4,795617849
7,706139723;7,461566287;6,807790915;6,375410065;7,049575243;6,835092815;7,986070016;8,207994798;7,846715756;7,174721293;5,867897285
7,196211702;7,706139723;7,461566287;6,807790915;6,375410065;7,049575243;6,835092815;7,986070016;8,207994798;7,846715756;7,174721293
7,091347235;7,196211702;7,706139723;7,461566287;6,807790915;6,375410065;7,049575243;6,835092815;7,986070016;8,207994798;7,846715756
5,651586246;7,091347235;7,196211702;7,706139723;7,461566287;6,807790915;6,375410065;7,049575243;6,835092815;7,986070016;8,207994798
4,913394307;5,651586246;7,091347235;7,196211702;7,706139723;7,461566287;6,807790915;6,375410065;7,049575243;6,835092815;7,986070016
4,12210288;4,913394307;5,651586246;7,091347235;7,196211702;7,706139723;7,461566287;6,807790915;6,375410065;7,049575243;6,835092815
4,534033557;4,12210288;4,913394307;5,651586246;7,091347235;7,196211702;7,706139723;7,461566287;6,807790915;6,375410065;7,049575243
5,52878174;4,534033557;4,12210288;4,913394307;5,651586246;7,091347235;7,196211702;7,706139723;7,461566287;6,807790915;6,375410065
5,485022517;5,52878174;4,534033557;4,12210288;4,913394307;5,651586246;7,091347235;7,196211702;7,706139723;7,461566287;6,807790915
5,950037492;5,485022517;5,52878174;4,534033557;4,12210288;4,913394307;5,651586246;7,091347235;7,196211702;7,706139723;7,461566287
6,082020849;5,950037492;5,485022517;5,52878174;4,534033557;4,12210288;4,913394307;5,651586246;7,091347235;7,196211702;7,706139723
6,856544697;6,082020849;5,950037492;5,485022517;5,52878174;4,534033557;4,12210288;4,913394307;5,651586246;7,091347235;7,196211702
6,324908303;6,856544697;6,082020849;5,950037492;5,485022517;5,52878174;4,534033557;4,12210288;4,913394307;5,651586246;7,091347235
5,137043726;6,324908303;6,856544697;6,082020849;5,950037492;5,485022517;5,52878174;4,534033557;4,12210288;4,913394307;5,651586246
4,188629215;5,137043726;6,324908303;6,856544697;6,082020849;5,950037492;5,485022517;5,52878174;4,534033557;4,12210288;4,913394307
4,612640751;4,188629215;5,137043726;6,324908303;6,856544697;6,082020849;5,950037492;5,485022517;5,52878174;4,534033557;4,12210288
4,88374142;4,612640751;4,188629215;5,137043726;6,324908303;6,856544697;6,082020849;5,950037492;5,485022517;5,52878174;4,534033557
4,878538681;4,88374142;4,612640751;4,188629215;5,137043726;6,324908303;6,856544697;6,082020849;5,950037492;5,485022517;5,52878174
4,955864448;4,878538681;4,88374142;4,612640751;4,188629215;5,137043726;6,324908303;6,856544697;6,082020849;5,950037492;5,485022517
5,374411799;4,955864448;4,878538681;4,88374142;4,612640751;4,188629215;5,137043726;6,324908303;6,856544697;6,082020849;5,950037492
5,059855087;5,374411799;4,955864448;4,878538681;4,88374142;4,612640751;4,188629215;5,137043726;6,324908303;6,856544697;6,082020849
5,124173148;5,059855087;5,374411799;4,955864448;4,878538681;4,88374142;4,612640751;4,188629215;5,137043726;6,324908303;6,856544697
4,683398812;5,124173148;5,059855087;5,374411799;4,955864448;4,878538681;4,88374142;4,612640751;4,188629215;5,137043726;6,324908303
4,55062266;4,683398812;5,124173148;5,059855087;5,374411799;4,955864448;4,878538681;4,88374142;4,612640751;4,188629215;5,137043726
5,608391484;4,55062266;4,683398812;5,124173148;5,059855087;5,374411799;4,955864448;4,878538681;4,88374142;4,612640751;4,188629215
8,275830271;5,608391484;4,55062266;4,683398812;5,124173148;5,059855087;5,374411799;4,955864448;4,878538681;4,88374142;4,612640751
12,322833768;8,275830271;5,608391484;4,55062266;4,683398812;5,124173148;5,059855087;5,374411799;4,955864448;4,878538681;4,88374142
12,660137522;12,322833768;8,275830271;5,608391484;4,55062266;4,683398812;5,124173148;5,059855087;5,374411799;4,955864448;4,878538681
13,120333882;12,660137522;12,322833768;8,275830271;5,608391484;4,55062266;4,683398812;5,124173148;5,059855087;5,374411799;4,955864448
16,156569107;13,120333882;12,660137522;12,322833768;8,275830271;5,608391484;4,55062266;4,683398812;5,124173148;5,059855087;5,374411799
19,315231223;16,156569107;13,120333882;12,660137522;12,322833768;8,275830271;5,608391484;4,55062266;4,683398812;5,124173148;5,059855087
23,51513957;19,315231223;16,156569107;13,120333882;12,660137522;12,322833768;8,275830271;5,608391484;4,55062266;4,683398812;5,124173148
28,246532378;23,51513957;19,315231223;16,156569107;13,120333882;12,660137522;12,322833768;8,275830271;5,608391484;4,55062266;4,683398812
31,897310819;28,246532378;23,51513957;19,315231223;16,156569107;13,120333882;12,660137522;12,322833768;8,275830271;5,608391484;4,55062266
33,121159914;31,897310819;28,246532378;23,51513957;19,315231223;16,156569107;13,120333882;12,660137522;12,322833768;8,275830271;5,608391484
34,881049461;33,121159914;31,897310819;28,246532378;23,51513957;19,315231223;16,156569107;13,120333882;12,660137522;12,322833768;8,275830271
35,674208272;34,881049461;33,121159914;31,897310819;28,246532378;23,51513957;19,315231223;16,156569107;13,120333882;12,660137522;12,322833768
36,638228237;35,674208272;34,881049461;33,121159914;31,897310819;28,246532378;23,51513957;19,315231223;16,156569107;13,120333882;12,660137522
34,103943619;36,638228237;35,674208272;34,881049461;33,121159914;31,897310819;28,246532378;23,51513957;19,315231223;16,156569107;13,120333882
